[device/event] event=reset req=2
[device/event] event=clocks req=3
[device/event] event=decision req=4
[device/event] event=decision req=4
[device/event] event=decision req=4
[device/event] event=decision req=4
[device/event] event=decision req=4
[device/event] event=decision req=4
[device/event] event=decision req=4
[device/event] event=decision req=4
[device/event] event=decision req=4
[device/event] event=decision req=4
[device/event] event=decision req=4
[device/event] event=decision req=4
[device/event] event=decision req=4
[device/event] event=decision req=4
[device/event] event=decision req=4
[device/event] event=decision req=4
[device/event] event=decision req=4
[device/event] event=decision req=4
[device/event] event=decision req=4
[device/event] event=decision req=4
[device/event] event=decision req=4
[device/event] event=decision req=4
[device/event] event=decision req=4
[device/event] event=decision req=4
[device/event] event=decision req=4
[device/event] event=decision req=4
[device/event] event=decision req=4
[device/event] event=decision req=4
[device/event] event=decision req=4
[device/event] event=decision req=4
[device/event] event=decision req=4
[device/event] event=decision req=4
[device/event] event=decision req=4
[device/event] event=decision req=4
[device/event] event=decision req=4
[device/event] event=decision req=4
[device/event] event=decision req=4
[device/event] event=decision req=4
[device/event] event=decision req=4
[device/event] event=decision req=4
[device/event] event=decision req=4
[device/event] event=decision req=4
[device/event] event=decision req=4
[device/event] event=decision req=4
[device/event] event=decision req=4
[device/event] event=decision req=4
[device/event] event=decision req=4
[device/event] event=decision req=4
[device/event] event=decision req=4
[device/event] event=decision req=4
[device/event] event=decision req=4
[device/event] event=decision req=4
[device/event] event=decision req=4
[device/event] event=decision req=4
[device/event] event=decision req=4
[device/event] event=decision req=4
[device/event] event=decision req=4
[device/event] event=decision req=4
[device/event] event=decision req=4
[device/event] event=decision req=4
[device/event] event=decision req=4
[device/event] event=decision req=4
[device/event] event=decision req=4
[device/event] event=decision req=4
[device/event] event=decision req=4
[device/event] event=decision req=4
[device/event] event=decision req=4
[device/event] event=decision req=4
[device/event] event=decision req=4
[device/event] event=decision req=4
[device/event] event=decision req=4
[device/event] event=decision req=4
[device/event] event=decision req=4
[device/event] event=decision req=4
[device/event] event=decision req=4
[device/event] event=decision req=4
[device/event] event=decision req=4
[device/event] event=decision req=4
[device/event] event=decision req=4
[device/event] event=decision req=4
[device/event] event=decision req=4
[device/event] event=decision req=4
[device/event] event=decision req=4
[device/event] event=decision req=4
[device/event] event=decision req=4
[device/event] event=decision req=4
[device/event] event=decision req=4
[device/event] event=decision req=4
[device/event] event=decision req=4
[device/event] event=decision req=4
[device/event] event=decision req=4
[device/event] event=decision req=4
[device/event] event=decision req=4
[device/event] event=decision req=4
[device/event] event=decision req=4
[device/event] event=decision req=4
[device/event] event=decision req=4
[device/event] event=decision req=4
[device/event] event=decision req=4
[device/event] event=decision req=4
[device/event] event=decision req=4
[device/event] event=decision req=4
[device/event] event=run_complete req=4
[device/event] event=reset req=5
[device/event] event=decision req=6
[device/event] event=status req=7
[device/event] event=decision req=8
[device/event] event=decision req=9
[device/event] event=reset req=10
[device/event] event=clocks req=11
[device/event] event=decision req=12
[device/event] event=decision req=12
[device/event] event=decision req=12
[device/event] event=decision req=12
[device/event] event=decision req=12
[device/event] event=decision req=12
[device/event] event=decision req=12
[device/event] event=decision req=12
[device/event] event=decision req=12
[device/event] event=decision req=12
[device/event] event=decision req=12
[device/event] event=decision req=12
[device/event] event=decision req=12
[device/event] event=decision req=12
[device/event] event=decision req=12
[device/event] event=decision req=12
[device/event] event=decision req=12
[device/event] event=decision req=12
[device/event] event=decision req=12
[device/event] event=decision req=12
[device/event] event=decision req=12
[device/event] event=decision req=12
[device/event] event=decision req=12
[device/event] event=decision req=12
[device/event] event=decision req=12
[device/event] event=decision req=12
[device/event] event=decision req=12
[device/event] event=decision req=12
[device/event] event=decision req=12
[device/event] event=decision req=12
[device/event] event=decision req=12
[device/event] event=decision req=12
[device/event] event=decision req=12
[device/event] event=decision req=12
[device/event] event=decision req=12
[device/event] event=decision req=12
[device/event] event=decision req=12
[device/event] event=decision req=12
[device/event] event=decision req=12
[device/event] event=decision req=12
[device/event] event=decision req=12
[device/event] event=decision req=12
[device/event] event=decision req=12
[device/event] event=decision req=12
[device/event] event=decision req=12
[device/event] event=decision req=12
[device/event] event=decision req=12
[device/event] event=decision req=12
[device/event] event=decision req=12
[device/event] event=decision req=12
[device/event] event=decision req=12
[device/event] event=decision req=12
[device/event] event=decision req=12
[device/event] event=decision req=12
[device/event] event=decision req=12
[device/event] event=decision req=12
[device/event] event=decision req=12
[device/event] event=decision req=12
[device/event] event=decision req=12
[device/event] event=decision req=12
[device/event] event=decision req=12
[device/event] event=decision req=12
[device/event] event=decision req=12
[device/event] event=decision req=12
[device/event] event=decision req=12
[device/event] event=decision req=12
[device/event] event=decision req=12
[device/event] event=decision req=12
[device/event] event=decision req=12
[device/event] event=decision req=12
[device/event] event=decision req=12
[device/event] event=decision req=12
[device/event] event=decision req=12
[device/event] event=decision req=12
[device/event] event=decision req=12
[device/event] event=decision req=12
[device/event] event=decision req=12
[device/event] event=decision req=12
[device/event] event=decision req=12
[device/event] event=decision req=12
[device/event] event=decision req=12
[device/event] event=decision req=12
[device/event] event=decision req=12
[device/event] event=decision req=12
[device/event] event=decision req=12
[device/event] event=decision req=12
[device/event] event=decision req=12
[device/event] event=decision req=12
[device/event] event=decision req=12
[device/event] event=decision req=12
[device/event] event=decision req=12
[device/event] event=decision req=12
[device/event] event=decision req=12
[device/event] event=decision req=12
[device/event] event=decision req=12
[device/event] event=decision req=12
[device/event] event=decision req=12
[device/event] event=decision req=12
[device/event] event=decision req=12
[device/event] event=decision req=12
[device/event] event=decision req=12
[device/event] event=decision req=12
[device/event] event=run_complete req=12
[device/event] event=reset req=13
[device/event] event=clocks req=14
[device/event] event=decision req=15
[device/event] event=decision req=15
[device/event] event=decision req=15
[device/event] event=decision req=15
[device/event] event=decision req=15
[device/event] event=decision req=15
[device/event] event=decision req=15
[device/event] event=decision req=15
[device/event] event=decision req=15
[device/event] event=decision req=15
[device/event] event=decision req=15
[device/event] event=decision req=15
[device/event] event=decision req=15
[device/event] event=decision req=15
[device/event] event=decision req=15
[device/event] event=decision req=15
[device/event] event=decision req=15
[device/event] event=decision req=15
[device/event] event=decision req=15
[device/event] event=decision req=15
[device/event] event=decision req=15
[device/event] event=decision req=15
[device/event] event=decision req=15
[device/event] event=decision req=15
[device/event] event=decision req=15
[device/event] event=decision req=15
[device/event] event=decision req=15
[device/event] event=decision req=15
[device/event] event=decision req=15
[device/event] event=decision req=15
[device/event] event=decision req=15
[device/event] event=decision req=15
[device/event] event=decision req=15
[device/event] event=decision req=15
[device/event] event=decision req=15
[device/event] event=decision req=15
[device/event] event=decision req=15
[device/event] event=decision req=15
[device/event] event=decision req=15
[device/event] event=decision req=15
[device/event] event=decision req=15
[device/event] event=decision req=15
[device/event] event=decision req=15
[device/event] event=decision req=15
[device/event] event=decision req=15
[device/event] event=decision req=15
[device/event] event=decision req=15
[device/event] event=decision req=15
[device/event] event=decision req=15
[device/event] event=decision req=15
[device/event] event=decision req=15
[device/event] event=decision req=15
[device/event] event=decision req=15
[device/event] event=decision req=15
[device/event] event=decision req=15
[device/event] event=decision req=15
[device/event] event=decision req=15
[device/event] event=decision req=15
[device/event] event=decision req=15
[device/event] event=decision req=15
[device/event] event=decision req=15
[device/event] event=decision req=15
[device/event] event=decision req=15
[device/event] event=decision req=15
[device/event] event=decision req=15
[device/event] event=decision req=15
[device/event] event=decision req=15
[device/event] event=decision req=15
[device/event] event=decision req=15
[device/event] event=decision req=15
[device/event] event=decision req=15
[device/event] event=decision req=15
[device/event] event=decision req=15
[device/event] event=decision req=15
[device/event] event=decision req=15
[device/event] event=decision req=15
[device/event] event=decision req=15
[device/event] event=decision req=15
[device/event] event=decision req=15
[device/event] event=decision req=15
[device/event] event=decision req=15
[device/event] event=decision req=15
[device/event] event=decision req=15
[device/event] event=decision req=15
[device/event] event=decision req=15
[device/event] event=decision req=15
[device/event] event=decision req=15
[device/event] event=decision req=15
[device/event] event=decision req=15
[device/event] event=decision req=15
[device/event] event=decision req=15
[device/event] event=decision req=15
[device/event] event=decision req=15
[device/event] event=decision req=15
[device/event] event=decision req=15
[device/event] event=decision req=15
[device/event] event=decision req=15
[device/event] event=decision req=15
[device/event] event=decision req=15
[device/event] event=decision req=15
[device/event] event=decision req=15
[device/event] event=decision req=15
[device/event] event=run_complete req=15
[device/event] event=reset req=16
[device/event] event=clocks req=17
[device/event] event=decision req=18
[device/event] event=decision req=18
[device/event] event=decision req=18
[device/event] event=decision req=18
[device/event] event=decision req=18
[device/event] event=decision req=18
[device/event] event=decision req=18
[device/event] event=decision req=18
[device/event] event=decision req=18
[device/event] event=decision req=18
[device/event] event=decision req=18
[device/event] event=decision req=18
[device/event] event=decision req=18
[device/event] event=decision req=18
[device/event] event=decision req=18
[device/event] event=decision req=18
[device/event] event=decision req=18
[device/event] event=decision req=18
[device/event] event=decision req=18
[device/event] event=decision req=18
[device/event] event=decision req=18
[device/event] event=decision req=18
[device/event] event=decision req=18
[device/event] event=decision req=18
[device/event] event=decision req=18
[device/event] event=decision req=18
[device/event] event=decision req=18
[device/event] event=decision req=18
[device/event] event=decision req=18
[device/event] event=decision req=18
[device/event] event=decision req=18
[device/event] event=decision req=18
[device/event] event=decision req=18
[device/event] event=decision req=18
[device/event] event=decision req=18
[device/event] event=decision req=18
[device/event] event=decision req=18
[device/event] event=decision req=18
[device/event] event=decision req=18
[device/event] event=decision req=18
[device/event] event=decision req=18
[device/event] event=decision req=18
[device/event] event=decision req=18
[device/event] event=decision req=18
[device/event] event=decision req=18
[device/event] event=decision req=18
[device/event] event=decision req=18
[device/event] event=decision req=18
[device/event] event=decision req=18
[device/event] event=decision req=18
[device/event] event=decision req=18
[device/event] event=decision req=18
[device/event] event=decision req=18
[device/event] event=decision req=18
[device/event] event=decision req=18
[device/event] event=decision req=18
[device/event] event=decision req=18
[device/event] event=decision req=18
[device/event] event=decision req=18
[device/event] event=decision req=18
[device/event] event=decision req=18
[device/event] event=decision req=18
[device/event] event=decision req=18
[device/event] event=decision req=18
[device/event] event=decision req=18
[device/event] event=decision req=18
[device/event] event=decision req=18
[device/event] event=decision req=18
[device/event] event=decision req=18
[device/event] event=decision req=18
[device/event] event=decision req=18
[device/event] event=decision req=18
[device/event] event=decision req=18
[device/event] event=decision req=18
[device/event] event=decision req=18
[device/event] event=decision req=18
[device/event] event=decision req=18
[device/event] event=decision req=18
[device/event] event=decision req=18
[device/event] event=decision req=18
[device/event] event=decision req=18
[device/event] event=decision req=18
[device/event] event=decision req=18
[device/event] event=decision req=18
[device/event] event=decision req=18
[device/event] event=decision req=18
[device/event] event=decision req=18
[device/event] event=decision req=18
[device/event] event=decision req=18
[device/event] event=decision req=18
[device/event] event=decision req=18
[device/event] event=decision req=18
[device/event] event=decision req=18
[device/event] event=decision req=18
[device/event] event=decision req=18
[device/event] event=decision req=18
[device/event] event=decision req=18
[device/event] event=decision req=18
[device/event] event=decision req=18
[device/event] event=decision req=18
[device/event] event=decision req=18
[device/event] event=decision req=18
[device/event] event=run_complete req=18
[device/event] event=reset req=19
[device/event] event=clocks req=20
[device/event] event=decision req=21
[device/event] event=decision req=21
[device/event] event=decision req=21
[device/event] event=decision req=21
[device/event] event=decision req=21
[device/event] event=decision req=21
[device/event] event=decision req=21
[device/event] event=decision req=21
[device/event] event=decision req=21
[device/event] event=decision req=21
[device/event] event=decision req=21
[device/event] event=decision req=21
[device/event] event=decision req=21
[device/event] event=decision req=21
[device/event] event=decision req=21
[device/event] event=decision req=21
[device/event] event=decision req=21
[device/event] event=decision req=21
[device/event] event=decision req=21
[device/event] event=decision req=21
[device/event] event=decision req=21
[device/event] event=decision req=21
[device/event] event=decision req=21
[device/event] event=decision req=21
[device/event] event=decision req=21
[device/event] event=decision req=21
[device/event] event=decision req=21
[device/event] event=decision req=21
[device/event] event=decision req=21
[device/event] event=decision req=21
[device/event] event=decision req=21
[device/event] event=decision req=21
[device/event] event=decision req=21
[device/event] event=decision req=21
[device/event] event=decision req=21
[device/event] event=decision req=21
[device/event] event=decision req=21
[device/event] event=decision req=21
[device/event] event=decision req=21
[device/event] event=decision req=21
[device/event] event=decision req=21
[device/event] event=decision req=21
[device/event] event=decision req=21
[device/event] event=decision req=21
[device/event] event=decision req=21
[device/event] event=decision req=21
[device/event] event=decision req=21
[device/event] event=decision req=21
[device/event] event=decision req=21
[device/event] event=decision req=21
[device/event] event=decision req=21
[device/event] event=decision req=21
[device/event] event=decision req=21
[device/event] event=decision req=21
[device/event] event=decision req=21
[device/event] event=decision req=21
[device/event] event=decision req=21
[device/event] event=decision req=21
[device/event] event=decision req=21
[device/event] event=decision req=21
[device/event] event=decision req=21
[device/event] event=decision req=21
[device/event] event=decision req=21
[device/event] event=decision req=21
[device/event] event=decision req=21
[device/event] event=decision req=21
[device/event] event=decision req=21
[device/event] event=decision req=21
[device/event] event=decision req=21
[device/event] event=decision req=21
[device/event] event=decision req=21
[device/event] event=decision req=21
[device/event] event=decision req=21
[device/event] event=decision req=21
[device/event] event=decision req=21
[device/event] event=decision req=21
[device/event] event=decision req=21
[device/event] event=decision req=21
[device/event] event=decision req=21
[device/event] event=decision req=21
[device/event] event=decision req=21
[device/event] event=decision req=21
[device/event] event=decision req=21
[device/event] event=decision req=21
[device/event] event=decision req=21
[device/event] event=decision req=21
[device/event] event=decision req=21
[device/event] event=decision req=21
[device/event] event=decision req=21
[device/event] event=decision req=21
[device/event] event=decision req=21
[device/event] event=decision req=21
[device/event] event=decision req=21
[device/event] event=decision req=21
[device/event] event=decision req=21
[device/event] event=decision req=21
[device/event] event=decision req=21
[device/event] event=decision req=21
[device/event] event=decision req=21
[device/event] event=decision req=21
[device/event] event=decision req=21
[device/event] event=decision req=21
[device/event] event=run_complete req=21
[device/event] event=reset req=22
[device/event] event=freeze req=23
[device/event] event=decision req=24
[device/event] event=decision req=24
[device/event] event=decision req=24
[device/event] event=decision req=24
[device/event] event=decision req=24
[device/event] event=decision req=24
[device/event] event=decision req=24
[device/event] event=decision req=24
[device/event] event=decision req=24
[device/event] event=decision req=24
[device/event] event=decision req=24
[device/event] event=decision req=24
[device/event] event=decision req=24
[device/event] event=decision req=24
[device/event] event=decision req=24
[device/event] event=decision req=24
[device/event] event=decision req=24
[device/event] event=decision req=24
[device/event] event=decision req=24
[device/event] event=decision req=24
[device/event] event=decision req=24
[device/event] event=decision req=24
[device/event] event=decision req=24
[device/event] event=decision req=24
[device/event] event=decision req=24
[device/event] event=decision req=24
[device/event] event=decision req=24
[device/event] event=decision req=24
[device/event] event=decision req=24
[device/event] event=decision req=24
[device/event] event=decision req=24
[device/event] event=decision req=24
[device/event] event=decision req=24
[device/event] event=decision req=24
[device/event] event=decision req=24
[device/event] event=decision req=24
[device/event] event=decision req=24
[device/event] event=decision req=24
[device/event] event=decision req=24
[device/event] event=decision req=24
[device/event] event=decision req=24
[device/event] event=decision req=24
[device/event] event=decision req=24
[device/event] event=decision req=24
[device/event] event=decision req=24
[device/event] event=decision req=24
[device/event] event=decision req=24
[device/event] event=decision req=24
[device/event] event=decision req=24
[device/event] event=decision req=24
[device/event] event=decision req=24
[device/event] event=decision req=24
[device/event] event=decision req=24
[device/event] event=decision req=24
[device/event] event=decision req=24
[device/event] event=decision req=24
[device/event] event=decision req=24
[device/event] event=decision req=24
[device/event] event=decision req=24
[device/event] event=decision req=24
[device/event] event=decision req=24
[device/event] event=decision req=24
[device/event] event=decision req=24
[device/event] event=decision req=24
[device/event] event=decision req=24
[device/event] event=decision req=24
[device/event] event=decision req=24
[device/event] event=decision req=24
[device/event] event=decision req=24
[device/event] event=decision req=24
[device/event] event=decision req=24
[device/event] event=decision req=24
[device/event] event=decision req=24
[device/event] event=decision req=24
[device/event] event=decision req=24
[device/event] event=decision req=24
[device/event] event=decision req=24
[device/event] event=decision req=24
[device/event] event=decision req=24
[device/event] event=decision req=24
[device/event] event=decision req=24
[device/event] event=decision req=24
[device/event] event=decision req=24
[device/event] event=decision req=24
[device/event] event=decision req=24
[device/event] event=decision req=24
[device/event] event=decision req=24
[device/event] event=decision req=24
[device/event] event=decision req=24
[device/event] event=decision req=24
[device/event] event=decision req=24
[device/event] event=decision req=24
[device/event] event=decision req=24
[device/event] event=decision req=24
[device/event] event=decision req=24
[device/event] event=decision req=24
[device/event] event=decision req=24
[device/event] event=decision req=24
[device/event] event=decision req=24
[device/event] event=decision req=24
[device/event] event=decision req=24
[device/event] event=decision req=24
[device/event] event=run_complete req=24
[device/event] event=freeze req=25
[device/event] event=reset req=26
[device/event] event=freeze req=27
[device/event] event=decision req=28
[device/event] event=decision req=28
[device/event] event=decision req=28
[device/event] event=decision req=28
[device/event] event=decision req=28
[device/event] event=decision req=28
[device/event] event=decision req=28
[device/event] event=decision req=28
[device/event] event=decision req=28
[device/event] event=decision req=28
[device/event] event=decision req=28
[device/event] event=decision req=28
[device/event] event=decision req=28
[device/event] event=decision req=28
[device/event] event=decision req=28
[device/event] event=decision req=28
[device/event] event=decision req=28
[device/event] event=decision req=28
[device/event] event=decision req=28
[device/event] event=decision req=28
[device/event] event=decision req=28
[device/event] event=decision req=28
[device/event] event=decision req=28
[device/event] event=decision req=28
[device/event] event=decision req=28
[device/event] event=decision req=28
[device/event] event=decision req=28
[device/event] event=decision req=28
[device/event] event=decision req=28
[device/event] event=decision req=28
[device/event] event=decision req=28
[device/event] event=decision req=28
[device/event] event=decision req=28
[device/event] event=decision req=28
[device/event] event=decision req=28
[device/event] event=decision req=28
[device/event] event=decision req=28
[device/event] event=decision req=28
[device/event] event=decision req=28
[device/event] event=decision req=28
[device/event] event=decision req=28
[device/event] event=decision req=28
[device/event] event=decision req=28
[device/event] event=decision req=28
[device/event] event=decision req=28
[device/event] event=decision req=28
[device/event] event=decision req=28
[device/event] event=decision req=28
[device/event] event=decision req=28
[device/event] event=decision req=28
[device/event] event=decision req=28
[device/event] event=decision req=28
[device/event] event=decision req=28
[device/event] event=decision req=28
[device/event] event=decision req=28
[device/event] event=decision req=28
[device/event] event=decision req=28
[device/event] event=decision req=28
[device/event] event=decision req=28
[device/event] event=decision req=28
[device/event] event=decision req=28
[device/event] event=decision req=28
[device/event] event=decision req=28
[device/event] event=decision req=28
[device/event] event=decision req=28
[device/event] event=decision req=28
[device/event] event=decision req=28
[device/event] event=decision req=28
[device/event] event=decision req=28
[device/event] event=decision req=28
[device/event] event=decision req=28
[device/event] event=decision req=28
[device/event] event=decision req=28
[device/event] event=decision req=28
[device/event] event=decision req=28
[device/event] event=decision req=28
[device/event] event=decision req=28
[device/event] event=decision req=28
[device/event] event=decision req=28
[device/event] event=decision req=28
[device/event] event=decision req=28
[device/event] event=decision req=28
[device/event] event=decision req=28
[device/event] event=decision req=28
[device/event] event=decision req=28
[device/event] event=decision req=28
[device/event] event=decision req=28
[device/event] event=decision req=28
[device/event] event=decision req=28
[device/event] event=decision req=28
[device/event] event=decision req=28
[device/event] event=decision req=28
[device/event] event=decision req=28
[device/event] event=decision req=28
[device/event] event=decision req=28
[device/event] event=decision req=28
[device/event] event=decision req=28
[device/event] event=decision req=28
[device/event] event=decision req=28
[device/event] event=decision req=28
[device/event] event=decision req=28
[device/event] event=decision req=28
[device/event] event=run_complete req=28
[device/event] event=freeze req=29
[device/event] event=status req=30
[device/event] event=reset req=31
[device/event] event=status req=32
[device/event] event=decision req=33
[device/event] event=status req=34
[device/event] event=reset req=35
[device/event] event=status req=36
[device/event] event=decision req=37
[device/event] event=status req=38
[device/event] event=reset req=39
[device/event] event=status req=40
[device/event] event=decision req=41
[device/event] event=status req=42
[device/event] event=reset req=43
[device/event] event=status req=44
[device/event] event=decision req=45
[device/event] event=status req=46
[device/event] event=reset req=47
[device/event] event=status req=48
[device/event] event=decision req=49
[device/event] event=status req=50
[device/event] event=reset req=51
[device/event] event=status req=52
[device/event] event=decision req=53
[device/event] event=status req=54
[device/event] event=status req=55
[device/event] event=freeze req=56
[device/event] event=freeze req=57
[device/event] event=reset req=58
[device/event] event=clocks req=59
[device/event] event=decision req=60
[device/event] event=decision req=60
[device/event] event=decision req=60
[device/event] event=decision req=60
[device/event] event=run_complete req=60
[device/event] event=reset req=61
[device/event] event=status req=62
[device/event] event=decision req=63
[device/event] event=status req=64
[device/event] event=reset req=65
[device/event] event=clocks req=66
[device/event] event=decision req=67
[device/event] event=decision req=67
[device/event] event=decision req=67
[device/event] event=decision req=67
[device/event] event=run_complete req=67
[device/event] event=freeze req=68
[device/event] event=freeze req=69
[device/event] event=reset req=70
[device/event] event=clocks req=71
[device/event] event=decision req=72
[device/event] event=decision req=72
[device/event] event=decision req=72
[device/event] event=decision req=72
[device/event] event=decision req=72
[device/event] event=decision req=72
[device/event] event=decision req=72
[device/event] event=decision req=72
[device/event] event=decision req=72
[device/event] event=decision req=72
[device/event] event=decision req=72
[device/event] event=decision req=72
[device/event] event=decision req=72
[device/event] event=decision req=72
[device/event] event=decision req=72
[device/event] event=decision req=72
[device/event] event=decision req=72
[device/event] event=decision req=72
[device/event] event=decision req=72
[device/event] event=decision req=72
[device/event] event=decision req=72
[device/event] event=decision req=72
[device/event] event=decision req=72
[device/event] event=decision req=72
[device/event] event=decision req=72
[device/event] event=decision req=72
[device/event] event=decision req=72
[device/event] event=decision req=72
[device/event] event=decision req=72
[device/event] event=decision req=72
[device/event] event=decision req=72
[device/event] event=decision req=72
[device/event] event=decision req=72
[device/event] event=decision req=72
[device/event] event=decision req=72
[device/event] event=decision req=72
[device/event] event=decision req=72
[device/event] event=decision req=72
[device/event] event=decision req=72
[device/event] event=decision req=72
[device/event] event=decision req=72
[device/event] event=decision req=72
[device/event] event=decision req=72
[device/event] event=decision req=72
[device/event] event=decision req=72
[device/event] event=decision req=72
[device/event] event=decision req=72
[device/event] event=decision req=72
[device/event] event=decision req=72
[device/event] event=decision req=72
[device/event] event=decision req=72
[device/event] event=decision req=72
[device/event] event=decision req=72
[device/event] event=decision req=72
[device/event] event=decision req=72
[device/event] event=decision req=72
[device/event] event=decision req=72
[device/event] event=decision req=72
[device/event] event=decision req=72
[device/event] event=decision req=72
[device/event] event=decision req=72
[device/event] event=decision req=72
[device/event] event=decision req=72
[device/event] event=decision req=72
[device/event] event=decision req=72
[device/event] event=decision req=72
[device/event] event=decision req=72
[device/event] event=decision req=72
[device/event] event=decision req=72
[device/event] event=decision req=72
[device/event] event=decision req=72
[device/event] event=decision req=72
[device/event] event=decision req=72
[device/event] event=decision req=72
[device/event] event=decision req=72
[device/event] event=decision req=72
[device/event] event=decision req=72
[device/event] event=decision req=72
[device/event] event=decision req=72
[device/event] event=decision req=72
[device/event] event=decision req=72
[device/event] event=decision req=72
[device/event] event=decision req=72
[device/event] event=decision req=72
[device/event] event=decision req=72
[device/event] event=decision req=72
[device/event] event=decision req=72
[device/event] event=decision req=72
[device/event] event=decision req=72
[device/event] event=decision req=72
[device/event] event=decision req=72
[device/event] event=decision req=72
[device/event] event=decision req=72
[device/event] event=decision req=72
[device/event] event=decision req=72
[device/event] event=decision req=72
[device/event] event=decision req=72
[device/event] event=decision req=72
[device/event] event=decision req=72
[device/event] event=decision req=72
[device/event] event=decision req=72
[device/event] event=decision req=72
[device/event] event=decision req=72
[device/event] event=decision req=72
[device/event] event=decision req=72
[device/event] event=decision req=72
[device/event] event=decision req=72
[device/event] event=decision req=72
[device/event] event=decision req=72
[device/event] event=decision req=72
[device/event] event=decision req=72
[device/event] event=decision req=72
[device/event] event=decision req=72
[device/event] event=decision req=72
[device/event] event=decision req=72
[device/event] event=decision req=72
[device/event] event=decision req=72
[device/event] event=decision req=72
[device/event] event=decision req=72
[device/event] event=decision req=72
[device/event] event=decision req=72
[device/event] event=decision req=72
[device/event] event=decision req=72
[device/event] event=decision req=72
[device/event] event=decision req=72
[device/event] event=decision req=72
[device/event] event=decision req=72
[device/event] event=decision req=72
[device/event] event=decision req=72
[device/event] event=decision req=72
[device/event] event=decision req=72
[device/event] event=decision req=72
[device/event] event=decision req=72
[device/event] event=decision req=72
[device/event] event=decision req=72
[device/event] event=decision req=72
[device/event] event=decision req=72
[device/event] event=decision req=72
[device/event] event=decision req=72
[device/event] event=decision req=72
[device/event] event=decision req=72
[device/event] event=decision req=72
[device/event] event=decision req=72
[device/event] event=decision req=72
[device/event] event=decision req=72
[device/event] event=decision req=72
[device/event] event=run_complete req=72
[device/event] event=reset req=73
[device/event] event=status req=74
[device/event] event=decision req=75
[device/event] event=status req=76
[device/event] event=reset req=77
[device/event] event=clocks req=78
[device/event] event=decision req=79
[device/event] event=decision req=79
[device/event] event=decision req=79
[device/event] event=decision req=79
[device/event] event=decision req=79
[device/event] event=decision req=79
[device/event] event=decision req=79
[device/event] event=decision req=79
[device/event] event=decision req=79
[device/event] event=decision req=79
[device/event] event=decision req=79
[device/event] event=decision req=79
[device/event] event=decision req=79
[device/event] event=decision req=79
[device/event] event=decision req=79
[device/event] event=decision req=79
[device/event] event=decision req=79
[device/event] event=decision req=79
[device/event] event=decision req=79
[device/event] event=decision req=79
[device/event] event=decision req=79
[device/event] event=decision req=79
[device/event] event=decision req=79
[device/event] event=decision req=79
[device/event] event=decision req=79
[device/event] event=decision req=79
[device/event] event=decision req=79
[device/event] event=decision req=79
[device/event] event=decision req=79
[device/event] event=decision req=79
[device/event] event=decision req=79
[device/event] event=decision req=79
[device/event] event=decision req=79
[device/event] event=decision req=79
[device/event] event=decision req=79
[device/event] event=decision req=79
[device/event] event=decision req=79
[device/event] event=decision req=79
[device/event] event=decision req=79
[device/event] event=decision req=79
[device/event] event=decision req=79
[device/event] event=decision req=79
[device/event] event=decision req=79
[device/event] event=decision req=79
[device/event] event=decision req=79
[device/event] event=decision req=79
[device/event] event=decision req=79
[device/event] event=decision req=79
[device/event] event=decision req=79
[device/event] event=decision req=79
[device/event] event=decision req=79
[device/event] event=decision req=79
[device/event] event=decision req=79
[device/event] event=decision req=79
[device/event] event=decision req=79
[device/event] event=decision req=79
[device/event] event=decision req=79
[device/event] event=decision req=79
[device/event] event=decision req=79
[device/event] event=decision req=79
[device/event] event=decision req=79
[device/event] event=decision req=79
[device/event] event=decision req=79
[device/event] event=decision req=79
[device/event] event=decision req=79
[device/event] event=decision req=79
[device/event] event=decision req=79
[device/event] event=decision req=79
[device/event] event=decision req=79
[device/event] event=decision req=79
[device/event] event=decision req=79
[device/event] event=decision req=79
[device/event] event=decision req=79
[device/event] event=decision req=79
[device/event] event=decision req=79
[device/event] event=decision req=79
[device/event] event=decision req=79
[device/event] event=decision req=79
[device/event] event=decision req=79
[device/event] event=decision req=79
[device/event] event=decision req=79
[device/event] event=decision req=79
[device/event] event=decision req=79
[device/event] event=decision req=79
[device/event] event=decision req=79
[device/event] event=decision req=79
[device/event] event=decision req=79
[device/event] event=decision req=79
[device/event] event=decision req=79
[device/event] event=decision req=79
[device/event] event=decision req=79
[device/event] event=decision req=79
[device/event] event=decision req=79
[device/event] event=decision req=79
[device/event] event=decision req=79
[device/event] event=decision req=79
[device/event] event=decision req=79
[device/event] event=decision req=79
[device/event] event=decision req=79
[device/event] event=decision req=79
[device/event] event=decision req=79
[device/event] event=decision req=79
[device/event] event=decision req=79
[device/event] event=decision req=79
[device/event] event=decision req=79
[device/event] event=decision req=79
[device/event] event=decision req=79
[device/event] event=decision req=79
[device/event] event=decision req=79
[device/event] event=decision req=79
[device/event] event=decision req=79
[device/event] event=decision req=79
[device/event] event=decision req=79
[device/event] event=decision req=79
[device/event] event=decision req=79
[device/event] event=decision req=79
[device/event] event=decision req=79
[device/event] event=decision req=79
[device/event] event=decision req=79
[device/event] event=decision req=79
[device/event] event=decision req=79
[device/event] event=decision req=79
[device/event] event=decision req=79
[device/event] event=decision req=79
[device/event] event=decision req=79
[device/event] event=decision req=79
[device/event] event=decision req=79
[device/event] event=decision req=79
[device/event] event=decision req=79
[device/event] event=decision req=79
[device/event] event=decision req=79
[device/event] event=decision req=79
[device/event] event=decision req=79
[device/event] event=decision req=79
[device/event] event=decision req=79
[device/event] event=decision req=79
[device/event] event=decision req=79
[device/event] event=decision req=79
[device/event] event=decision req=79
[device/event] event=decision req=79
[device/event] event=decision req=79
[device/event] event=decision req=79
[device/event] event=decision req=79
[device/event] event=decision req=79
[device/event] event=decision req=79
[device/event] event=decision req=79
[device/event] event=run_complete req=79
[device/event] event=freeze req=80
[device/event] event=freeze req=81
[device/event] event=reset req=82
[device/event] event=clocks req=83
[device/event] event=decision req=84
[device/event] event=decision req=84
[device/event] event=decision req=84
[device/event] event=decision req=84
[device/event] event=decision req=84
[device/event] event=decision req=84
[device/event] event=decision req=84
[device/event] event=decision req=84
[device/event] event=decision req=84
[device/event] event=decision req=84
[device/event] event=decision req=84
[device/event] event=decision req=84
[device/event] event=decision req=84
[device/event] event=decision req=84
[device/event] event=decision req=84
[device/event] event=decision req=84
[device/event] event=decision req=84
[device/event] event=decision req=84
[device/event] event=decision req=84
[device/event] event=decision req=84
[device/event] event=decision req=84
[device/event] event=decision req=84
[device/event] event=decision req=84
[device/event] event=decision req=84
[device/event] event=decision req=84
[device/event] event=decision req=84
[device/event] event=decision req=84
[device/event] event=decision req=84
[device/event] event=decision req=84
[device/event] event=decision req=84
[device/event] event=decision req=84
[device/event] event=decision req=84
[device/event] event=decision req=84
[device/event] event=decision req=84
[device/event] event=decision req=84
[device/event] event=decision req=84
[device/event] event=decision req=84
[device/event] event=decision req=84
[device/event] event=decision req=84
[device/event] event=decision req=84
[device/event] event=decision req=84
[device/event] event=decision req=84
[device/event] event=decision req=84
[device/event] event=decision req=84
[device/event] event=decision req=84
[device/event] event=decision req=84
[device/event] event=decision req=84
[device/event] event=decision req=84
[device/event] event=decision req=84
[device/event] event=decision req=84
[device/event] event=decision req=84
[device/event] event=decision req=84
[device/event] event=decision req=84
[device/event] event=decision req=84
[device/event] event=decision req=84
[device/event] event=decision req=84
[device/event] event=decision req=84
[device/event] event=decision req=84
[device/event] event=decision req=84
[device/event] event=decision req=84
[device/event] event=decision req=84
[device/event] event=decision req=84
[device/event] event=decision req=84
[device/event] event=decision req=84
[device/event] event=decision req=84
[device/event] event=decision req=84
[device/event] event=decision req=84
[device/event] event=decision req=84
[device/event] event=decision req=84
[device/event] event=decision req=84
[device/event] event=decision req=84
[device/event] event=decision req=84
[device/event] event=decision req=84
[device/event] event=decision req=84
[device/event] event=decision req=84
[device/event] event=decision req=84
[device/event] event=decision req=84
[device/event] event=decision req=84
[device/event] event=decision req=84
[device/event] event=decision req=84
[device/event] event=decision req=84
[device/event] event=decision req=84
[device/event] event=decision req=84
[device/event] event=decision req=84
[device/event] event=decision req=84
[device/event] event=decision req=84
[device/event] event=decision req=84
[device/event] event=decision req=84
[device/event] event=decision req=84
[device/event] event=decision req=84
[device/event] event=decision req=84
[device/event] event=decision req=84
[device/event] event=decision req=84
[device/event] event=decision req=84
[device/event] event=decision req=84
[device/event] event=decision req=84
[device/event] event=decision req=84
[device/event] event=decision req=84
[device/event] event=decision req=84
[device/event] event=decision req=84
[device/event] event=decision req=84
[device/event] event=decision req=84
[device/event] event=decision req=84
[device/event] event=decision req=84
[device/event] event=decision req=84
[device/event] event=decision req=84
[device/event] event=decision req=84
[device/event] event=decision req=84
[device/event] event=decision req=84
[device/event] event=decision req=84
[device/event] event=decision req=84
[device/event] event=decision req=84
[device/event] event=decision req=84
[device/event] event=decision req=84
[device/event] event=run_complete req=84
[device/event] event=reset req=85
[device/event] event=status req=86
[device/event] event=decision req=87
[device/event] event=status req=88
[device/event] event=reset req=89
[device/event] event=clocks req=90
[device/event] event=decision req=91
[device/event] event=decision req=91
[device/event] event=decision req=91
[device/event] event=decision req=91
[device/event] event=decision req=91
[device/event] event=decision req=91
[device/event] event=decision req=91
[device/event] event=decision req=91
[device/event] event=decision req=91
[device/event] event=decision req=91
[device/event] event=decision req=91
[device/event] event=decision req=91
[device/event] event=decision req=91
[device/event] event=decision req=91
[device/event] event=decision req=91
[device/event] event=decision req=91
[device/event] event=decision req=91
[device/event] event=decision req=91
[device/event] event=decision req=91
[device/event] event=decision req=91
[device/event] event=decision req=91
[device/event] event=decision req=91
[device/event] event=decision req=91
[device/event] event=decision req=91
[device/event] event=decision req=91
[device/event] event=decision req=91
[device/event] event=decision req=91
[device/event] event=decision req=91
[device/event] event=decision req=91
[device/event] event=decision req=91
[device/event] event=decision req=91
[device/event] event=decision req=91
[device/event] event=decision req=91
[device/event] event=decision req=91
[device/event] event=decision req=91
[device/event] event=decision req=91
[device/event] event=decision req=91
[device/event] event=decision req=91
[device/event] event=decision req=91
[device/event] event=decision req=91
[device/event] event=decision req=91
[device/event] event=decision req=91
[device/event] event=decision req=91
[device/event] event=decision req=91
[device/event] event=decision req=91
[device/event] event=decision req=91
[device/event] event=decision req=91
[device/event] event=decision req=91
[device/event] event=decision req=91
[device/event] event=decision req=91
[device/event] event=decision req=91
[device/event] event=decision req=91
[device/event] event=decision req=91
[device/event] event=decision req=91
[device/event] event=decision req=91
[device/event] event=decision req=91
[device/event] event=decision req=91
[device/event] event=decision req=91
[device/event] event=decision req=91
[device/event] event=decision req=91
[device/event] event=decision req=91
[device/event] event=decision req=91
[device/event] event=decision req=91
[device/event] event=decision req=91
[device/event] event=decision req=91
[device/event] event=decision req=91
[device/event] event=decision req=91
[device/event] event=decision req=91
[device/event] event=decision req=91
[device/event] event=decision req=91
[device/event] event=decision req=91
[device/event] event=decision req=91
[device/event] event=decision req=91
[device/event] event=decision req=91
[device/event] event=decision req=91
[device/event] event=decision req=91
[device/event] event=decision req=91
[device/event] event=decision req=91
[device/event] event=decision req=91
[device/event] event=decision req=91
[device/event] event=decision req=91
[device/event] event=decision req=91
[device/event] event=decision req=91
[device/event] event=decision req=91
[device/event] event=decision req=91
[device/event] event=decision req=91
[device/event] event=decision req=91
[device/event] event=decision req=91
[device/event] event=decision req=91
[device/event] event=decision req=91
[device/event] event=decision req=91
[device/event] event=decision req=91
[device/event] event=decision req=91
[device/event] event=decision req=91
[device/event] event=decision req=91
[device/event] event=decision req=91
[device/event] event=decision req=91
[device/event] event=decision req=91
[device/event] event=decision req=91
[device/event] event=decision req=91
[device/event] event=decision req=91
[device/event] event=decision req=91
[device/event] event=decision req=91
[device/event] event=decision req=91
[device/event] event=decision req=91
[device/event] event=decision req=91
[device/event] event=decision req=91
[device/event] event=decision req=91
[device/event] event=decision req=91
[device/event] event=decision req=91
[device/event] event=decision req=91
[device/event] event=decision req=91
[device/event] event=decision req=91
[device/event] event=decision req=91
[device/event] event=run_complete req=91
[device/event] event=freeze req=92
[device/event] event=freeze req=93
[device/event] event=reset req=94
[device/event] event=clocks req=95
[device/event] event=decision req=96
[device/event] event=decision req=96
[device/event] event=decision req=96
[device/event] event=decision req=96
[device/event] event=decision req=96
[device/event] event=decision req=96
[device/event] event=decision req=96
[device/event] event=decision req=96
[device/event] event=decision req=96
[device/event] event=decision req=96
[device/event] event=decision req=96
[device/event] event=decision req=96
[device/event] event=decision req=96
[device/event] event=decision req=96
[device/event] event=decision req=96
[device/event] event=decision req=96
[device/event] event=decision req=96
[device/event] event=decision req=96
[device/event] event=decision req=96
[device/event] event=decision req=96
[device/event] event=decision req=96
[device/event] event=decision req=96
[device/event] event=decision req=96
[device/event] event=decision req=96
[device/event] event=decision req=96
[device/event] event=decision req=96
[device/event] event=decision req=96
[device/event] event=decision req=96
[device/event] event=decision req=96
[device/event] event=decision req=96
[device/event] event=decision req=96
[device/event] event=decision req=96
[device/event] event=decision req=96
[device/event] event=decision req=96
[device/event] event=decision req=96
[device/event] event=decision req=96
[device/event] event=decision req=96
[device/event] event=decision req=96
[device/event] event=decision req=96
[device/event] event=decision req=96
[device/event] event=decision req=96
[device/event] event=decision req=96
[device/event] event=decision req=96
[device/event] event=decision req=96
[device/event] event=decision req=96
[device/event] event=decision req=96
[device/event] event=decision req=96
[device/event] event=decision req=96
[device/event] event=decision req=96
[device/event] event=decision req=96
[device/event] event=decision req=96
[device/event] event=decision req=96
[device/event] event=decision req=96
[device/event] event=decision req=96
[device/event] event=decision req=96
[device/event] event=decision req=96
[device/event] event=decision req=96
[device/event] event=decision req=96
[device/event] event=decision req=96
[device/event] event=decision req=96
[device/event] event=decision req=96
[device/event] event=decision req=96
[device/event] event=decision req=96
[device/event] event=decision req=96
[device/event] event=decision req=96
[device/event] event=decision req=96
[device/event] event=decision req=96
[device/event] event=decision req=96
[device/event] event=decision req=96
[device/event] event=decision req=96
[device/event] event=decision req=96
[device/event] event=decision req=96
[device/event] event=decision req=96
[device/event] event=decision req=96
[device/event] event=decision req=96
[device/event] event=decision req=96
[device/event] event=decision req=96
[device/event] event=decision req=96
[device/event] event=decision req=96
[device/event] event=decision req=96
[device/event] event=decision req=96
[device/event] event=decision req=96
[device/event] event=decision req=96
[device/event] event=decision req=96
[device/event] event=decision req=96
[device/event] event=decision req=96
[device/event] event=decision req=96
[device/event] event=decision req=96
[device/event] event=decision req=96
[device/event] event=decision req=96
[device/event] event=decision req=96
[device/event] event=decision req=96
[device/event] event=decision req=96
[device/event] event=decision req=96
[device/event] event=decision req=96
[device/event] event=decision req=96
[device/event] event=decision req=96
[device/event] event=decision req=96
[device/event] event=decision req=96
[device/event] event=decision req=96
[device/event] event=decision req=96
[device/event] event=decision req=96
[device/event] event=decision req=96
[device/event] event=decision req=96
[device/event] event=decision req=96
[device/event] event=decision req=96
[device/event] event=decision req=96
[device/event] event=decision req=96
[device/event] event=decision req=96
[device/event] event=decision req=96
[device/event] event=decision req=96
[device/event] event=decision req=96
[device/event] event=decision req=96
[device/event] event=decision req=96
[device/event] event=run_complete req=96
[device/event] event=reset req=97
[device/event] event=status req=98
[device/event] event=decision req=99
[device/event] event=status req=100
[device/event] event=reset req=101
[device/event] event=clocks req=102
[device/event] event=decision req=103
[device/event] event=decision req=103
[device/event] event=decision req=103
[device/event] event=decision req=103
[device/event] event=decision req=103
[device/event] event=decision req=103
[device/event] event=decision req=103
[device/event] event=decision req=103
[device/event] event=decision req=103
[device/event] event=decision req=103
[device/event] event=decision req=103
[device/event] event=decision req=103
[device/event] event=decision req=103
[device/event] event=decision req=103
[device/event] event=decision req=103
[device/event] event=decision req=103
[device/event] event=decision req=103
[device/event] event=decision req=103
[device/event] event=decision req=103
[device/event] event=decision req=103
[device/event] event=decision req=103
[device/event] event=decision req=103
[device/event] event=decision req=103
[device/event] event=decision req=103
[device/event] event=decision req=103
[device/event] event=decision req=103
[device/event] event=decision req=103
[device/event] event=decision req=103
[device/event] event=decision req=103
[device/event] event=decision req=103
[device/event] event=decision req=103
[device/event] event=decision req=103
[device/event] event=decision req=103
[device/event] event=decision req=103
[device/event] event=decision req=103
[device/event] event=decision req=103
[device/event] event=decision req=103
[device/event] event=decision req=103
[device/event] event=decision req=103
[device/event] event=decision req=103
[device/event] event=decision req=103
[device/event] event=decision req=103
[device/event] event=decision req=103
[device/event] event=decision req=103
[device/event] event=decision req=103
[device/event] event=decision req=103
[device/event] event=decision req=103
[device/event] event=decision req=103
[device/event] event=decision req=103
[device/event] event=decision req=103
[device/event] event=decision req=103
[device/event] event=decision req=103
[device/event] event=decision req=103
[device/event] event=decision req=103
[device/event] event=decision req=103
[device/event] event=decision req=103
[device/event] event=decision req=103
[device/event] event=decision req=103
[device/event] event=decision req=103
[device/event] event=decision req=103
[device/event] event=decision req=103
[device/event] event=decision req=103
[device/event] event=decision req=103
[device/event] event=decision req=103
[device/event] event=decision req=103
[device/event] event=decision req=103
[device/event] event=decision req=103
[device/event] event=decision req=103
[device/event] event=decision req=103
[device/event] event=decision req=103
[device/event] event=decision req=103
[device/event] event=decision req=103
[device/event] event=decision req=103
[device/event] event=decision req=103
[device/event] event=decision req=103
[device/event] event=decision req=103
[device/event] event=decision req=103
[device/event] event=decision req=103
[device/event] event=decision req=103
[device/event] event=decision req=103
[device/event] event=decision req=103
[device/event] event=decision req=103
[device/event] event=decision req=103
[device/event] event=decision req=103
[device/event] event=decision req=103
[device/event] event=decision req=103
[device/event] event=decision req=103
[device/event] event=decision req=103
[device/event] event=decision req=103
[device/event] event=decision req=103
[device/event] event=decision req=103
[device/event] event=decision req=103
[device/event] event=decision req=103
[device/event] event=decision req=103
[device/event] event=decision req=103
[device/event] event=decision req=103
[device/event] event=decision req=103
[device/event] event=decision req=103
[device/event] event=decision req=103
[device/event] event=decision req=103
[device/event] event=decision req=103
[device/event] event=decision req=103
[device/event] event=decision req=103
[device/event] event=decision req=103
[device/event] event=decision req=103
[device/event] event=decision req=103
[device/event] event=decision req=103
[device/event] event=decision req=103
[device/event] event=decision req=103
[device/event] event=decision req=103
[device/event] event=decision req=103
[device/event] event=decision req=103
[device/event] event=decision req=103
[device/event] event=decision req=103
[device/event] event=run_complete req=103
[device/event] event=freeze req=104
[device/event] event=freeze req=105
[device/event] event=reset req=106
[device/event] event=clocks req=107
[device/event] event=decision req=108
[device/event] event=decision req=108
[device/event] event=decision req=108
[device/event] event=decision req=108
[device/event] event=decision req=108
[device/event] event=decision req=108
[device/event] event=decision req=108
[device/event] event=decision req=108
[device/event] event=decision req=108
[device/event] event=decision req=108
[device/event] event=decision req=108
[device/event] event=decision req=108
[device/event] event=decision req=108
[device/event] event=decision req=108
[device/event] event=decision req=108
[device/event] event=decision req=108
[device/event] event=decision req=108
[device/event] event=decision req=108
[device/event] event=decision req=108
[device/event] event=decision req=108
[device/event] event=decision req=108
[device/event] event=decision req=108
[device/event] event=decision req=108
[device/event] event=decision req=108
[device/event] event=decision req=108
[device/event] event=decision req=108
[device/event] event=decision req=108
[device/event] event=decision req=108
[device/event] event=decision req=108
[device/event] event=decision req=108
[device/event] event=decision req=108
[device/event] event=decision req=108
[device/event] event=decision req=108
[device/event] event=decision req=108
[device/event] event=decision req=108
[device/event] event=decision req=108
[device/event] event=decision req=108
[device/event] event=decision req=108
[device/event] event=decision req=108
[device/event] event=decision req=108
[device/event] event=decision req=108
[device/event] event=decision req=108
[device/event] event=decision req=108
[device/event] event=decision req=108
[device/event] event=decision req=108
[device/event] event=decision req=108
[device/event] event=decision req=108
[device/event] event=decision req=108
[device/event] event=decision req=108
[device/event] event=decision req=108
[device/event] event=decision req=108
[device/event] event=decision req=108
[device/event] event=decision req=108
[device/event] event=decision req=108
[device/event] event=run_complete req=108
[device/event] event=reset req=109
[device/event] event=status req=110
[device/event] event=decision req=111
[device/event] event=status req=112
[device/event] event=reset req=113
[device/event] event=clocks req=114
[device/event] event=decision req=115
[device/event] event=decision req=115
[device/event] event=decision req=115
[device/event] event=decision req=115
[device/event] event=decision req=115
[device/event] event=decision req=115
[device/event] event=decision req=115
[device/event] event=decision req=115
[device/event] event=decision req=115
[device/event] event=decision req=115
[device/event] event=decision req=115
[device/event] event=decision req=115
[device/event] event=decision req=115
[device/event] event=decision req=115
[device/event] event=decision req=115
[device/event] event=decision req=115
[device/event] event=decision req=115
[device/event] event=decision req=115
[device/event] event=decision req=115
[device/event] event=decision req=115
[device/event] event=decision req=115
[device/event] event=decision req=115
[device/event] event=decision req=115
[device/event] event=decision req=115
[device/event] event=decision req=115
[device/event] event=decision req=115
[device/event] event=decision req=115
[device/event] event=decision req=115
[device/event] event=decision req=115
[device/event] event=decision req=115
[device/event] event=decision req=115
[device/event] event=decision req=115
[device/event] event=decision req=115
[device/event] event=decision req=115
[device/event] event=decision req=115
[device/event] event=decision req=115
[device/event] event=decision req=115
[device/event] event=decision req=115
[device/event] event=decision req=115
[device/event] event=decision req=115
[device/event] event=decision req=115
[device/event] event=decision req=115
[device/event] event=decision req=115
[device/event] event=decision req=115
[device/event] event=decision req=115
[device/event] event=decision req=115
[device/event] event=decision req=115
[device/event] event=decision req=115
[device/event] event=decision req=115
[device/event] event=decision req=115
[device/event] event=decision req=115
[device/event] event=decision req=115
[device/event] event=decision req=115
[device/event] event=decision req=115
[device/event] event=run_complete req=115
[device/event] event=freeze req=116
[device/event] event=freeze req=117
[device/event] event=reset req=118
[device/event] event=clocks req=119
[device/event] event=decision req=120
[device/event] event=decision req=120
[device/event] event=decision req=120
[device/event] event=decision req=120
[device/event] event=decision req=120
[device/event] event=decision req=120
[device/event] event=decision req=120
[device/event] event=decision req=120
[device/event] event=decision req=120
[device/event] event=decision req=120
[device/event] event=decision req=120
[device/event] event=decision req=120
[device/event] event=decision req=120
[device/event] event=decision req=120
[device/event] event=decision req=120
[device/event] event=decision req=120
[device/event] event=decision req=120
[device/event] event=decision req=120
[device/event] event=decision req=120
[device/event] event=decision req=120
[device/event] event=decision req=120
[device/event] event=decision req=120
[device/event] event=decision req=120
[device/event] event=decision req=120
[device/event] event=decision req=120
[device/event] event=decision req=120
[device/event] event=decision req=120
[device/event] event=decision req=120
[device/event] event=decision req=120
[device/event] event=decision req=120
[device/event] event=decision req=120
[device/event] event=decision req=120
[device/event] event=decision req=120
[device/event] event=decision req=120
[device/event] event=decision req=120
[device/event] event=decision req=120
[device/event] event=decision req=120
[device/event] event=decision req=120
[device/event] event=decision req=120
[device/event] event=decision req=120
[device/event] event=decision req=120
[device/event] event=decision req=120
[device/event] event=decision req=120
[device/event] event=decision req=120
[device/event] event=decision req=120
[device/event] event=decision req=120
[device/event] event=decision req=120
[device/event] event=decision req=120
[device/event] event=decision req=120
[device/event] event=decision req=120
[device/event] event=decision req=120
[device/event] event=decision req=120
[device/event] event=decision req=120
[device/event] event=decision req=120
[device/event] event=decision req=120
[device/event] event=decision req=120
[device/event] event=decision req=120
[device/event] event=decision req=120
[device/event] event=decision req=120
[device/event] event=decision req=120
[device/event] event=decision req=120
[device/event] event=decision req=120
[device/event] event=decision req=120
[device/event] event=decision req=120
[device/event] event=decision req=120
[device/event] event=decision req=120
[device/event] event=decision req=120
[device/event] event=decision req=120
[device/event] event=decision req=120
[device/event] event=decision req=120
[device/event] event=decision req=120
[device/event] event=decision req=120
[device/event] event=decision req=120
[device/event] event=decision req=120
[device/event] event=decision req=120
[device/event] event=decision req=120
[device/event] event=decision req=120
[device/event] event=decision req=120
[device/event] event=decision req=120
[device/event] event=decision req=120
[device/event] event=decision req=120
[device/event] event=decision req=120
[device/event] event=decision req=120
[device/event] event=decision req=120
[device/event] event=decision req=120
[device/event] event=decision req=120
[device/event] event=decision req=120
[device/event] event=decision req=120
[device/event] event=decision req=120
[device/event] event=decision req=120
[device/event] event=decision req=120
[device/event] event=decision req=120
[device/event] event=decision req=120
[device/event] event=decision req=120
[device/event] event=decision req=120
[device/event] event=decision req=120
[device/event] event=run_complete req=120
[device/event] event=reset req=121
[device/event] event=status req=122
[device/event] event=decision req=123
[device/event] event=status req=124
[device/event] event=reset req=125
[device/event] event=clocks req=126
[device/event] event=decision req=127
[device/event] event=decision req=127
[device/event] event=decision req=127
[device/event] event=decision req=127
[device/event] event=decision req=127
[device/event] event=decision req=127
[device/event] event=decision req=127
[device/event] event=decision req=127
[device/event] event=decision req=127
[device/event] event=decision req=127
[device/event] event=decision req=127
[device/event] event=decision req=127
[device/event] event=decision req=127
[device/event] event=decision req=127
[device/event] event=decision req=127
[device/event] event=decision req=127
[device/event] event=decision req=127
[device/event] event=decision req=127
[device/event] event=decision req=127
[device/event] event=decision req=127
[device/event] event=decision req=127
[device/event] event=decision req=127
[device/event] event=decision req=127
[device/event] event=decision req=127
[device/event] event=decision req=127
[device/event] event=decision req=127
[device/event] event=decision req=127
[device/event] event=decision req=127
[device/event] event=decision req=127
[device/event] event=decision req=127
[device/event] event=decision req=127
[device/event] event=decision req=127
[device/event] event=decision req=127
[device/event] event=decision req=127
[device/event] event=decision req=127
[device/event] event=decision req=127
[device/event] event=decision req=127
[device/event] event=decision req=127
[device/event] event=decision req=127
[device/event] event=decision req=127
[device/event] event=decision req=127
[device/event] event=decision req=127
[device/event] event=decision req=127
[device/event] event=decision req=127
[device/event] event=decision req=127
[device/event] event=decision req=127
[device/event] event=decision req=127
[device/event] event=decision req=127
[device/event] event=decision req=127
[device/event] event=decision req=127
[device/event] event=decision req=127
[device/event] event=decision req=127
[device/event] event=decision req=127
[device/event] event=decision req=127
[device/event] event=decision req=127
[device/event] event=decision req=127
[device/event] event=decision req=127
[device/event] event=decision req=127
[device/event] event=decision req=127
[device/event] event=decision req=127
[device/event] event=decision req=127
[device/event] event=decision req=127
[device/event] event=decision req=127
[device/event] event=decision req=127
[device/event] event=decision req=127
[device/event] event=decision req=127
[device/event] event=decision req=127
[device/event] event=decision req=127
[device/event] event=decision req=127
[device/event] event=decision req=127
[device/event] event=decision req=127
[device/event] event=decision req=127
[device/event] event=decision req=127
[device/event] event=decision req=127
[device/event] event=decision req=127
[device/event] event=decision req=127
[device/event] event=decision req=127
[device/event] event=decision req=127
[device/event] event=decision req=127
[device/event] event=decision req=127
[device/event] event=decision req=127
[device/event] event=decision req=127
[device/event] event=decision req=127
[device/event] event=decision req=127
[device/event] event=decision req=127
[device/event] event=decision req=127
[device/event] event=decision req=127
[device/event] event=decision req=127
[device/event] event=decision req=127
[device/event] event=decision req=127
[device/event] event=decision req=127
[device/event] event=decision req=127
[device/event] event=decision req=127
[device/event] event=decision req=127
[device/event] event=decision req=127
[device/event] event=decision req=127
[device/event] event=run_complete req=127
[device/event] event=freeze req=128
[device/event] event=freeze req=129
[device/event] event=reset req=130
[device/event] event=clocks req=131
[device/event] event=decision req=132
[device/event] event=decision req=132
[device/event] event=decision req=132
[device/event] event=decision req=132
[device/event] event=decision req=132
[device/event] event=decision req=132
[device/event] event=decision req=132
[device/event] event=decision req=132
[device/event] event=decision req=132
[device/event] event=decision req=132
[device/event] event=decision req=132
[device/event] event=decision req=132
[device/event] event=decision req=132
[device/event] event=decision req=132
[device/event] event=decision req=132
[device/event] event=decision req=132
[device/event] event=decision req=132
[device/event] event=decision req=132
[device/event] event=decision req=132
[device/event] event=decision req=132
[device/event] event=decision req=132
[device/event] event=decision req=132
[device/event] event=decision req=132
[device/event] event=decision req=132
[device/event] event=decision req=132
[device/event] event=decision req=132
[device/event] event=decision req=132
[device/event] event=decision req=132
[device/event] event=decision req=132
[device/event] event=decision req=132
[device/event] event=decision req=132
[device/event] event=decision req=132
[device/event] event=decision req=132
[device/event] event=decision req=132
[device/event] event=decision req=132
[device/event] event=decision req=132
[device/event] event=decision req=132
[device/event] event=decision req=132
[device/event] event=decision req=132
[device/event] event=decision req=132
[device/event] event=decision req=132
[device/event] event=decision req=132
[device/event] event=decision req=132
[device/event] event=decision req=132
[device/event] event=decision req=132
[device/event] event=decision req=132
[device/event] event=decision req=132
[device/event] event=decision req=132
[device/event] event=decision req=132
[device/event] event=decision req=132
[device/event] event=decision req=132
[device/event] event=decision req=132
[device/event] event=decision req=132
[device/event] event=decision req=132
[device/event] event=decision req=132
[device/event] event=decision req=132
[device/event] event=decision req=132
[device/event] event=decision req=132
[device/event] event=decision req=132
[device/event] event=decision req=132
[device/event] event=decision req=132
[device/event] event=decision req=132
[device/event] event=decision req=132
[device/event] event=decision req=132
[device/event] event=decision req=132
[device/event] event=decision req=132
[device/event] event=run_complete req=132
[device/event] event=reset req=133
[device/event] event=status req=134
[device/event] event=decision req=135
[device/event] event=status req=136
[device/event] event=reset req=137
[device/event] event=clocks req=138
[device/event] event=decision req=139
[device/event] event=decision req=139
[device/event] event=decision req=139
[device/event] event=decision req=139
[device/event] event=decision req=139
[device/event] event=decision req=139
[device/event] event=decision req=139
[device/event] event=decision req=139
[device/event] event=decision req=139
[device/event] event=decision req=139
[device/event] event=decision req=139
[device/event] event=decision req=139
[device/event] event=decision req=139
[device/event] event=decision req=139
[device/event] event=decision req=139
[device/event] event=decision req=139
[device/event] event=decision req=139
[device/event] event=decision req=139
[device/event] event=decision req=139
[device/event] event=decision req=139
[device/event] event=decision req=139
[device/event] event=decision req=139
[device/event] event=decision req=139
[device/event] event=decision req=139
[device/event] event=decision req=139
[device/event] event=decision req=139
[device/event] event=decision req=139
[device/event] event=decision req=139
[device/event] event=decision req=139
[device/event] event=decision req=139
[device/event] event=decision req=139
[device/event] event=decision req=139
[device/event] event=decision req=139
[device/event] event=decision req=139
[device/event] event=decision req=139
[device/event] event=decision req=139
[device/event] event=decision req=139
[device/event] event=decision req=139
[device/event] event=decision req=139
[device/event] event=decision req=139
[device/event] event=decision req=139
[device/event] event=decision req=139
[device/event] event=decision req=139
[device/event] event=decision req=139
[device/event] event=decision req=139
[device/event] event=decision req=139
[device/event] event=decision req=139
[device/event] event=decision req=139
[device/event] event=decision req=139
[device/event] event=decision req=139
[device/event] event=decision req=139
[device/event] event=decision req=139
[device/event] event=decision req=139
[device/event] event=decision req=139
[device/event] event=decision req=139
[device/event] event=decision req=139
[device/event] event=decision req=139
[device/event] event=decision req=139
[device/event] event=decision req=139
[device/event] event=decision req=139
[device/event] event=decision req=139
[device/event] event=decision req=139
[device/event] event=decision req=139
[device/event] event=decision req=139
[device/event] event=decision req=139
[device/event] event=decision req=139
[device/event] event=run_complete req=139
[device/event] event=freeze req=140
[device/event] event=freeze req=141
[device/event] event=reset req=142
[device/event] event=clocks req=143
[device/event] event=decision req=144
[device/event] event=decision req=144
[device/event] event=decision req=144
[device/event] event=decision req=144
[device/event] event=decision req=144
[device/event] event=decision req=144
[device/event] event=decision req=144
[device/event] event=decision req=144
[device/event] event=decision req=144
[device/event] event=decision req=144
[device/event] event=decision req=144
[device/event] event=decision req=144
[device/event] event=decision req=144
[device/event] event=decision req=144
[device/event] event=decision req=144
[device/event] event=decision req=144
[device/event] event=decision req=144
[device/event] event=decision req=144
[device/event] event=decision req=144
[device/event] event=decision req=144
[device/event] event=decision req=144
[device/event] event=decision req=144
[device/event] event=decision req=144
[device/event] event=decision req=144
[device/event] event=decision req=144
[device/event] event=decision req=144
[device/event] event=decision req=144
[device/event] event=decision req=144
[device/event] event=decision req=144
[device/event] event=decision req=144
[device/event] event=decision req=144
[device/event] event=decision req=144
[device/event] event=decision req=144
[device/event] event=decision req=144
[device/event] event=decision req=144
[device/event] event=decision req=144
[device/event] event=decision req=144
[device/event] event=decision req=144
[device/event] event=decision req=144
[device/event] event=decision req=144
[device/event] event=decision req=144
[device/event] event=decision req=144
[device/event] event=decision req=144
[device/event] event=decision req=144
[device/event] event=decision req=144
[device/event] event=decision req=144
[device/event] event=decision req=144
[device/event] event=decision req=144
[device/event] event=decision req=144
[device/event] event=decision req=144
[device/event] event=decision req=144
[device/event] event=decision req=144
[device/event] event=decision req=144
[device/event] event=decision req=144
[device/event] event=decision req=144
[device/event] event=decision req=144
[device/event] event=decision req=144
[device/event] event=decision req=144
[device/event] event=decision req=144
[device/event] event=decision req=144
[device/event] event=decision req=144
[device/event] event=decision req=144
[device/event] event=decision req=144
[device/event] event=decision req=144
[device/event] event=decision req=144
[device/event] event=decision req=144
[device/event] event=decision req=144
[device/event] event=decision req=144
[device/event] event=decision req=144
[device/event] event=decision req=144
[device/event] event=decision req=144
[device/event] event=decision req=144
[device/event] event=decision req=144
[device/event] event=decision req=144
[device/event] event=decision req=144
[device/event] event=decision req=144
[device/event] event=decision req=144
[device/event] event=decision req=144
[device/event] event=decision req=144
[device/event] event=decision req=144
[device/event] event=decision req=144
[device/event] event=decision req=144
[device/event] event=decision req=144
[device/event] event=decision req=144
[device/event] event=decision req=144
[device/event] event=decision req=144
[device/event] event=decision req=144
[device/event] event=decision req=144
[device/event] event=decision req=144
[device/event] event=decision req=144
[device/event] event=decision req=144
[device/event] event=decision req=144
[device/event] event=decision req=144
[device/event] event=decision req=144
[device/event] event=decision req=144
[device/event] event=decision req=144
[device/event] event=decision req=144
[device/event] event=decision req=144
[device/event] event=decision req=144
[device/event] event=decision req=144
[device/event] event=decision req=144
[device/event] event=decision req=144
[device/event] event=decision req=144
[device/event] event=decision req=144
[device/event] event=decision req=144
[device/event] event=decision req=144
[device/event] event=decision req=144
[device/event] event=decision req=144
[device/event] event=decision req=144
[device/event] event=decision req=144
[device/event] event=decision req=144
[device/event] event=decision req=144
[device/event] event=decision req=144
[device/event] event=decision req=144
[device/event] event=decision req=144
[device/event] event=decision req=144
[device/event] event=decision req=144
[device/event] event=decision req=144
[device/event] event=run_complete req=144
[device/event] event=reset req=145
[device/event] event=status req=146
[device/event] event=decision req=147
[device/event] event=status req=148
[device/event] event=reset req=149
[device/event] event=clocks req=150
[device/event] event=decision req=151
[device/event] event=decision req=151
[device/event] event=decision req=151
[device/event] event=decision req=151
[device/event] event=decision req=151
[device/event] event=decision req=151
[device/event] event=decision req=151
[device/event] event=decision req=151
[device/event] event=decision req=151
[device/event] event=decision req=151
[device/event] event=decision req=151
[device/event] event=decision req=151
[device/event] event=decision req=151
[device/event] event=decision req=151
[device/event] event=decision req=151
[device/event] event=decision req=151
[device/event] event=decision req=151
[device/event] event=decision req=151
[device/event] event=decision req=151
[device/event] event=decision req=151
[device/event] event=decision req=151
[device/event] event=decision req=151
[device/event] event=decision req=151
[device/event] event=decision req=151
[device/event] event=decision req=151
[device/event] event=decision req=151
[device/event] event=decision req=151
[device/event] event=decision req=151
[device/event] event=decision req=151
[device/event] event=decision req=151
[device/event] event=decision req=151
[device/event] event=decision req=151
[device/event] event=decision req=151
[device/event] event=decision req=151
[device/event] event=decision req=151
[device/event] event=decision req=151
[device/event] event=decision req=151
[device/event] event=decision req=151
[device/event] event=decision req=151
[device/event] event=decision req=151
[device/event] event=decision req=151
[device/event] event=decision req=151
[device/event] event=decision req=151
[device/event] event=decision req=151
[device/event] event=decision req=151
[device/event] event=decision req=151
[device/event] event=decision req=151
[device/event] event=decision req=151
[device/event] event=decision req=151
[device/event] event=decision req=151
[device/event] event=decision req=151
[device/event] event=decision req=151
[device/event] event=decision req=151
[device/event] event=decision req=151
[device/event] event=decision req=151
[device/event] event=decision req=151
[device/event] event=decision req=151
[device/event] event=decision req=151
[device/event] event=decision req=151
[device/event] event=decision req=151
[device/event] event=decision req=151
[device/event] event=decision req=151
[device/event] event=decision req=151
[device/event] event=decision req=151
[device/event] event=decision req=151
[device/event] event=decision req=151
[device/event] event=decision req=151
[device/event] event=decision req=151
[device/event] event=decision req=151
[device/event] event=decision req=151
[device/event] event=decision req=151
[device/event] event=decision req=151
[device/event] event=decision req=151
[device/event] event=decision req=151
[device/event] event=decision req=151
[device/event] event=decision req=151
[device/event] event=decision req=151
[device/event] event=decision req=151
[device/event] event=decision req=151
[device/event] event=decision req=151
[device/event] event=decision req=151
[device/event] event=decision req=151
[device/event] event=decision req=151
[device/event] event=decision req=151
[device/event] event=decision req=151
[device/event] event=decision req=151
[device/event] event=decision req=151
[device/event] event=decision req=151
[device/event] event=decision req=151
[device/event] event=decision req=151
[device/event] event=decision req=151
[device/event] event=decision req=151
[device/event] event=decision req=151
[device/event] event=decision req=151
[device/event] event=decision req=151
[device/event] event=decision req=151
[device/event] event=decision req=151
[device/event] event=decision req=151
[device/event] event=decision req=151
[device/event] event=decision req=151
[device/event] event=decision req=151
[device/event] event=decision req=151
[device/event] event=decision req=151
[device/event] event=decision req=151
[device/event] event=decision req=151
[device/event] event=decision req=151
[device/event] event=decision req=151
[device/event] event=decision req=151
[device/event] event=decision req=151
[device/event] event=decision req=151
[device/event] event=decision req=151
[device/event] event=decision req=151
[device/event] event=decision req=151
[device/event] event=decision req=151
[device/event] event=decision req=151
[device/event] event=decision req=151
[device/event] event=decision req=151
[device/event] event=decision req=151
[device/event] event=run_complete req=151
[device/event] event=freeze req=152
[device/event] event=freeze req=153
[device/event] event=reset req=154
[device/event] event=clocks req=155
[device/event] event=decision req=156
[device/event] event=decision req=156
[device/event] event=decision req=156
[device/event] event=decision req=156
[device/event] event=decision req=156
[device/event] event=decision req=156
[device/event] event=decision req=156
[device/event] event=decision req=156
[device/event] event=decision req=156
[device/event] event=decision req=156
[device/event] event=run_complete req=156
[device/event] event=reset req=157
[device/event] event=status req=158
[device/event] event=decision req=159
[device/event] event=status req=160
[device/event] event=reset req=161
[device/event] event=clocks req=162
[device/event] event=decision req=163
[device/event] event=decision req=163
[device/event] event=decision req=163
[device/event] event=decision req=163
[device/event] event=decision req=163
[device/event] event=decision req=163
[device/event] event=decision req=163
[device/event] event=decision req=163
[device/event] event=decision req=163
[device/event] event=decision req=163
[device/event] event=run_complete req=163
[device/event] event=freeze req=164
[device/event] event=freeze req=165
[device/event] event=reset req=166
[device/event] event=clocks req=167
[device/event] event=decision req=168
[device/event] event=decision req=168
[device/event] event=decision req=168
[device/event] event=decision req=168
[device/event] event=decision req=168
[device/event] event=decision req=168
[device/event] event=decision req=168
[device/event] event=decision req=168
[device/event] event=decision req=168
[device/event] event=decision req=168
[device/event] event=decision req=168
[device/event] event=decision req=168
[device/event] event=decision req=168
[device/event] event=decision req=168
[device/event] event=decision req=168
[device/event] event=decision req=168
[device/event] event=decision req=168
[device/event] event=decision req=168
[device/event] event=decision req=168
[device/event] event=decision req=168
[device/event] event=decision req=168
[device/event] event=decision req=168
[device/event] event=decision req=168
[device/event] event=decision req=168
[device/event] event=decision req=168
[device/event] event=decision req=168
[device/event] event=decision req=168
[device/event] event=decision req=168
[device/event] event=decision req=168
[device/event] event=decision req=168
[device/event] event=decision req=168
[device/event] event=decision req=168
[device/event] event=decision req=168
[device/event] event=decision req=168
[device/event] event=decision req=168
[device/event] event=decision req=168
[device/event] event=decision req=168
[device/event] event=decision req=168
[device/event] event=decision req=168
[device/event] event=decision req=168
[device/event] event=decision req=168
[device/event] event=decision req=168
[device/event] event=decision req=168
[device/event] event=decision req=168
[device/event] event=decision req=168
[device/event] event=decision req=168
[device/event] event=decision req=168
[device/event] event=decision req=168
[device/event] event=decision req=168
[device/event] event=decision req=168
[device/event] event=decision req=168
[device/event] event=decision req=168
[device/event] event=decision req=168
[device/event] event=decision req=168
[device/event] event=decision req=168
[device/event] event=decision req=168
[device/event] event=decision req=168
[device/event] event=decision req=168
[device/event] event=decision req=168
[device/event] event=decision req=168
[device/event] event=decision req=168
[device/event] event=decision req=168
[device/event] event=decision req=168
[device/event] event=decision req=168
[device/event] event=decision req=168
[device/event] event=decision req=168
[device/event] event=decision req=168
[device/event] event=decision req=168
[device/event] event=decision req=168
[device/event] event=decision req=168
[device/event] event=decision req=168
[device/event] event=decision req=168
[device/event] event=decision req=168
[device/event] event=decision req=168
[device/event] event=decision req=168
[device/event] event=decision req=168
[device/event] event=decision req=168
[device/event] event=decision req=168
[device/event] event=decision req=168
[device/event] event=decision req=168
[device/event] event=decision req=168
[device/event] event=decision req=168
[device/event] event=decision req=168
[device/event] event=decision req=168
[device/event] event=decision req=168
[device/event] event=decision req=168
[device/event] event=decision req=168
[device/event] event=decision req=168
[device/event] event=decision req=168
[device/event] event=decision req=168
[device/event] event=decision req=168
[device/event] event=decision req=168
[device/event] event=decision req=168
[device/event] event=decision req=168
[device/event] event=decision req=168
[device/event] event=decision req=168
[device/event] event=decision req=168
[device/event] event=decision req=168
[device/event] event=decision req=168
[device/event] event=decision req=168
[device/event] event=decision req=168
[device/event] event=decision req=168
[device/event] event=decision req=168
[device/event] event=decision req=168
[device/event] event=decision req=168
[device/event] event=decision req=168
[device/event] event=decision req=168
[device/event] event=decision req=168
[device/event] event=decision req=168
[device/event] event=decision req=168
[device/event] event=decision req=168
[device/event] event=decision req=168
[device/event] event=decision req=168
[device/event] event=decision req=168
[device/event] event=decision req=168
[device/event] event=decision req=168
[device/event] event=decision req=168
[device/event] event=decision req=168
[device/event] event=decision req=168
[device/event] event=decision req=168
[device/event] event=decision req=168
[device/event] event=decision req=168
[device/event] event=decision req=168
[device/event] event=decision req=168
[device/event] event=decision req=168
[device/event] event=decision req=168
[device/event] event=decision req=168
[device/event] event=decision req=168
[device/event] event=decision req=168
[device/event] event=decision req=168
[device/event] event=decision req=168
[device/event] event=decision req=168
[device/event] event=decision req=168
[device/event] event=decision req=168
[device/event] event=decision req=168
[device/event] event=decision req=168
[device/event] event=decision req=168
[device/event] event=decision req=168
[device/event] event=decision req=168
[device/event] event=decision req=168
[device/event] event=decision req=168
[device/event] event=decision req=168
[device/event] event=decision req=168
[device/event] event=decision req=168
[device/event] event=decision req=168
[device/event] event=decision req=168
[device/event] event=decision req=168
[device/event] event=decision req=168
[device/event] event=decision req=168
[device/event] event=decision req=168
[device/event] event=decision req=168
[device/event] event=decision req=168
[device/event] event=decision req=168
[device/event] event=decision req=168
[device/event] event=decision req=168
[device/event] event=decision req=168
[device/event] event=run_complete req=168
[device/event] event=reset req=169
[device/event] event=status req=170
[device/raw-drop] 4ca0edb1a7c776fdda4edea6cabf058c0f1addc59f3e9dd09f","evidence_root":"0000000000000000000000000000000000000000000000000000000000000000","proposal_clock":908564005,"authority_clock":866178697}
[device/event] event=decision req=172
[device/event] event=status req=173
[device/event] event=reset req=174
[device/event] event=clocks req=175
[device/event] event=decision req=176
[device/event] event=decision req=176
[device/event] event=decision req=176
[device/event] event=decision req=176
[device/event] event=decision req=176
[device/event] event=decision req=176
[device/event] event=decision req=176
[device/event] event=decision req=176
[device/event] event=decision req=176
[device/event] event=decision req=176
[device/event] event=decision req=176
[device/event] event=decision req=176
[device/event] event=decision req=176
[device/event] event=decision req=176
[device/event] event=decision req=176
[device/event] event=decision req=176
[device/event] event=decision req=176
[device/event] event=decision req=176
[device/event] event=decision req=176
[device/event] event=decision req=176
[device/event] event=decision req=176
[device/event] event=decision req=176
[device/event] event=decision req=176
[device/event] event=decision req=176
[device/event] event=decision req=176
[device/event] event=decision req=176
[device/event] event=decision req=176
[device/event] event=decision req=176
[device/event] event=decision req=176
[device/event] event=decision req=176
[device/event] event=decision req=176
[device/event] event=decision req=176
[device/event] event=decision req=176
[device/event] event=decision req=176
[device/event] event=decision req=176
[device/event] event=decision req=176
[device/event] event=decision req=176
[device/event] event=decision req=176
[device/event] event=decision req=176
[device/event] event=decision req=176
[device/event] event=decision req=176
[device/event] event=decision req=176
[device/event] event=decision req=176
[device/event] event=decision req=176
[device/event] event=decision req=176
[device/event] event=decision req=176
[device/event] event=decision req=176
[device/event] event=decision req=176
[device/event] event=decision req=176
[device/event] event=decision req=176
[device/event] event=decision req=176
[device/event] event=decision req=176
[device/event] event=decision req=176
[device/event] event=decision req=176
[device/event] event=decision req=176
[device/event] event=decision req=176
[device/event] event=decision req=176
[device/event] event=decision req=176
[device/event] event=decision req=176
[device/event] event=decision req=176
[device/event] event=decision req=176
[device/event] event=decision req=176
[device/event] event=decision req=176
[device/event] event=decision req=176
[device/event] event=decision req=176
[device/event] event=decision req=176
[device/event] event=decision req=176
[device/event] event=decision req=176
[device/event] event=decision req=176
[device/event] event=decision req=176
[device/event] event=decision req=176
[device/event] event=decision req=176
[device/event] event=decision req=176
[device/event] event=decision req=176
[device/event] event=decision req=176
[device/event] event=decision req=176
[device/event] event=decision req=176
[device/event] event=decision req=176
[device/event] event=decision req=176
[device/event] event=decision req=176
[device/event] event=decision req=176
[device/event] event=decision req=176
[device/event] event=decision req=176
[device/event] event=decision req=176
[device/event] event=decision req=176
[device/event] event=decision req=176
[device/event] event=decision req=176
[device/event] event=decision req=176
[device/event] event=decision req=176
[device/event] event=decision req=176
[device/event] event=decision req=176
[device/event] event=decision req=176
[device/event] event=decision req=176
[device/event] event=decision req=176
[device/event] event=decision req=176
[device/event] event=decision req=176
[device/event] event=decision req=176
[device/event] event=decision req=176
[device/event] event=decision req=176
[device/event] event=decision req=176
[device/event] event=decision req=176
[device/event] event=decision req=176
[device/event] event=decision req=176
[device/event] event=decision req=176
[device/event] event=decision req=176
[device/event] event=decision req=176
[device/event] event=decision req=176
[device/event] event=decision req=176
[device/event] event=decision req=176
[device/event] event=decision req=176
[device/event] event=decision req=176
[device/event] event=decision req=176
[device/event] event=decision req=176
[device/event] event=decision req=176
[device/event] event=decision req=176
[device/event] event=decision req=176
[device/event] event=decision req=176
[device/event] event=decision req=176
[device/event] event=decision req=176
[device/event] event=decision req=176
[device/event] event=decision req=176
[device/event] event=decision req=176
[device/event] event=decision req=176
[device/event] event=decision req=176
[device/event] event=decision req=176
[device/event] event=decision req=176
[device/event] event=decision req=176
[device/event] event=decision req=176
[device/event] event=decision req=176
[device/event] event=decision req=176
[device/event] event=decision req=176
[device/event] event=decision req=176
[device/event] event=decision req=176
[device/event] event=decision req=176
[device/event] event=decision req=176
[device/event] event=decision req=176
[device/event] event=decision req=176
[device/event] event=decision req=176
[device/event] event=decision req=176
[device/event] event=decision req=176
[device/event] event=decision req=176
[device/event] event=decision req=176
[device/event] event=decision req=176
[device/event] event=decision req=176
[device/event] event=decision req=176
[device/event] event=decision req=176
[device/event] event=decision req=176
[device/event] event=decision req=176
[device/event] event=decision req=176
[device/event] event=decision req=176
[device/event] event=decision req=176
[device/event] event=decision req=176
[device/event] event=decision req=176
[device/event] event=decision req=176
[device/event] event=decision req=176
[device/event] event=decision req=176
[device/event] event=run_complete req=176
[device/event] event=freeze req=177
[device/event] event=freeze req=178
[device/event] event=reset req=179
[device/event] event=clocks req=180
[device/event] event=decision req=181
[device/event] event=decision req=181
[device/event] event=decision req=181
[device/event] event=decision req=181
[device/event] event=decision req=181
[device/event] event=decision req=181
[device/event] event=decision req=181
[device/event] event=decision req=181
[device/event] event=decision req=181
[device/event] event=decision req=181
[device/event] event=decision req=181
[device/event] event=decision req=181
[device/event] event=decision req=181
[device/event] event=decision req=181
[device/event] event=decision req=181
[device/event] event=decision req=181
[device/event] event=decision req=181
[device/event] event=decision req=181
[device/event] event=decision req=181
[device/event] event=decision req=181
[device/event] event=decision req=181
[device/event] event=decision req=181
[device/event] event=decision req=181
[device/event] event=decision req=181
[device/event] event=decision req=181
[device/event] event=decision req=181
[device/event] event=decision req=181
[device/event] event=decision req=181
[device/event] event=decision req=181
[device/event] event=decision req=181
[device/event] event=decision req=181
[device/event] event=decision req=181
[device/event] event=decision req=181
[device/event] event=decision req=181
[device/event] event=decision req=181
[device/event] event=decision req=181
[device/event] event=decision req=181
[device/event] event=decision req=181
[device/event] event=decision req=181
[device/event] event=decision req=181
[device/event] event=decision req=181
[device/event] event=decision req=181
[device/event] event=decision req=181
[device/event] event=decision req=181
[device/event] event=decision req=181
[device/event] event=decision req=181
[device/event] event=run_complete req=181
[device/event] event=reset req=182
[device/event] event=status req=183
[device/event] event=decision req=184
[device/event] event=status req=185
[device/event] event=reset req=186
[device/event] event=clocks req=187
[device/event] event=decision req=188
[device/event] event=decision req=188
[device/event] event=decision req=188
[device/event] event=decision req=188
[device/event] event=decision req=188
[device/event] event=decision req=188
[device/event] event=decision req=188
[device/event] event=decision req=188
[device/event] event=decision req=188
[device/event] event=decision req=188
[device/event] event=decision req=188
[device/event] event=decision req=188
[device/event] event=decision req=188
[device/event] event=decision req=188
[device/event] event=decision req=188
[device/event] event=decision req=188
[device/event] event=decision req=188
[device/event] event=decision req=188
[device/event] event=decision req=188
[device/event] event=decision req=188
[device/event] event=decision req=188
[device/event] event=decision req=188
[device/event] event=decision req=188
[device/event] event=decision req=188
[device/event] event=decision req=188
[device/event] event=decision req=188
[device/event] event=decision req=188
[device/event] event=decision req=188
[device/event] event=decision req=188
[device/event] event=decision req=188
[device/event] event=decision req=188
[device/event] event=decision req=188
[device/event] event=decision req=188
[device/event] event=decision req=188
[device/event] event=decision req=188
[device/event] event=decision req=188
[device/event] event=decision req=188
[device/event] event=decision req=188
[device/event] event=decision req=188
[device/event] event=decision req=188
[device/event] event=decision req=188
[device/event] event=decision req=188
[device/event] event=decision req=188
[device/event] event=decision req=188
[device/event] event=decision req=188
[device/event] event=decision req=188
[device/event] event=run_complete req=188
[device/event] event=freeze req=189
[device/event] event=freeze req=190
[device/event] event=reset req=191
[device/event] event=clocks req=192
[device/event] event=decision req=193
[device/event] event=decision req=193
[device/event] event=decision req=193
[device/event] event=decision req=193
[device/event] event=decision req=193
[device/event] event=decision req=193
[device/event] event=decision req=193
[device/event] event=decision req=193
[device/event] event=decision req=193
[device/event] event=decision req=193
[device/event] event=decision req=193
[device/event] event=decision req=193
[device/event] event=decision req=193
[device/event] event=decision req=193
[device/event] event=decision req=193
[device/event] event=decision req=193
[device/event] event=decision req=193
[device/event] event=decision req=193
[device/event] event=decision req=193
[device/event] event=decision req=193
[device/event] event=decision req=193
[device/event] event=decision req=193
[device/event] event=decision req=193
[device/event] event=decision req=193
[device/event] event=decision req=193
[device/event] event=decision req=193
[device/event] event=decision req=193
[device/event] event=decision req=193
[device/event] event=decision req=193
[device/event] event=decision req=193
[device/event] event=decision req=193
[device/event] event=decision req=193
[device/event] event=decision req=193
[device/event] event=decision req=193
[device/event] event=decision req=193
[device/event] event=decision req=193
[device/event] event=decision req=193
[device/event] event=decision req=193
[device/event] event=decision req=193
[device/event] event=decision req=193
[device/event] event=decision req=193
[device/event] event=decision req=193
[device/event] event=decision req=193
[device/event] event=decision req=193
[device/event] event=decision req=193
[device/event] event=decision req=193
[device/event] event=decision req=193
[device/event] event=decision req=193
[device/event] event=decision req=193
[device/event] event=decision req=193
[device/event] event=decision req=193
[device/event] event=decision req=193
[device/event] event=decision req=193
[device/event] event=decision req=193
[device/event] event=decision req=193
[device/event] event=decision req=193
[device/event] event=decision req=193
[device/event] event=decision req=193
[device/event] event=decision req=193
[device/event] event=decision req=193
[device/event] event=decision req=193
[device/event] event=decision req=193
[device/event] event=decision req=193
[device/event] event=decision req=193
[device/event] event=decision req=193
[device/event] event=decision req=193
[device/event] event=decision req=193
[device/event] event=decision req=193
[device/event] event=decision req=193
[device/event] event=decision req=193
[device/event] event=decision req=193
[device/event] event=decision req=193
[device/event] event=decision req=193
[device/event] event=decision req=193
[device/event] event=decision req=193
[device/event] event=decision req=193
[device/event] event=decision req=193
[device/event] event=decision req=193
[device/event] event=decision req=193
[device/event] event=decision req=193
[device/event] event=decision req=193
[device/event] event=decision req=193
[device/event] event=decision req=193
[device/event] event=decision req=193
[device/event] event=decision req=193
[device/event] event=decision req=193
[device/event] event=decision req=193
[device/event] event=decision req=193
[device/event] event=decision req=193
[device/event] event=decision req=193
[device/event] event=decision req=193
[device/event] event=decision req=193
[device/event] event=decision req=193
[device/event] event=decision req=193
[device/event] event=decision req=193
[device/event] event=decision req=193
[device/event] event=decision req=193
[device/event] event=decision req=193
[device/event] event=decision req=193
[device/event] event=decision req=193
[device/event] event=decision req=193
[device/event] event=decision req=193
[device/event] event=decision req=193
[device/event] event=decision req=193
[device/event] event=decision req=193
[device/event] event=decision req=193
[device/event] event=decision req=193
[device/event] event=decision req=193
[device/event] event=decision req=193
[device/event] event=decision req=193
[device/event] event=decision req=193
[device/event] event=decision req=193
[device/event] event=decision req=193
[device/event] event=decision req=193
[device/event] event=decision req=193
[device/event] event=decision req=193
[device/event] event=decision req=193
[device/event] event=decision req=193
[device/event] event=decision req=193
[device/event] event=decision req=193
[device/event] event=decision req=193
[device/event] event=decision req=193
[device/event] event=decision req=193
[device/event] event=decision req=193
[device/event] event=decision req=193
[device/event] event=decision req=193
[device/event] event=decision req=193
[device/event] event=decision req=193
[device/event] event=decision req=193
[device/event] event=decision req=193
[device/event] event=run_complete req=193
[device/event] event=reset req=194
[device/event] event=status req=195
[device/event] event=decision req=196
[device/event] event=status req=197
[device/event] event=reset req=198
[device/event] event=clocks req=199
[device/event] event=decision req=200
[device/event] event=decision req=200
[device/event] event=decision req=200
[device/event] event=decision req=200
[device/event] event=decision req=200
[device/event] event=decision req=200
[device/event] event=decision req=200
[device/event] event=decision req=200
[device/event] event=decision req=200
[device/event] event=decision req=200
[device/event] event=decision req=200
[device/event] event=decision req=200
[device/event] event=decision req=200
[device/event] event=decision req=200
[device/event] event=decision req=200
[device/event] event=decision req=200
[device/event] event=decision req=200
[device/event] event=decision req=200
[device/event] event=decision req=200
[device/event] event=decision req=200
[device/event] event=decision req=200
[device/event] event=decision req=200
[device/event] event=decision req=200
[device/event] event=decision req=200
[device/event] event=decision req=200
[device/event] event=decision req=200
[device/event] event=decision req=200
[device/event] event=decision req=200
[device/event] event=decision req=200
[device/event] event=decision req=200
[device/event] event=decision req=200
[device/event] event=decision req=200
[device/event] event=decision req=200
[device/event] event=decision req=200
[device/event] event=decision req=200
[device/event] event=decision req=200
[device/event] event=decision req=200
[device/event] event=decision req=200
[device/event] event=decision req=200
[device/event] event=decision req=200
[device/event] event=decision req=200
[device/event] event=decision req=200
[device/event] event=decision req=200
[device/event] event=decision req=200
[device/event] event=decision req=200
[device/event] event=decision req=200
[device/event] event=decision req=200
[device/event] event=decision req=200
[device/event] event=decision req=200
[device/event] event=decision req=200
[device/event] event=decision req=200
[device/event] event=decision req=200
[device/event] event=decision req=200
[device/event] event=decision req=200
[device/event] event=decision req=200
[device/event] event=decision req=200
[device/event] event=decision req=200
[device/event] event=decision req=200
[device/event] event=decision req=200
[device/event] event=decision req=200
[device/event] event=decision req=200
[device/event] event=decision req=200
[device/event] event=decision req=200
[device/event] event=decision req=200
[device/event] event=decision req=200
[device/event] event=decision req=200
[device/event] event=decision req=200
[device/event] event=decision req=200
[device/event] event=decision req=200
[device/event] event=decision req=200
[device/event] event=decision req=200
[device/event] event=decision req=200
[device/event] event=decision req=200
[device/event] event=decision req=200
[device/event] event=decision req=200
[device/event] event=decision req=200
[device/event] event=decision req=200
[device/event] event=decision req=200
[device/event] event=decision req=200
[device/event] event=decision req=200
[device/event] event=decision req=200
[device/event] event=decision req=200
[device/event] event=decision req=200
[device/event] event=decision req=200
[device/event] event=decision req=200
[device/event] event=decision req=200
[device/event] event=decision req=200
[device/event] event=decision req=200
[device/event] event=decision req=200
[device/event] event=decision req=200
[device/event] event=decision req=200
[device/event] event=decision req=200
[device/event] event=decision req=200
[device/event] event=decision req=200
[device/event] event=decision req=200
[device/event] event=decision req=200
[device/event] event=decision req=200
[device/event] event=decision req=200
[device/event] event=decision req=200
[device/event] event=decision req=200
[device/event] event=decision req=200
[device/event] event=decision req=200
[device/event] event=decision req=200
[device/event] event=decision req=200
[device/event] event=decision req=200
[device/event] event=decision req=200
[device/event] event=decision req=200
[device/event] event=decision req=200
[device/event] event=decision req=200
[device/event] event=decision req=200
[device/event] event=decision req=200
[device/event] event=decision req=200
[device/event] event=decision req=200
[device/event] event=decision req=200
[device/event] event=decision req=200
[device/event] event=decision req=200
[device/event] event=decision req=200
[device/event] event=decision req=200
[device/event] event=decision req=200
[device/event] event=decision req=200
[device/event] event=decision req=200
[device/event] event=decision req=200
[device/event] event=decision req=200
[device/event] event=decision req=200
[device/event] event=decision req=200
[device/event] event=decision req=200
[device/event] event=decision req=200
[device/event] event=decision req=200
[device/event] event=decision req=200
[device/event] event=decision req=200
[device/event] event=run_complete req=200
[device/event] event=freeze req=201
[device/event] event=freeze req=202
[device/event] event=reset req=203
[device/event] event=clocks req=204
[device/event] event=decision req=205
[device/event] event=decision req=205
[device/event] event=decision req=205
[device/event] event=decision req=205
[device/event] event=decision req=205
[device/event] event=decision req=205
[device/event] event=decision req=205
[device/event] event=decision req=205
[device/event] event=decision req=205
[device/event] event=decision req=205
[device/event] event=decision req=205
[device/event] event=decision req=205
[device/event] event=decision req=205
[device/event] event=decision req=205
[device/event] event=decision req=205
[device/event] event=decision req=205
[device/event] event=decision req=205
[device/event] event=decision req=205
[device/event] event=decision req=205
[device/event] event=decision req=205
[device/event] event=decision req=205
[device/event] event=decision req=205
[device/event] event=decision req=205
[device/event] event=decision req=205
[device/event] event=decision req=205
[device/event] event=decision req=205
[device/event] event=decision req=205
[device/event] event=decision req=205
[device/event] event=decision req=205
[device/event] event=decision req=205
[device/event] event=decision req=205
[device/event] event=decision req=205
[device/event] event=decision req=205
[device/event] event=decision req=205
[device/event] event=decision req=205
[device/event] event=decision req=205
[device/event] event=decision req=205
[device/event] event=decision req=205
[device/event] event=decision req=205
[device/event] event=decision req=205
[device/event] event=decision req=205
[device/event] event=decision req=205
[device/event] event=decision req=205
[device/event] event=decision req=205
[device/event] event=decision req=205
[device/event] event=decision req=205
[device/event] event=decision req=205
[device/event] event=decision req=205
[device/event] event=decision req=205
[device/event] event=decision req=205
[device/event] event=decision req=205
[device/event] event=decision req=205
[device/event] event=decision req=205
[device/event] event=decision req=205
[device/event] event=decision req=205
[device/event] event=decision req=205
[device/event] event=decision req=205
[device/event] event=decision req=205
[device/event] event=decision req=205
[device/event] event=decision req=205
[device/event] event=decision req=205
[device/event] event=decision req=205
[device/event] event=decision req=205
[device/event] event=decision req=205
[device/event] event=decision req=205
[device/event] event=decision req=205
[device/event] event=decision req=205
[device/event] event=decision req=205
[device/event] event=decision req=205
[device/event] event=decision req=205
[device/event] event=decision req=205
[device/event] event=decision req=205
[device/event] event=decision req=205
[device/event] event=decision req=205
[device/event] event=decision req=205
[device/event] event=decision req=205
[device/event] event=decision req=205
[device/event] event=decision req=205
[device/event] event=decision req=205
[device/event] event=decision req=205
[device/event] event=decision req=205
[device/event] event=decision req=205
[device/event] event=decision req=205
[device/event] event=decision req=205
[device/event] event=decision req=205
[device/event] event=decision req=205
[device/event] event=decision req=205
[device/event] event=decision req=205
[device/event] event=decision req=205
[device/event] event=decision req=205
[device/event] event=decision req=205
[device/event] event=decision req=205
[device/event] event=decision req=205
[device/event] event=decision req=205
[device/event] event=decision req=205
[device/event] event=decision req=205
[device/event] event=decision req=205
[device/event] event=decision req=205
[device/event] event=decision req=205
[device/event] event=decision req=205
[device/event] event=decision req=205
[device/event] event=decision req=205
[device/event] event=decision req=205
[device/event] event=decision req=205
[device/event] event=decision req=205
[device/event] event=decision req=205
[device/event] event=decision req=205
[device/event] event=decision req=205
[device/event] event=decision req=205
[device/event] event=decision req=205
[device/event] event=decision req=205
[device/event] event=decision req=205
[device/event] event=decision req=205
[device/event] event=decision req=205
[device/event] event=decision req=205
[device/event] event=decision req=205
[device/event] event=decision req=205
[device/event] event=decision req=205
[device/event] event=decision req=205
[device/event] event=decision req=205
[device/event] event=decision req=205
[device/event] event=decision req=205
[device/event] event=decision req=205
[device/event] event=decision req=205
[device/event] event=decision req=205
[device/event] event=decision req=205
[device/event] event=run_complete req=205
[device/event] event=reset req=206
[device/event] event=status req=207
[device/event] event=decision req=208
[device/event] event=status req=209
[device/event] event=reset req=210
[device/event] event=clocks req=211
[device/event] event=decision req=212
[device/event] event=decision req=212
[device/event] event=decision req=212
[device/event] event=decision req=212
[device/event] event=decision req=212
[device/event] event=decision req=212
[device/event] event=decision req=212
[device/event] event=decision req=212
[device/event] event=decision req=212
[device/event] event=decision req=212
[device/event] event=decision req=212
[device/event] event=decision req=212
[device/event] event=decision req=212
[device/event] event=decision req=212
[device/event] event=decision req=212
[device/event] event=decision req=212
[device/event] event=decision req=212
[device/event] event=decision req=212
[device/event] event=decision req=212
[device/event] event=decision req=212
[device/event] event=decision req=212
[device/event] event=decision req=212
[device/event] event=decision req=212
[device/event] event=decision req=212
[device/event] event=decision req=212
[device/event] event=decision req=212
[device/event] event=decision req=212
[device/event] event=decision req=212
[device/event] event=decision req=212
[device/event] event=decision req=212
[device/event] event=decision req=212
[device/event] event=decision req=212
[device/event] event=decision req=212
[device/event] event=decision req=212
[device/event] event=decision req=212
[device/event] event=decision req=212
[device/event] event=decision req=212
[device/event] event=decision req=212
[device/event] event=decision req=212
[device/event] event=decision req=212
[device/event] event=decision req=212
[device/event] event=decision req=212
[device/event] event=decision req=212
[device/event] event=decision req=212
[device/event] event=decision req=212
[device/event] event=decision req=212
[device/event] event=decision req=212
[device/event] event=decision req=212
[device/event] event=decision req=212
[device/event] event=decision req=212
[device/event] event=decision req=212
[device/event] event=decision req=212
[device/event] event=decision req=212
[device/event] event=decision req=212
[device/event] event=decision req=212
[device/event] event=decision req=212
[device/event] event=decision req=212
[device/event] event=decision req=212
[device/event] event=decision req=212
[device/event] event=decision req=212
[device/event] event=decision req=212
[device/event] event=decision req=212
[device/event] event=decision req=212
[device/event] event=decision req=212
[device/event] event=decision req=212
[device/event] event=decision req=212
[device/event] event=decision req=212
[device/event] event=decision req=212
[device/event] event=decision req=212
[device/event] event=decision req=212
[device/event] event=decision req=212
[device/event] event=decision req=212
[device/event] event=decision req=212
[device/event] event=decision req=212
[device/event] event=decision req=212
[device/event] event=decision req=212
[device/event] event=decision req=212
[device/event] event=decision req=212
[device/event] event=decision req=212
[device/event] event=decision req=212
[device/event] event=decision req=212
[device/event] event=decision req=212
[device/event] event=decision req=212
[device/event] event=decision req=212
[device/event] event=decision req=212
[device/event] event=decision req=212
[device/event] event=decision req=212
[device/event] event=decision req=212
[device/event] event=decision req=212
[device/event] event=decision req=212
[device/event] event=decision req=212
[device/event] event=decision req=212
[device/event] event=decision req=212
[device/event] event=decision req=212
[device/event] event=decision req=212
[device/event] event=decision req=212
[device/event] event=decision req=212
[device/event] event=decision req=212
[device/event] event=decision req=212
[device/event] event=decision req=212
[device/event] event=decision req=212
[device/event] event=decision req=212
[device/event] event=decision req=212
[device/event] event=decision req=212
[device/event] event=decision req=212
[device/event] event=decision req=212
[device/event] event=decision req=212
[device/event] event=decision req=212
[device/event] event=decision req=212
[device/event] event=decision req=212
[device/event] event=decision req=212
[device/event] event=decision req=212
[device/event] event=decision req=212
[device/event] event=decision req=212
[device/event] event=decision req=212
[device/event] event=decision req=212
[device/event] event=decision req=212
[device/event] event=decision req=212
[device/event] event=decision req=212
[device/event] event=decision req=212
[device/event] event=decision req=212
[device/event] event=decision req=212
[device/event] event=decision req=212
[device/event] event=decision req=212
[device/event] event=decision req=212
[device/event] event=decision req=212
[device/event] event=run_complete req=212
[device/event] event=freeze req=213
[device/event] event=freeze req=214
[device/event] event=reset req=215
[device/event] event=clocks req=216
[device/event] event=decision req=217
[device/event] event=decision req=217
[device/event] event=decision req=217
[device/event] event=decision req=217
[device/event] event=decision req=217
[device/event] event=decision req=217
[device/event] event=decision req=217
[device/event] event=decision req=217
[device/event] event=decision req=217
[device/event] event=decision req=217
[device/event] event=decision req=217
[device/event] event=decision req=217
[device/event] event=decision req=217
[device/event] event=decision req=217
[device/event] event=decision req=217
[device/event] event=decision req=217
[device/event] event=decision req=217
[device/event] event=decision req=217
[device/event] event=decision req=217
[device/event] event=decision req=217
[device/event] event=decision req=217
[device/event] event=decision req=217
[device/event] event=decision req=217
[device/event] event=decision req=217
[device/event] event=decision req=217
[device/event] event=decision req=217
[device/event] event=decision req=217
[device/event] event=decision req=217
[device/event] event=decision req=217
[device/event] event=decision req=217
[device/event] event=decision req=217
[device/event] event=decision req=217
[device/event] event=decision req=217
[device/event] event=decision req=217
[device/event] event=decision req=217
[device/event] event=decision req=217
[device/event] event=decision req=217
[device/event] event=decision req=217
[device/event] event=decision req=217
[device/event] event=decision req=217
[device/event] event=decision req=217
[device/event] event=decision req=217
[device/event] event=decision req=217
[device/event] event=decision req=217
[device/event] event=decision req=217
[device/event] event=decision req=217
[device/event] event=decision req=217
[device/event] event=decision req=217
[device/event] event=decision req=217
[device/event] event=decision req=217
[device/event] event=decision req=217
[device/event] event=decision req=217
[device/event] event=decision req=217
[device/event] event=decision req=217
[device/event] event=decision req=217
[device/event] event=decision req=217
[device/event] event=decision req=217
[device/event] event=decision req=217
[device/event] event=decision req=217
[device/event] event=decision req=217
[device/event] event=decision req=217
[device/event] event=decision req=217
[device/event] event=decision req=217
[device/event] event=decision req=217
[device/event] event=decision req=217
[device/event] event=decision req=217
[device/event] event=decision req=217
[device/event] event=decision req=217
[device/event] event=decision req=217
[device/event] event=decision req=217
[device/event] event=decision req=217
[device/event] event=decision req=217
[device/event] event=decision req=217
[device/event] event=decision req=217
[device/event] event=decision req=217
[device/event] event=decision req=217
[device/event] event=decision req=217
[device/event] event=decision req=217
[device/event] event=decision req=217
[device/event] event=decision req=217
[device/event] event=decision req=217
[device/event] event=decision req=217
[device/event] event=decision req=217
[device/event] event=decision req=217
[device/event] event=decision req=217
[device/event] event=decision req=217
[device/event] event=decision req=217
[device/event] event=decision req=217
[device/event] event=decision req=217
[device/event] event=decision req=217
[device/event] event=decision req=217
[device/event] event=decision req=217
[device/event] event=decision req=217
[device/event] event=decision req=217
[device/event] event=decision req=217
[device/event] event=decision req=217
[device/event] event=decision req=217
[device/event] event=decision req=217
[device/event] event=decision req=217
[device/event] event=decision req=217
[device/event] event=decision req=217
[device/event] event=decision req=217
[device/event] event=decision req=217
[device/event] event=decision req=217
[device/event] event=decision req=217
[device/event] event=decision req=217
[device/event] event=decision req=217
[device/event] event=decision req=217
[device/event] event=run_complete req=217
[device/event] event=reset req=218
[device/event] event=status req=219
[device/event] event=decision req=220
[device/event] event=status req=221
[device/event] event=reset req=222
[device/event] event=clocks req=223
[device/event] event=decision req=224
[device/event] event=decision req=224
[device/event] event=decision req=224
[device/event] event=decision req=224
[device/event] event=decision req=224
[device/event] event=decision req=224
[device/event] event=decision req=224
[device/event] event=decision req=224
[device/event] event=decision req=224
[device/event] event=decision req=224
[device/event] event=decision req=224
[device/event] event=decision req=224
[device/event] event=decision req=224
[device/event] event=decision req=224
[device/event] event=decision req=224
[device/event] event=decision req=224
[device/event] event=decision req=224
[device/event] event=decision req=224
[device/event] event=decision req=224
[device/event] event=decision req=224
[device/event] event=decision req=224
[device/event] event=decision req=224
[device/event] event=decision req=224
[device/event] event=decision req=224
[device/event] event=decision req=224
[device/event] event=decision req=224
[device/event] event=decision req=224
[device/event] event=decision req=224
[device/event] event=decision req=224
[device/event] event=decision req=224
[device/event] event=decision req=224
[device/event] event=decision req=224
[device/event] event=decision req=224
[device/event] event=decision req=224
[device/event] event=decision req=224
[device/event] event=decision req=224
[device/event] event=decision req=224
[device/event] event=decision req=224
[device/event] event=decision req=224
[device/event] event=decision req=224
[device/event] event=decision req=224
[device/event] event=decision req=224
[device/event] event=decision req=224
[device/event] event=decision req=224
[device/event] event=decision req=224
[device/event] event=decision req=224
[device/event] event=decision req=224
[device/event] event=decision req=224
[device/event] event=decision req=224
[device/event] event=decision req=224
[device/event] event=decision req=224
[device/event] event=decision req=224
[device/event] event=decision req=224
[device/event] event=decision req=224
[device/event] event=decision req=224
[device/event] event=decision req=224
[device/event] event=decision req=224
[device/event] event=decision req=224
[device/event] event=decision req=224
[device/event] event=decision req=224
[device/event] event=decision req=224
[device/event] event=decision req=224
[device/event] event=decision req=224
[device/event] event=decision req=224
[device/event] event=decision req=224
[device/event] event=decision req=224
[device/event] event=decision req=224
[device/event] event=decision req=224
[device/event] event=decision req=224
[device/event] event=decision req=224
[device/event] event=decision req=224
[device/event] event=decision req=224
[device/event] event=decision req=224
[device/event] event=decision req=224
[device/event] event=decision req=224
[device/event] event=decision req=224
[device/event] event=decision req=224
[device/event] event=decision req=224
[device/event] event=decision req=224
[device/event] event=decision req=224
[device/event] event=decision req=224
[device/event] event=decision req=224
[device/event] event=decision req=224
[device/event] event=decision req=224
[device/event] event=decision req=224
[device/event] event=decision req=224
[device/event] event=decision req=224
[device/event] event=decision req=224
[device/event] event=decision req=224
[device/event] event=decision req=224
[device/event] event=decision req=224
[device/event] event=decision req=224
[device/event] event=decision req=224
[device/event] event=decision req=224
[device/event] event=decision req=224
[device/event] event=decision req=224
[device/event] event=decision req=224
[device/event] event=decision req=224
[device/event] event=decision req=224
[device/event] event=decision req=224
[device/event] event=decision req=224
[device/event] event=decision req=224
[device/event] event=decision req=224
[device/event] event=decision req=224
[device/event] event=decision req=224
[device/event] event=decision req=224
[device/event] event=decision req=224
[device/event] event=decision req=224
[device/event] event=run_complete req=224
[device/event] event=freeze req=225
[device/event] event=freeze req=226
[device/event] event=reset req=227
[device/event] event=clocks req=228
[device/event] event=decision req=229
[device/event] event=decision req=229
[device/event] event=decision req=229
[device/event] event=decision req=229
[device/event] event=run_complete req=229
[device/event] event=reset req=230
[device/event] event=status req=231
[device/event] event=decision req=232
[device/event] event=status req=233
[device/raw-drop] eue_depth":0,"proposal_queue_depth":0,"control_queue_depth":0}
[device/event] event=reset req=235
[device/event] event=clocks req=236
[device/event] event=decision req=237
[device/event] event=decision req=237
[device/event] event=decision req=237
[device/event] event=decision req=237
[device/event] event=run_complete req=237
[device/event] event=freeze req=238
[device/event] event=freeze req=239
[device/event] event=reset req=240
[device/event] event=clocks req=241
[device/event] event=decision req=242
[device/event] event=decision req=242
[device/event] event=decision req=242
[device/event] event=decision req=242
[device/event] event=decision req=242
[device/event] event=decision req=242
[device/event] event=decision req=242
[device/event] event=decision req=242
[device/event] event=decision req=242
[device/event] event=decision req=242
[device/event] event=decision req=242
[device/event] event=decision req=242
[device/event] event=decision req=242
[device/event] event=decision req=242
[device/event] event=decision req=242
[device/event] event=decision req=242
[device/event] event=decision req=242
[device/event] event=decision req=242
[device/event] event=decision req=242
[device/event] event=decision req=242
[device/event] event=decision req=242
[device/event] event=decision req=242
[device/event] event=decision req=242
[device/event] event=decision req=242
[device/event] event=decision req=242
[device/event] event=decision req=242
[device/event] event=decision req=242
[device/event] event=decision req=242
[device/event] event=decision req=242
[device/event] event=decision req=242
[device/event] event=decision req=242
[device/event] event=decision req=242
[device/event] event=decision req=242
[device/event] event=decision req=242
[device/event] event=decision req=242
[device/event] event=decision req=242
[device/event] event=decision req=242
[device/event] event=decision req=242
[device/event] event=decision req=242
[device/event] event=decision req=242
[device/event] event=decision req=242
[device/event] event=decision req=242
[device/event] event=decision req=242
[device/event] event=decision req=242
[device/event] event=decision req=242
[device/event] event=decision req=242
[device/event] event=decision req=242
[device/event] event=decision req=242
[device/event] event=decision req=242
[device/event] event=decision req=242
[device/event] event=decision req=242
[device/event] event=decision req=242
[device/event] event=decision req=242
[device/event] event=decision req=242
[device/event] event=decision req=242
[device/event] event=decision req=242
[device/event] event=decision req=242
[device/event] event=decision req=242
[device/event] event=decision req=242
[device/event] event=decision req=242
[device/event] event=decision req=242
[device/event] event=decision req=242
[device/event] event=decision req=242
[device/event] event=decision req=242
[device/event] event=decision req=242
[device/event] event=decision req=242
[device/event] event=decision req=242
[device/event] event=decision req=242
[device/event] event=decision req=242
[device/event] event=decision req=242
[device/event] event=decision req=242
[device/event] event=decision req=242
[device/event] event=decision req=242
[device/event] event=decision req=242
[device/event] event=decision req=242
[device/event] event=decision req=242
[device/event] event=decision req=242
[device/event] event=decision req=242
[device/event] event=decision req=242
[device/event] event=decision req=242
[device/event] event=decision req=242
[device/event] event=decision req=242
[device/event] event=decision req=242
[device/event] event=decision req=242
[device/event] event=decision req=242
[device/event] event=decision req=242
[device/event] event=decision req=242
[device/event] event=decision req=242
[device/event] event=decision req=242
[device/event] event=decision req=242
[device/event] event=decision req=242
[device/event] event=decision req=242
[device/event] event=decision req=242
[device/event] event=decision req=242
[device/event] event=decision req=242
[device/event] event=decision req=242
[device/event] event=decision req=242
[device/event] event=decision req=242
[device/event] event=decision req=242
[device/event] event=decision req=242
[device/event] event=decision req=242
[device/event] event=decision req=242
[device/event] event=decision req=242
[device/event] event=decision req=242
[device/event] event=decision req=242
[device/event] event=decision req=242
[device/event] event=decision req=242
[device/event] event=decision req=242
[device/event] event=decision req=242
[device/event] event=decision req=242
[device/event] event=decision req=242
[device/event] event=decision req=242
[device/event] event=decision req=242
[device/event] event=decision req=242
[device/event] event=decision req=242
[device/event] event=decision req=242
[device/event] event=decision req=242
[device/event] event=decision req=242
[device/event] event=decision req=242
[device/event] event=decision req=242
[device/event] event=decision req=242
[device/event] event=decision req=242
[device/event] event=decision req=242
[device/event] event=decision req=242
[device/event] event=decision req=242
[device/event] event=decision req=242
[device/event] event=decision req=242
[device/event] event=decision req=242
[device/event] event=decision req=242
[device/event] event=decision req=242
[device/event] event=decision req=242
[device/event] event=decision req=242
[device/event] event=decision req=242
[device/event] event=decision req=242
[device/event] event=decision req=242
[device/event] event=decision req=242
[device/event] event=decision req=242
[device/event] event=decision req=242
[device/event] event=decision req=242
[device/event] event=decision req=242
[device/event] event=decision req=242
[device/event] event=decision req=242
[device/event] event=decision req=242
[device/event] event=decision req=242
[device/event] event=decision req=242
[device/event] event=decision req=242
[device/event] event=decision req=242
[device/event] event=decision req=242
[device/event] event=decision req=242
[device/event] event=decision req=242
[device/event] event=decision req=242
[device/event] event=decision req=242
[device/event] event=decision req=242
[device/event] event=decision req=242
[device/event] event=decision req=242
[device/event] event=decision req=242
[device/event] event=decision req=242
[device/event] event=decision req=242
[device/event] event=decision req=242
[device/event] event=decision req=242
[device/event] event=decision req=242
[device/event] event=decision req=242
[device/event] event=run_complete req=242
[device/event] event=reset req=243
[device/event] event=status req=244
[device/event] event=decision req=245
[device/event] event=status req=246
[device/event] event=reset req=247
[device/event] event=clocks req=248
[device/event] event=decision req=249
[device/event] event=decision req=249
[device/event] event=decision req=249
[device/event] event=decision req=249
[device/event] event=decision req=249
[device/event] event=decision req=249
[device/event] event=decision req=249
[device/event] event=decision req=249
[device/event] event=decision req=249
[device/event] event=decision req=249
[device/event] event=decision req=249
[device/event] event=decision req=249
[device/event] event=decision req=249
[device/event] event=decision req=249
[device/event] event=decision req=249
[device/event] event=decision req=249
[device/event] event=decision req=249
[device/event] event=decision req=249
[device/event] event=decision req=249
[device/event] event=decision req=249
[device/event] event=decision req=249
[device/event] event=decision req=249
[device/event] event=decision req=249
[device/event] event=decision req=249
[device/event] event=decision req=249
[device/event] event=decision req=249
[device/event] event=decision req=249
[device/event] event=decision req=249
[device/event] event=decision req=249
[device/event] event=decision req=249
[device/event] event=decision req=249
[device/event] event=decision req=249
[device/event] event=decision req=249
[device/event] event=decision req=249
[device/event] event=decision req=249
[device/event] event=decision req=249
[device/event] event=decision req=249
[device/event] event=decision req=249
[device/event] event=decision req=249
[device/event] event=decision req=249
[device/event] event=decision req=249
[device/event] event=decision req=249
[device/event] event=decision req=249
[device/event] event=decision req=249
[device/event] event=decision req=249
[device/event] event=decision req=249
[device/event] event=decision req=249
[device/event] event=decision req=249
[device/event] event=decision req=249
[device/event] event=decision req=249
[device/event] event=decision req=249
[device/event] event=decision req=249
[device/event] event=decision req=249
[device/event] event=decision req=249
[device/event] event=decision req=249
[device/event] event=decision req=249
[device/event] event=decision req=249
[device/event] event=decision req=249
[device/event] event=decision req=249
[device/event] event=decision req=249
[device/event] event=decision req=249
[device/event] event=decision req=249
[device/event] event=decision req=249
[device/event] event=decision req=249
[device/event] event=decision req=249
[device/event] event=decision req=249
[device/event] event=decision req=249
[device/event] event=decision req=249
[device/event] event=decision req=249
[device/event] event=decision req=249
[device/event] event=decision req=249
[device/event] event=decision req=249
[device/event] event=decision req=249
[device/event] event=decision req=249
[device/event] event=decision req=249
[device/event] event=decision req=249
[device/event] event=decision req=249
[device/event] event=decision req=249
[device/event] event=decision req=249
[device/event] event=decision req=249
[device/event] event=decision req=249
[device/event] event=decision req=249
[device/event] event=decision req=249
[device/event] event=decision req=249
[device/event] event=decision req=249
[device/event] event=decision req=249
[device/event] event=decision req=249
[device/event] event=decision req=249
[device/event] event=decision req=249
[device/event] event=decision req=249
[device/event] event=decision req=249
[device/event] event=decision req=249
[device/event] event=decision req=249
[device/event] event=decision req=249
[device/event] event=decision req=249
[device/event] event=decision req=249
[device/event] event=decision req=249
[device/event] event=decision req=249
[device/event] event=decision req=249
[device/event] event=decision req=249
[device/event] event=decision req=249
[device/event] event=decision req=249
[device/event] event=decision req=249
[device/event] event=decision req=249
[device/event] event=decision req=249
[device/event] event=decision req=249
[device/event] event=decision req=249
[device/event] event=decision req=249
[device/event] event=decision req=249
[device/event] event=decision req=249
[device/event] event=decision req=249
[device/event] event=decision req=249
[device/event] event=decision req=249
[device/event] event=decision req=249
[device/event] event=decision req=249
[device/event] event=decision req=249
[device/event] event=decision req=249
[device/event] event=decision req=249
[device/event] event=decision req=249
[device/event] event=decision req=249
[device/event] event=decision req=249
[device/event] event=decision req=249
[device/event] event=decision req=249
[device/event] event=decision req=249
[device/event] event=decision req=249
[device/event] event=decision req=249
[device/event] event=decision req=249
[device/event] event=decision req=249
[device/event] event=decision req=249
[device/event] event=decision req=249
[device/event] event=decision req=249
[device/event] event=decision req=249
[device/event] event=decision req=249
[device/event] event=decision req=249
[device/event] event=decision req=249
[device/event] event=decision req=249
[device/event] event=decision req=249
[device/event] event=decision req=249
[device/event] event=decision req=249
[device/event] event=decision req=249
[device/event] event=decision req=249
[device/event] event=decision req=249
[device/event] event=decision req=249
[device/event] event=decision req=249
[device/event] event=decision req=249
[device/event] event=decision req=249
[device/event] event=decision req=249
[device/event] event=decision req=249
[device/event] event=decision req=249
[device/event] event=decision req=249
[device/event] event=decision req=249
[device/event] event=decision req=249
[device/event] event=decision req=249
[device/event] event=decision req=249
[device/event] event=decision req=249
[device/event] event=decision req=249
[device/event] event=decision req=249
[device/event] event=decision req=249
[device/event] event=decision req=249
[device/event] event=decision req=249
[device/event] event=decision req=249
[device/event] event=decision req=249
[device/event] event=run_complete req=249
[device/event] event=freeze req=250
[device/event] event=freeze req=251
[device/event] event=reset req=252
[device/event] event=clocks req=253
[device/event] event=decision req=254
[device/event] event=decision req=254
[device/event] event=decision req=254
[device/event] event=decision req=254
[device/event] event=decision req=254
[device/event] event=decision req=254
[device/event] event=decision req=254
[device/event] event=decision req=254
[device/event] event=decision req=254
[device/event] event=decision req=254
[device/event] event=decision req=254
[device/event] event=decision req=254
[device/event] event=decision req=254
[device/event] event=decision req=254
[device/event] event=decision req=254
[device/event] event=decision req=254
[device/event] event=decision req=254
[device/event] event=decision req=254
[device/event] event=decision req=254
[device/event] event=decision req=254
[device/event] event=decision req=254
[device/event] event=decision req=254
[device/event] event=decision req=254
[device/event] event=decision req=254
[device/event] event=decision req=254
[device/event] event=decision req=254
[device/event] event=decision req=254
[device/event] event=decision req=254
[device/event] event=decision req=254
[device/event] event=decision req=254
[device/event] event=decision req=254
[device/event] event=decision req=254
[device/event] event=decision req=254
[device/event] event=decision req=254
[device/event] event=decision req=254
[device/event] event=decision req=254
[device/event] event=decision req=254
[device/event] event=decision req=254
[device/event] event=decision req=254
[device/event] event=decision req=254
[device/event] event=decision req=254
[device/event] event=decision req=254
[device/event] event=decision req=254
[device/event] event=decision req=254
[device/event] event=decision req=254
[device/event] event=decision req=254
[device/event] event=decision req=254
[device/event] event=decision req=254
[device/event] event=decision req=254
[device/event] event=decision req=254
[device/event] event=decision req=254
[device/event] event=decision req=254
[device/event] event=decision req=254
[device/event] event=decision req=254
[device/event] event=decision req=254
[device/event] event=decision req=254
[device/event] event=decision req=254
[device/event] event=decision req=254
[device/event] event=decision req=254
[device/event] event=decision req=254
[device/event] event=decision req=254
[device/event] event=decision req=254
[device/event] event=decision req=254
[device/event] event=decision req=254
[device/event] event=decision req=254
[device/event] event=decision req=254
[device/event] event=decision req=254
[device/event] event=decision req=254
[device/event] event=decision req=254
[device/event] event=decision req=254
[device/event] event=decision req=254
[device/event] event=decision req=254
[device/event] event=decision req=254
[device/event] event=decision req=254
[device/event] event=decision req=254
[device/event] event=decision req=254
[device/event] event=decision req=254
[device/event] event=decision req=254
[device/event] event=decision req=254
[device/event] event=decision req=254
[device/event] event=decision req=254
[device/event] event=decision req=254
[device/event] event=decision req=254
[device/event] event=decision req=254
[device/event] event=decision req=254
[device/event] event=decision req=254
[device/event] event=decision req=254
[device/event] event=decision req=254
[device/event] event=decision req=254
[device/event] event=decision req=254
[device/event] event=decision req=254
[device/event] event=decision req=254
[device/event] event=decision req=254
[device/event] event=decision req=254
[device/event] event=decision req=254
[device/event] event=decision req=254
[device/event] event=decision req=254
[device/event] event=decision req=254
[device/event] event=decision req=254
[device/event] event=decision req=254
[device/event] event=decision req=254
[device/event] event=decision req=254
[device/event] event=decision req=254
[device/event] event=decision req=254
[device/event] event=decision req=254
[device/event] event=decision req=254
[device/event] event=decision req=254
[device/event] event=decision req=254
[device/event] event=decision req=254
[device/event] event=decision req=254
[device/event] event=decision req=254
[device/event] event=decision req=254
[device/event] event=decision req=254
[device/event] event=decision req=254
[device/event] event=decision req=254
[device/event] event=decision req=254
[device/event] event=decision req=254
[device/event] event=decision req=254
[device/event] event=decision req=254
[device/event] event=decision req=254
[device/event] event=decision req=254
[device/event] event=decision req=254
[device/event] event=decision req=254
[device/event] event=decision req=254
[device/event] event=decision req=254
[device/event] event=decision req=254
[device/event] event=run_complete req=254
[device/event] event=reset req=255
[device/event] event=status req=256
[device/event] event=decision req=257
[device/event] event=status req=258
[device/event] event=reset req=259
[device/event] event=clocks req=260
[device/event] event=decision req=261
[device/event] event=decision req=261
[device/event] event=decision req=261
[device/event] event=decision req=261
[device/event] event=decision req=261
[device/event] event=decision req=261
[device/event] event=decision req=261
[device/event] event=decision req=261
[device/event] event=decision req=261
[device/event] event=decision req=261
[device/event] event=decision req=261
[device/event] event=decision req=261
[device/event] event=decision req=261
[device/event] event=decision req=261
[device/event] event=decision req=261
[device/event] event=decision req=261
[device/event] event=decision req=261
[device/event] event=decision req=261
[device/event] event=decision req=261
[device/event] event=decision req=261
[device/event] event=decision req=261
[device/event] event=decision req=261
[device/event] event=decision req=261
[device/event] event=decision req=261
[device/event] event=decision req=261
[device/event] event=decision req=261
[device/event] event=decision req=261
[device/event] event=decision req=261
[device/event] event=decision req=261
[device/event] event=decision req=261
[device/event] event=decision req=261
[device/event] event=decision req=261
[device/event] event=decision req=261
[device/event] event=decision req=261
[device/event] event=decision req=261
[device/event] event=decision req=261
[device/event] event=decision req=261
[device/event] event=decision req=261
[device/event] event=decision req=261
[device/event] event=decision req=261
[device/event] event=decision req=261
[device/event] event=decision req=261
[device/event] event=decision req=261
[device/event] event=decision req=261
[device/event] event=decision req=261
[device/event] event=decision req=261
[device/event] event=decision req=261
[device/event] event=decision req=261
[device/event] event=decision req=261
[device/event] event=decision req=261
[device/event] event=decision req=261
[device/event] event=decision req=261
[device/event] event=decision req=261
[device/event] event=decision req=261
[device/event] event=decision req=261
[device/event] event=decision req=261
[device/event] event=decision req=261
[device/event] event=decision req=261
[device/event] event=decision req=261
[device/event] event=decision req=261
[device/event] event=decision req=261
[device/event] event=decision req=261
[device/event] event=decision req=261
[device/event] event=decision req=261
[device/event] event=decision req=261
[device/event] event=decision req=261
[device/event] event=decision req=261
[device/event] event=decision req=261
[device/event] event=decision req=261
[device/event] event=decision req=261
[device/event] event=decision req=261
[device/event] event=decision req=261
[device/event] event=decision req=261
[device/event] event=decision req=261
[device/event] event=decision req=261
[device/event] event=decision req=261
[device/event] event=decision req=261
[device/event] event=decision req=261
[device/event] event=decision req=261
[device/event] event=decision req=261
[device/event] event=decision req=261
[device/event] event=decision req=261
[device/event] event=decision req=261
[device/event] event=decision req=261
[device/event] event=decision req=261
[device/event] event=decision req=261
[device/event] event=decision req=261
[device/event] event=decision req=261
[device/event] event=decision req=261
[device/event] event=decision req=261
[device/event] event=decision req=261
[device/event] event=decision req=261
[device/event] event=decision req=261
[device/event] event=decision req=261
[device/event] event=decision req=261
[device/event] event=decision req=261
[device/event] event=decision req=261
[device/event] event=decision req=261
[device/event] event=decision req=261
[device/event] event=decision req=261
[device/event] event=decision req=261
[device/event] event=decision req=261
[device/event] event=decision req=261
[device/event] event=decision req=261
[device/event] event=decision req=261
[device/event] event=decision req=261
[device/event] event=decision req=261
[device/event] event=decision req=261
[device/event] event=decision req=261
[device/event] event=decision req=261
[device/event] event=decision req=261
[device/event] event=decision req=261
[device/event] event=decision req=261
[device/event] event=decision req=261
[device/event] event=decision req=261
[device/event] event=decision req=261
[device/event] event=decision req=261
[device/event] event=decision req=261
[device/event] event=decision req=261
[device/event] event=decision req=261
[device/event] event=decision req=261
[device/event] event=decision req=261
[device/event] event=decision req=261
[device/event] event=decision req=261
[device/event] event=decision req=261
[device/event] event=decision req=261
[device/event] event=run_complete req=261
[device/event] event=freeze req=262
[device/event] event=freeze req=263
[device/event] event=reset req=264
[device/event] event=clocks req=265
[device/event] event=decision req=266
[device/event] event=decision req=266
[device/event] event=decision req=266
[device/event] event=decision req=266
[device/event] event=decision req=266
[device/event] event=decision req=266
[device/event] event=decision req=266
[device/event] event=decision req=266
[device/event] event=decision req=266
[device/event] event=decision req=266
[device/event] event=decision req=266
[device/event] event=decision req=266
[device/event] event=decision req=266
[device/event] event=decision req=266
[device/event] event=decision req=266
[device/event] event=decision req=266
[device/event] event=decision req=266
[device/event] event=decision req=266
[device/event] event=decision req=266
[device/event] event=decision req=266
[device/event] event=decision req=266
[device/event] event=decision req=266
[device/event] event=decision req=266
[device/event] event=decision req=266
[device/event] event=decision req=266
[device/event] event=decision req=266
[device/event] event=decision req=266
[device/event] event=decision req=266
[device/event] event=decision req=266
[device/event] event=decision req=266
[device/event] event=decision req=266
[device/event] event=decision req=266
[device/event] event=decision req=266
[device/event] event=decision req=266
[device/event] event=decision req=266
[device/event] event=decision req=266
[device/event] event=decision req=266
[device/event] event=decision req=266
[device/event] event=decision req=266
[device/event] event=decision req=266
[device/event] event=decision req=266
[device/event] event=decision req=266
[device/event] event=decision req=266
[device/event] event=decision req=266
[device/event] event=decision req=266
[device/event] event=decision req=266
[device/event] event=decision req=266
[device/event] event=decision req=266
[device/event] event=decision req=266
[device/event] event=decision req=266
[device/event] event=decision req=266
[device/event] event=decision req=266
[device/event] event=decision req=266
[device/event] event=decision req=266
[device/event] event=decision req=266
[device/event] event=decision req=266
[device/event] event=decision req=266
[device/event] event=decision req=266
[device/event] event=decision req=266
[device/event] event=decision req=266
[device/event] event=decision req=266
[device/event] event=decision req=266
[device/event] event=decision req=266
[device/event] event=decision req=266
[device/event] event=decision req=266
[device/event] event=decision req=266
[device/event] event=decision req=266
[device/event] event=decision req=266
[device/event] event=decision req=266
[device/event] event=decision req=266
[device/event] event=decision req=266
[device/event] event=decision req=266
[device/event] event=decision req=266
[device/event] event=decision req=266
[device/event] event=decision req=266
[device/event] event=decision req=266
[device/event] event=decision req=266
[device/event] event=decision req=266
[device/event] event=decision req=266
[device/event] event=decision req=266
[device/event] event=decision req=266
[device/event] event=decision req=266
[device/event] event=decision req=266
[device/event] event=decision req=266
[device/event] event=decision req=266
[device/event] event=decision req=266
[device/event] event=decision req=266
[device/event] event=decision req=266
[device/event] event=decision req=266
[device/event] event=decision req=266
[device/event] event=decision req=266
[device/event] event=decision req=266
[device/event] event=decision req=266
[device/event] event=decision req=266
[device/event] event=decision req=266
[device/event] event=decision req=266
[device/event] event=decision req=266
[device/event] event=decision req=266
[device/event] event=decision req=266
[device/event] event=decision req=266
[device/event] event=decision req=266
[device/event] event=decision req=266
[device/event] event=decision req=266
[device/event] event=decision req=266
[device/event] event=decision req=266
[device/event] event=decision req=266
[device/event] event=decision req=266
[device/event] event=decision req=266
[device/event] event=decision req=266
[device/event] event=decision req=266
[device/event] event=decision req=266
[device/event] event=decision req=266
[device/event] event=decision req=266
[device/event] event=decision req=266
[device/event] event=decision req=266
[device/event] event=decision req=266
[device/event] event=decision req=266
[device/event] event=decision req=266
[device/event] event=decision req=266
[device/event] event=decision req=266
[device/event] event=decision req=266
[device/event] event=decision req=266
[device/event] event=decision req=266
[device/event] event=decision req=266
[device/event] event=decision req=266
[device/event] event=decision req=266
[device/event] event=decision req=266
[device/event] event=decision req=266
[device/event] event=decision req=266
[device/event] event=decision req=266
[device/event] event=decision req=266
[device/event] event=decision req=266
[device/event] event=decision req=266
[device/event] event=decision req=266
[device/event] event=decision req=266
[device/event] event=decision req=266
[device/event] event=run_complete req=266
[device/event] event=reset req=267
[device/event] event=status req=268
[device/event] event=decision req=269
[device/event] event=status req=270
[device/event] event=reset req=271
[device/event] event=clocks req=272
[device/event] event=decision req=273
[device/event] event=decision req=273
[device/event] event=decision req=273
[device/event] event=decision req=273
[device/event] event=decision req=273
[device/event] event=decision req=273
[device/event] event=decision req=273
[device/event] event=decision req=273
[device/event] event=decision req=273
[device/event] event=decision req=273
[device/event] event=decision req=273
[device/event] event=decision req=273
[device/event] event=decision req=273
[device/event] event=decision req=273
[device/event] event=decision req=273
[device/event] event=decision req=273
[device/event] event=decision req=273
[device/event] event=decision req=273
[device/event] event=decision req=273
[device/event] event=decision req=273
[device/event] event=decision req=273
[device/event] event=decision req=273
[device/event] event=decision req=273
[device/event] event=decision req=273
[device/event] event=decision req=273
[device/event] event=decision req=273
[device/event] event=decision req=273
[device/event] event=decision req=273
[device/event] event=decision req=273
[device/event] event=decision req=273
[device/event] event=decision req=273
[device/event] event=decision req=273
[device/event] event=decision req=273
[device/event] event=decision req=273
[device/event] event=decision req=273
[device/event] event=decision req=273
[device/event] event=decision req=273
[device/event] event=decision req=273
[device/event] event=decision req=273
[device/event] event=decision req=273
[device/event] event=decision req=273
[device/event] event=decision req=273
[device/event] event=decision req=273
[device/event] event=decision req=273
[device/event] event=decision req=273
[device/event] event=decision req=273
[device/event] event=decision req=273
[device/event] event=decision req=273
[device/event] event=decision req=273
[device/event] event=decision req=273
[device/event] event=decision req=273
[device/event] event=decision req=273
[device/event] event=decision req=273
[device/event] event=decision req=273
[device/event] event=decision req=273
[device/event] event=decision req=273
[device/event] event=decision req=273
[device/event] event=decision req=273
[device/event] event=decision req=273
[device/event] event=decision req=273
[device/event] event=decision req=273
[device/event] event=decision req=273
[device/event] event=decision req=273
[device/event] event=decision req=273
[device/event] event=decision req=273
[device/event] event=decision req=273
[device/event] event=decision req=273
[device/event] event=decision req=273
[device/event] event=decision req=273
[device/event] event=decision req=273
[device/event] event=decision req=273
[device/event] event=decision req=273
[device/event] event=decision req=273
[device/event] event=decision req=273
[device/event] event=decision req=273
[device/event] event=decision req=273
[device/event] event=decision req=273
[device/event] event=decision req=273
[device/event] event=decision req=273
[device/event] event=decision req=273
[device/event] event=decision req=273
[device/event] event=decision req=273
[device/event] event=decision req=273
[device/event] event=decision req=273
[device/event] event=decision req=273
[device/event] event=decision req=273
[device/event] event=decision req=273
[device/event] event=decision req=273
[device/event] event=decision req=273
[device/event] event=decision req=273
[device/event] event=decision req=273
[device/event] event=decision req=273
[device/event] event=decision req=273
[device/event] event=decision req=273
[device/event] event=decision req=273
[device/event] event=decision req=273
[device/event] event=decision req=273
[device/event] event=decision req=273
[device/event] event=decision req=273
[device/event] event=decision req=273
[device/event] event=decision req=273
[device/event] event=decision req=273
[device/event] event=decision req=273
[device/event] event=decision req=273
[device/event] event=decision req=273
[device/event] event=decision req=273
[device/event] event=decision req=273
[device/event] event=decision req=273
[device/event] event=decision req=273
[device/event] event=decision req=273
[device/event] event=decision req=273
[device/event] event=decision req=273
[device/event] event=decision req=273
[device/event] event=decision req=273
[device/event] event=decision req=273
[device/event] event=decision req=273
[device/event] event=decision req=273
[device/event] event=decision req=273
[device/event] event=decision req=273
[device/event] event=decision req=273
[device/event] event=decision req=273
[device/event] event=decision req=273
[device/event] event=decision req=273
[device/event] event=decision req=273
[device/event] event=decision req=273
[device/event] event=decision req=273
[device/event] event=decision req=273
[device/event] event=decision req=273
[device/event] event=decision req=273
[device/event] event=decision req=273
[device/event] event=decision req=273
[device/event] event=decision req=273
[device/event] event=decision req=273
[device/event] event=decision req=273
[device/event] event=decision req=273
[device/event] event=decision req=273
[device/event] event=run_complete req=273
[device/event] event=freeze req=274
[device/event] event=freeze req=275
[device/event] event=reset req=276
[device/event] event=clocks req=277
[device/event] event=decision req=278
[device/event] event=decision req=278
[device/event] event=decision req=278
[device/event] event=decision req=278
[device/event] event=decision req=278
[device/event] event=decision req=278
[device/event] event=decision req=278
[device/event] event=decision req=278
[device/event] event=decision req=278
[device/event] event=decision req=278
[device/event] event=decision req=278
[device/event] event=decision req=278
[device/event] event=decision req=278
[device/event] event=decision req=278
[device/event] event=decision req=278
[device/event] event=decision req=278
[device/event] event=decision req=278
[device/event] event=decision req=278
[device/event] event=decision req=278
[device/event] event=decision req=278
[device/event] event=decision req=278
[device/event] event=decision req=278
[device/event] event=decision req=278
[device/event] event=decision req=278
[device/event] event=decision req=278
[device/event] event=decision req=278
[device/event] event=decision req=278
[device/event] event=decision req=278
[device/event] event=decision req=278
[device/event] event=decision req=278
[device/event] event=decision req=278
[device/event] event=decision req=278
[device/event] event=decision req=278
[device/event] event=decision req=278
[device/event] event=decision req=278
[device/event] event=decision req=278
[device/event] event=decision req=278
[device/event] event=decision req=278
[device/event] event=decision req=278
[device/event] event=decision req=278
[device/event] event=decision req=278
[device/event] event=decision req=278
[device/event] event=decision req=278
[device/event] event=decision req=278
[device/event] event=decision req=278
[device/event] event=decision req=278
[device/event] event=decision req=278
[device/event] event=decision req=278
[device/event] event=decision req=278
[device/event] event=decision req=278
[device/event] event=decision req=278
[device/event] event=decision req=278
[device/event] event=decision req=278
[device/event] event=decision req=278
[device/event] event=decision req=278
[device/event] event=decision req=278
[device/event] event=decision req=278
[device/event] event=decision req=278
[device/event] event=decision req=278
[device/event] event=decision req=278
[device/event] event=decision req=278
[device/event] event=decision req=278
[device/event] event=decision req=278
[device/event] event=decision req=278
[device/event] event=decision req=278
[device/event] event=decision req=278
[device/event] event=decision req=278
[device/event] event=decision req=278
[device/event] event=decision req=278
[device/event] event=decision req=278
[device/event] event=decision req=278
[device/event] event=decision req=278
[device/event] event=decision req=278
[device/event] event=decision req=278
[device/event] event=decision req=278
[device/event] event=decision req=278
[device/event] event=decision req=278
[device/event] event=decision req=278
[device/event] event=decision req=278
[device/event] event=decision req=278
[device/event] event=decision req=278
[device/event] event=decision req=278
[device/event] event=decision req=278
[device/event] event=decision req=278
[device/event] event=decision req=278
[device/event] event=decision req=278
[device/event] event=decision req=278
[device/event] event=decision req=278
[device/event] event=decision req=278
[device/event] event=decision req=278
[device/event] event=decision req=278
[device/event] event=decision req=278
[device/event] event=decision req=278
[device/event] event=decision req=278
[device/event] event=decision req=278
[device/event] event=decision req=278
[device/event] event=decision req=278
[device/event] event=decision req=278
[device/event] event=decision req=278
[device/event] event=decision req=278
[device/event] event=decision req=278
[device/event] event=decision req=278
[device/event] event=decision req=278
[device/event] event=decision req=278
[device/event] event=decision req=278
[device/event] event=decision req=278
[device/event] event=decision req=278
[device/event] event=decision req=278
[device/event] event=decision req=278
[device/event] event=decision req=278
[device/event] event=decision req=278
[device/event] event=decision req=278
[device/event] event=decision req=278
[device/event] event=decision req=278
[device/event] event=decision req=278
[device/event] event=decision req=278
[device/event] event=decision req=278
[device/event] event=decision req=278
[device/event] event=decision req=278
[device/event] event=decision req=278
[device/event] event=decision req=278
[device/event] event=decision req=278
[device/event] event=decision req=278
[device/event] event=decision req=278
[device/event] event=decision req=278
[device/event] event=decision req=278
[device/event] event=decision req=278
[device/event] event=decision req=278
[device/event] event=decision req=278
[device/event] event=decision req=278
[device/event] event=decision req=278
[device/event] event=decision req=278
[device/event] event=decision req=278
[device/event] event=decision req=278
[device/event] event=decision req=278
[device/event] event=decision req=278
[device/event] event=decision req=278
[device/event] event=decision req=278
[device/event] event=decision req=278
[device/event] event=decision req=278
[device/event] event=decision req=278
[device/event] event=decision req=278
[device/event] event=decision req=278
[device/event] event=decision req=278
[device/event] event=decision req=278
[device/event] event=decision req=278
[device/event] event=decision req=278
[device/event] event=decision req=278
[device/event] event=decision req=278
[device/event] event=decision req=278
[device/event] event=decision req=278
[device/event] event=decision req=278
[device/event] event=decision req=278
[device/event] event=decision req=278
[device/event] event=decision req=278
[device/event] event=decision req=278
[device/event] event=run_complete req=278
[device/event] event=reset req=279
[device/event] event=status req=280
[device/event] event=decision req=281
[device/event] event=status req=282
[device/event] event=reset req=283
[device/event] event=clocks req=284
[device/event] event=decision req=285
[device/event] event=decision req=285
[device/event] event=decision req=285
[device/event] event=decision req=285
[device/event] event=decision req=285
[device/event] event=decision req=285
[device/event] event=decision req=285
[device/event] event=decision req=285
[device/event] event=decision req=285
[device/event] event=decision req=285
[device/event] event=decision req=285
[device/event] event=decision req=285
[device/event] event=decision req=285
[device/event] event=decision req=285
[device/event] event=decision req=285
[device/event] event=decision req=285
[device/event] event=decision req=285
[device/event] event=decision req=285
[device/event] event=decision req=285
[device/event] event=decision req=285
[device/event] event=decision req=285
[device/event] event=decision req=285
[device/event] event=decision req=285
[device/event] event=decision req=285
[device/event] event=decision req=285
[device/event] event=decision req=285
[device/event] event=decision req=285
[device/event] event=decision req=285
[device/event] event=decision req=285
[device/event] event=decision req=285
[device/event] event=decision req=285
[device/event] event=decision req=285
[device/event] event=decision req=285
[device/event] event=decision req=285
[device/event] event=decision req=285
[device/event] event=decision req=285
[device/event] event=decision req=285
[device/event] event=decision req=285
[device/event] event=decision req=285
[device/event] event=decision req=285
[device/event] event=decision req=285
[device/event] event=decision req=285
[device/event] event=decision req=285
[device/event] event=decision req=285
[device/event] event=decision req=285
[device/event] event=decision req=285
[device/event] event=decision req=285
[device/event] event=decision req=285
[device/event] event=decision req=285
[device/event] event=decision req=285
[device/event] event=decision req=285
[device/event] event=decision req=285
[device/event] event=decision req=285
[device/event] event=decision req=285
[device/event] event=decision req=285
[device/event] event=decision req=285
[device/event] event=decision req=285
[device/event] event=decision req=285
[device/event] event=decision req=285
[device/event] event=decision req=285
[device/event] event=decision req=285
[device/event] event=decision req=285
[device/event] event=decision req=285
[device/event] event=decision req=285
[device/event] event=decision req=285
[device/event] event=decision req=285
[device/event] event=decision req=285
[device/event] event=decision req=285
[device/event] event=decision req=285
[device/event] event=decision req=285
[device/event] event=decision req=285
[device/event] event=decision req=285
[device/event] event=decision req=285
[device/event] event=decision req=285
[device/event] event=decision req=285
[device/event] event=decision req=285
[device/event] event=decision req=285
[device/event] event=decision req=285
[device/event] event=decision req=285
[device/event] event=decision req=285
[device/event] event=decision req=285
[device/event] event=decision req=285
[device/event] event=decision req=285
[device/event] event=decision req=285
[device/event] event=decision req=285
[device/event] event=decision req=285
[device/event] event=decision req=285
[device/event] event=decision req=285
[device/event] event=decision req=285
[device/event] event=decision req=285
[device/event] event=decision req=285
[device/event] event=decision req=285
[device/event] event=decision req=285
[device/event] event=decision req=285
[device/event] event=decision req=285
[device/event] event=decision req=285
[device/event] event=decision req=285
[device/event] event=decision req=285
[device/event] event=decision req=285
[device/event] event=decision req=285
[device/event] event=decision req=285
[device/event] event=decision req=285
[device/event] event=decision req=285
[device/event] event=decision req=285
[device/event] event=decision req=285
[device/event] event=decision req=285
[device/event] event=decision req=285
[device/event] event=decision req=285
[device/event] event=decision req=285
[device/event] event=decision req=285
[device/event] event=decision req=285
[device/event] event=decision req=285
[device/event] event=decision req=285
[device/event] event=decision req=285
[device/event] event=decision req=285
[device/event] event=decision req=285
[device/event] event=decision req=285
[device/event] event=decision req=285
[device/event] event=decision req=285
[device/event] event=decision req=285
[device/event] event=decision req=285
[device/event] event=decision req=285
[device/event] event=decision req=285
[device/event] event=decision req=285
[device/event] event=decision req=285
[device/event] event=decision req=285
[device/event] event=decision req=285
[device/event] event=decision req=285
[device/event] event=decision req=285
[device/event] event=decision req=285
[device/event] event=decision req=285
[device/event] event=decision req=285
[device/event] event=decision req=285
[device/event] event=decision req=285
[device/event] event=decision req=285
[device/event] event=decision req=285
[device/event] event=decision req=285
[device/event] event=decision req=285
[device/event] event=decision req=285
[device/event] event=decision req=285
[device/event] event=decision req=285
[device/event] event=decision req=285
[device/event] event=decision req=285
[device/event] event=decision req=285
[device/event] event=decision req=285
[device/event] event=decision req=285
[device/event] event=decision req=285
[device/event] event=decision req=285
[device/event] event=decision req=285
[device/event] event=decision req=285
[device/event] event=decision req=285
[device/event] event=decision req=285
[device/event] event=decision req=285
[device/event] event=decision req=285
[device/event] event=decision req=285
[device/event] event=decision req=285
[device/event] event=run_complete req=285
[device/event] event=freeze req=286
[device/event] event=freeze req=287
[device/event] event=reset req=288
[device/event] event=clocks req=289
[device/event] event=decision req=290
[device/event] event=decision req=290
[device/event] event=decision req=290
[device/event] event=decision req=290
[device/event] event=decision req=290
[device/event] event=decision req=290
[device/event] event=decision req=290
[device/event] event=decision req=290
[device/event] event=decision req=290
[device/event] event=decision req=290
[device/event] event=decision req=290
[device/event] event=decision req=290
[device/event] event=decision req=290
[device/event] event=decision req=290
[device/event] event=decision req=290
[device/event] event=decision req=290
[device/event] event=decision req=290
[device/event] event=decision req=290
[device/event] event=decision req=290
[device/event] event=decision req=290
[device/event] event=decision req=290
[device/event] event=decision req=290
[device/event] event=decision req=290
[device/event] event=decision req=290
[device/event] event=decision req=290
[device/event] event=decision req=290
[device/event] event=decision req=290
[device/event] event=decision req=290
[device/event] event=decision req=290
[device/event] event=decision req=290
[device/event] event=decision req=290
[device/event] event=decision req=290
[device/event] event=decision req=290
[device/event] event=decision req=290
[device/event] event=decision req=290
[device/event] event=decision req=290
[device/event] event=decision req=290
[device/event] event=decision req=290
[device/event] event=decision req=290
[device/event] event=decision req=290
[device/event] event=decision req=290
[device/event] event=decision req=290
[device/event] event=decision req=290
[device/event] event=decision req=290
[device/event] event=decision req=290
[device/event] event=decision req=290
[device/event] event=decision req=290
[device/event] event=decision req=290
[device/event] event=decision req=290
[device/event] event=decision req=290
[device/event] event=decision req=290
[device/event] event=decision req=290
[device/event] event=decision req=290
[device/event] event=decision req=290
[device/event] event=decision req=290
[device/event] event=decision req=290
[device/event] event=decision req=290
[device/event] event=decision req=290
[device/event] event=decision req=290
[device/event] event=decision req=290
[device/event] event=decision req=290
[device/event] event=decision req=290
[device/event] event=decision req=290
[device/event] event=decision req=290
[device/event] event=decision req=290
[device/event] event=decision req=290
[device/event] event=decision req=290
[device/event] event=decision req=290
[device/event] event=decision req=290
[device/event] event=decision req=290
[device/event] event=decision req=290
[device/event] event=decision req=290
[device/event] event=decision req=290
[device/event] event=decision req=290
[device/event] event=decision req=290
[device/event] event=decision req=290
[device/event] event=decision req=290
[device/event] event=decision req=290
[device/event] event=decision req=290
[device/event] event=decision req=290
[device/event] event=decision req=290
[device/event] event=decision req=290
[device/event] event=decision req=290
[device/event] event=decision req=290
[device/event] event=decision req=290
[device/event] event=decision req=290
[device/event] event=decision req=290
[device/event] event=decision req=290
[device/event] event=decision req=290
[device/event] event=decision req=290
[device/event] event=decision req=290
[device/event] event=decision req=290
[device/event] event=decision req=290
[device/event] event=decision req=290
[device/event] event=decision req=290
[device/event] event=decision req=290
[device/event] event=decision req=290
[device/event] event=decision req=290
[device/event] event=decision req=290
[device/event] event=decision req=290
[device/event] event=decision req=290
[device/event] event=decision req=290
[device/event] event=decision req=290
[device/event] event=decision req=290
[device/event] event=run_complete req=290
[device/event] event=reset req=291
[device/event] event=status req=292
[device/event] event=decision req=293
[device/event] event=status req=294
[device/event] event=reset req=295
[device/event] event=clocks req=296
[device/event] event=decision req=297
[device/event] event=decision req=297
[device/event] event=decision req=297
[device/event] event=decision req=297
[device/event] event=decision req=297
[device/event] event=decision req=297
[device/event] event=decision req=297
[device/event] event=decision req=297
[device/event] event=decision req=297
[device/event] event=decision req=297
[device/event] event=decision req=297
[device/event] event=decision req=297
[device/event] event=decision req=297
[device/event] event=decision req=297
[device/event] event=decision req=297
[device/event] event=decision req=297
[device/event] event=decision req=297
[device/event] event=decision req=297
[device/event] event=decision req=297
[device/event] event=decision req=297
[device/event] event=decision req=297
[device/event] event=decision req=297
[device/event] event=decision req=297
[device/event] event=decision req=297
[device/event] event=decision req=297
[device/event] event=decision req=297
[device/event] event=decision req=297
[device/event] event=decision req=297
[device/event] event=decision req=297
[device/event] event=decision req=297
[device/event] event=decision req=297
[device/event] event=decision req=297
[device/event] event=decision req=297
[device/event] event=decision req=297
[device/event] event=decision req=297
[device/event] event=decision req=297
[device/event] event=decision req=297
[device/event] event=decision req=297
[device/event] event=decision req=297
[device/event] event=decision req=297
[device/event] event=decision req=297
[device/event] event=decision req=297
[device/event] event=decision req=297
[device/event] event=decision req=297
[device/event] event=decision req=297
[device/event] event=decision req=297
[device/event] event=decision req=297
[device/event] event=decision req=297
[device/event] event=decision req=297
[device/event] event=decision req=297
[device/event] event=decision req=297
[device/event] event=decision req=297
[device/event] event=decision req=297
[device/event] event=decision req=297
[device/event] event=decision req=297
[device/event] event=decision req=297
[device/event] event=decision req=297
[device/event] event=decision req=297
[device/event] event=decision req=297
[device/event] event=decision req=297
[device/event] event=decision req=297
[device/event] event=decision req=297
[device/event] event=decision req=297
[device/event] event=decision req=297
[device/event] event=decision req=297
[device/event] event=decision req=297
[device/event] event=decision req=297
[device/event] event=decision req=297
[device/event] event=decision req=297
[device/event] event=decision req=297
[device/event] event=decision req=297
[device/event] event=decision req=297
[device/event] event=decision req=297
[device/event] event=decision req=297
[device/event] event=decision req=297
[device/event] event=decision req=297
[device/event] event=decision req=297
[device/event] event=decision req=297
[device/event] event=decision req=297
[device/event] event=decision req=297
[device/event] event=decision req=297
[device/event] event=decision req=297
[device/event] event=decision req=297
[device/event] event=decision req=297
[device/event] event=decision req=297
[device/event] event=decision req=297
[device/event] event=decision req=297
[device/event] event=decision req=297
[device/event] event=decision req=297
[device/event] event=decision req=297
[device/event] event=decision req=297
[device/event] event=decision req=297
[device/event] event=decision req=297
[device/event] event=decision req=297
[device/event] event=decision req=297
[device/event] event=decision req=297
[device/event] event=decision req=297
[device/event] event=decision req=297
[device/event] event=decision req=297
[device/event] event=decision req=297
[device/event] event=decision req=297
[device/event] event=decision req=297
[device/event] event=decision req=297
[device/event] event=decision req=297
[device/event] event=run_complete req=297
[device/event] event=freeze req=298
[device/event] event=freeze req=299
[device/event] event=reset req=300
[device/event] event=clocks req=301
[device/event] event=decision req=302
[device/event] event=decision req=302
[device/event] event=decision req=302
[device/event] event=decision req=302
[device/event] event=decision req=302
[device/event] event=decision req=302
[device/event] event=run_complete req=302
[device/event] event=reset req=303
[device/event] event=status req=304
[device/event] event=decision req=305
[device/event] event=status req=306
[device/event] event=reset req=307
[device/event] event=clocks req=308
[device/event] event=decision req=309
[device/event] event=decision req=309
[device/event] event=decision req=309
[device/event] event=decision req=309
[device/event] event=decision req=309
[device/event] event=decision req=309
[device/event] event=run_complete req=309
[device/event] event=freeze req=310
[device/event] event=freeze req=311
[device/event] event=reset req=312
[device/event] event=clocks req=313
[device/event] event=decision req=314
[device/event] event=decision req=314
[device/event] event=decision req=314
[device/event] event=decision req=314
[device/event] event=decision req=314
[device/event] event=decision req=314
[device/event] event=decision req=314
[device/event] event=decision req=314
[device/event] event=decision req=314
[device/event] event=decision req=314
[device/event] event=decision req=314
[device/event] event=decision req=314
[device/event] event=decision req=314
[device/event] event=decision req=314
[device/event] event=decision req=314
[device/event] event=decision req=314
[device/event] event=decision req=314
[device/event] event=decision req=314
[device/event] event=decision req=314
[device/event] event=decision req=314
[device/event] event=decision req=314
[device/event] event=decision req=314
[device/event] event=decision req=314
[device/event] event=decision req=314
[device/event] event=decision req=314
[device/event] event=decision req=314
[device/event] event=decision req=314
[device/event] event=decision req=314
[device/event] event=decision req=314
[device/event] event=decision req=314
[device/event] event=run_complete req=314
[device/event] event=reset req=315
[device/event] event=status req=316
[device/event] event=decision req=317
[device/event] event=status req=318
[device/event] event=reset req=319
[device/event] event=clocks req=320
[device/event] event=decision req=321
[device/event] event=decision req=321
[device/event] event=decision req=321
[device/event] event=decision req=321
[device/event] event=decision req=321
[device/event] event=decision req=321
[device/event] event=decision req=321
[device/event] event=decision req=321
[device/event] event=decision req=321
[device/event] event=decision req=321
[device/event] event=decision req=321
[device/event] event=decision req=321
[device/event] event=decision req=321
[device/event] event=decision req=321
[device/event] event=decision req=321
[device/event] event=decision req=321
[device/event] event=decision req=321
[device/event] event=decision req=321
[device/event] event=decision req=321
[device/event] event=decision req=321
[device/event] event=decision req=321
[device/event] event=decision req=321
[device/event] event=decision req=321
[device/event] event=decision req=321
[device/event] event=decision req=321
[device/event] event=decision req=321
[device/event] event=decision req=321
[device/event] event=decision req=321
[device/event] event=decision req=321
[device/event] event=decision req=321
[device/event] event=run_complete req=321
[device/event] event=freeze req=322
[device/event] event=freeze req=323
[device/event] event=reset req=324
[device/event] event=clocks req=325
[device/event] event=decision req=326
[device/event] event=decision req=326
[device/event] event=decision req=326
[device/event] event=decision req=326
[device/event] event=decision req=326
[device/event] event=decision req=326
[device/event] event=decision req=326
[device/event] event=decision req=326
[device/event] event=decision req=326
[device/event] event=decision req=326
[device/event] event=decision req=326
[device/event] event=decision req=326
[device/event] event=decision req=326
[device/event] event=decision req=326
[device/event] event=decision req=326
[device/event] event=decision req=326
[device/event] event=decision req=326
[device/event] event=decision req=326
[device/event] event=decision req=326
[device/event] event=decision req=326
[device/event] event=decision req=326
[device/event] event=decision req=326
[device/event] event=decision req=326
[device/event] event=decision req=326
[device/event] event=decision req=326
[device/event] event=decision req=326
[device/event] event=decision req=326
[device/event] event=decision req=326
[device/event] event=decision req=326
[device/event] event=decision req=326
[device/event] event=decision req=326
[device/event] event=decision req=326
[device/event] event=decision req=326
[device/event] event=decision req=326
[device/event] event=decision req=326
[device/event] event=decision req=326
[device/event] event=decision req=326
[device/event] event=decision req=326
[device/event] event=decision req=326
[device/event] event=decision req=326
[device/event] event=decision req=326
[device/event] event=decision req=326
[device/event] event=decision req=326
[device/event] event=decision req=326
[device/event] event=decision req=326
[device/event] event=decision req=326
[device/event] event=decision req=326
[device/event] event=decision req=326
[device/event] event=decision req=326
[device/event] event=decision req=326
[device/event] event=decision req=326
[device/event] event=decision req=326
[device/event] event=decision req=326
[device/event] event=decision req=326
[device/event] event=decision req=326
[device/event] event=decision req=326
[device/event] event=decision req=326
[device/event] event=decision req=326
[device/event] event=decision req=326
[device/event] event=decision req=326
[device/event] event=decision req=326
[device/event] event=decision req=326
[device/event] event=decision req=326
[device/event] event=decision req=326
[device/event] event=decision req=326
[device/event] event=decision req=326
[device/event] event=decision req=326
[device/event] event=decision req=326
[device/event] event=decision req=326
[device/event] event=decision req=326
[device/event] event=decision req=326
[device/event] event=decision req=326
[device/event] event=decision req=326
[device/event] event=decision req=326
[device/event] event=decision req=326
[device/event] event=decision req=326
[device/event] event=decision req=326
[device/event] event=decision req=326
[device/event] event=decision req=326
[device/event] event=decision req=326
[device/event] event=decision req=326
[device/event] event=decision req=326
[device/event] event=decision req=326
[device/event] event=decision req=326
[device/event] event=decision req=326
[device/event] event=decision req=326
[device/event] event=decision req=326
[device/event] event=decision req=326
[device/event] event=decision req=326
[device/event] event=decision req=326
[device/event] event=decision req=326
[device/event] event=decision req=326
[device/event] event=decision req=326
[device/event] event=decision req=326
[device/event] event=decision req=326
[device/event] event=decision req=326
[device/event] event=decision req=326
[device/event] event=decision req=326
[device/event] event=decision req=326
[device/event] event=decision req=326
[device/event] event=decision req=326
[device/event] event=decision req=326
[device/event] event=decision req=326
[device/event] event=decision req=326
[device/event] event=decision req=326
[device/event] event=decision req=326
[device/event] event=decision req=326
[device/event] event=decision req=326
[device/event] event=decision req=326
[device/event] event=decision req=326
[device/event] event=decision req=326
[device/event] event=decision req=326
[device/event] event=decision req=326
[device/event] event=decision req=326
[device/event] event=decision req=326
[device/event] event=decision req=326
[device/event] event=decision req=326
[device/event] event=decision req=326
[device/event] event=decision req=326
[device/event] event=decision req=326
[device/event] event=decision req=326
[device/event] event=decision req=326
[device/event] event=decision req=326
[device/event] event=decision req=326
[device/event] event=decision req=326
[device/event] event=decision req=326
[device/event] event=decision req=326
[device/event] event=decision req=326
[device/event] event=decision req=326
[device/event] event=decision req=326
[device/event] event=decision req=326
[device/event] event=decision req=326
[device/event] event=decision req=326
[device/event] event=decision req=326
[device/event] event=decision req=326
[device/event] event=decision req=326
[device/event] event=decision req=326
[device/event] event=decision req=326
[device/event] event=decision req=326
[device/event] event=decision req=326
[device/event] event=decision req=326
[device/event] event=decision req=326
[device/event] event=run_complete req=326
[device/event] event=reset req=327
[device/event] event=status req=328
[device/event] event=decision req=329
[device/event] event=status req=330
[device/event] event=reset req=331
[device/event] event=clocks req=332
[device/event] event=decision req=333
[device/event] event=decision req=333
[device/event] event=decision req=333
[device/event] event=decision req=333
[device/event] event=decision req=333
[device/event] event=decision req=333
[device/event] event=decision req=333
[device/event] event=decision req=333
[device/event] event=decision req=333
[device/event] event=decision req=333
[device/event] event=decision req=333
[device/event] event=decision req=333
[device/event] event=decision req=333
[device/event] event=decision req=333
[device/event] event=decision req=333
[device/event] event=decision req=333
[device/event] event=decision req=333
[device/event] event=decision req=333
[device/event] event=decision req=333
[device/event] event=decision req=333
[device/event] event=decision req=333
[device/event] event=decision req=333
[device/event] event=decision req=333
[device/event] event=decision req=333
[device/event] event=decision req=333
[device/event] event=decision req=333
[device/event] event=decision req=333
[device/event] event=decision req=333
[device/event] event=decision req=333
[device/event] event=decision req=333
[device/event] event=decision req=333
[device/event] event=decision req=333
[device/event] event=decision req=333
[device/event] event=decision req=333
[device/event] event=decision req=333
[device/event] event=decision req=333
[device/event] event=decision req=333
[device/event] event=decision req=333
[device/event] event=decision req=333
[device/event] event=decision req=333
[device/event] event=decision req=333
[device/event] event=decision req=333
[device/event] event=decision req=333
[device/event] event=decision req=333
[device/event] event=decision req=333
[device/event] event=decision req=333
[device/event] event=decision req=333
[device/event] event=decision req=333
[device/event] event=decision req=333
[device/event] event=decision req=333
[device/event] event=decision req=333
[device/event] event=decision req=333
[device/event] event=decision req=333
[device/event] event=decision req=333
[device/event] event=decision req=333
[device/event] event=decision req=333
[device/event] event=decision req=333
[device/event] event=decision req=333
[device/event] event=decision req=333
[device/event] event=decision req=333
[device/event] event=decision req=333
[device/event] event=decision req=333
[device/event] event=decision req=333
[device/event] event=decision req=333
[device/event] event=decision req=333
[device/event] event=decision req=333
[device/event] event=decision req=333
[device/event] event=decision req=333
[device/event] event=decision req=333
[device/event] event=decision req=333
[device/event] event=decision req=333
[device/event] event=decision req=333
[device/event] event=decision req=333
[device/event] event=decision req=333
[device/event] event=decision req=333
[device/event] event=decision req=333
[device/event] event=decision req=333
[device/event] event=decision req=333
[device/event] event=decision req=333
[device/event] event=decision req=333
[device/event] event=decision req=333
[device/event] event=decision req=333
[device/event] event=decision req=333
[device/event] event=decision req=333
[device/event] event=decision req=333
[device/event] event=decision req=333
[device/event] event=decision req=333
[device/event] event=decision req=333
[device/event] event=decision req=333
[device/event] event=decision req=333
[device/event] event=decision req=333
[device/event] event=decision req=333
[device/event] event=decision req=333
[device/event] event=decision req=333
[device/event] event=decision req=333
[device/event] event=decision req=333
[device/event] event=decision req=333
[device/event] event=decision req=333
[device/event] event=decision req=333
[device/event] event=decision req=333
[device/event] event=decision req=333
[device/event] event=decision req=333
[device/event] event=decision req=333
[device/event] event=decision req=333
[device/event] event=decision req=333
[device/event] event=decision req=333
[device/event] event=decision req=333
[device/event] event=decision req=333
[device/event] event=decision req=333
[device/event] event=decision req=333
[device/event] event=decision req=333
[device/event] event=decision req=333
[device/event] event=decision req=333
[device/event] event=decision req=333
[device/event] event=decision req=333
[device/event] event=decision req=333
[device/event] event=decision req=333
[device/event] event=decision req=333
[device/event] event=decision req=333
[device/event] event=decision req=333
[device/event] event=decision req=333
[device/event] event=decision req=333
[device/event] event=decision req=333
[device/event] event=decision req=333
[device/event] event=decision req=333
[device/event] event=decision req=333
[device/event] event=decision req=333
[device/event] event=decision req=333
[device/event] event=decision req=333
[device/event] event=decision req=333
[device/event] event=decision req=333
[device/event] event=decision req=333
[device/event] event=decision req=333
[device/event] event=decision req=333
[device/event] event=decision req=333
[device/event] event=decision req=333
[device/event] event=decision req=333
[device/event] event=decision req=333
[device/event] event=decision req=333
[device/event] event=decision req=333
[device/event] event=decision req=333
[device/event] event=decision req=333
[device/event] event=run_complete req=333
[device/event] event=freeze req=334
[device/event] event=freeze req=335
[device/event] event=reset req=336
[device/event] event=clocks req=337
[device/event] event=decision req=338
[device/event] event=decision req=338
[device/event] event=decision req=338
[device/event] event=decision req=338
[device/event] event=decision req=338
[device/event] event=decision req=338
[device/event] event=decision req=338
[device/event] event=decision req=338
[device/event] event=decision req=338
[device/event] event=decision req=338
[device/event] event=decision req=338
[device/event] event=decision req=338
[device/event] event=decision req=338
[device/event] event=decision req=338
[device/event] event=decision req=338
[device/event] event=decision req=338
[device/event] event=decision req=338
[device/event] event=decision req=338
[device/event] event=decision req=338
[device/event] event=decision req=338
[device/event] event=run_complete req=338
[device/event] event=reset req=339
[device/event] event=status req=340
[device/event] event=decision req=341
[device/event] event=status req=342
[device/event] event=reset req=343
[device/event] event=clocks req=344
[device/event] event=decision req=345
[device/event] event=decision req=345
[device/event] event=decision req=345
[device/event] event=decision req=345
[device/event] event=decision req=345
[device/event] event=decision req=345
[device/event] event=decision req=345
[device/event] event=decision req=345
[device/event] event=decision req=345
[device/event] event=decision req=345
[device/event] event=decision req=345
[device/event] event=decision req=345
[device/event] event=decision req=345
[device/event] event=decision req=345
[device/event] event=decision req=345
[device/event] event=decision req=345
[device/event] event=decision req=345
[device/event] event=decision req=345
[device/event] event=decision req=345
[device/event] event=decision req=345
[device/event] event=run_complete req=345
[device/event] event=freeze req=346
[device/event] event=freeze req=347
[device/event] event=reset req=348
[device/event] event=clocks req=349
[device/event] event=decision req=350
[device/event] event=decision req=350
[device/event] event=decision req=350
[device/event] event=decision req=350
[device/event] event=decision req=350
[device/event] event=decision req=350
[device/event] event=decision req=350
[device/event] event=decision req=350
[device/event] event=decision req=350
[device/event] event=decision req=350
[device/event] event=decision req=350
[device/event] event=decision req=350
[device/event] event=decision req=350
[device/event] event=decision req=350
[device/event] event=decision req=350
[device/event] event=decision req=350
[device/event] event=decision req=350
[device/event] event=decision req=350
[device/event] event=decision req=350
[device/event] event=decision req=350
[device/event] event=decision req=350
[device/event] event=decision req=350
[device/event] event=decision req=350
[device/event] event=decision req=350
[device/event] event=decision req=350
[device/event] event=decision req=350
[device/event] event=decision req=350
[device/event] event=decision req=350
[device/event] event=decision req=350
[device/event] event=decision req=350
[device/event] event=decision req=350
[device/event] event=decision req=350
[device/event] event=decision req=350
[device/event] event=decision req=350
[device/event] event=decision req=350
[device/event] event=decision req=350
[device/event] event=decision req=350
[device/event] event=decision req=350
[device/event] event=decision req=350
[device/event] event=decision req=350
[device/event] event=decision req=350
[device/event] event=decision req=350
[device/event] event=decision req=350
[device/event] event=decision req=350
[device/event] event=decision req=350
[device/event] event=decision req=350
[device/event] event=decision req=350
[device/event] event=decision req=350
[device/event] event=decision req=350
[device/event] event=decision req=350
[device/event] event=decision req=350
[device/event] event=decision req=350
[device/event] event=decision req=350
[device/event] event=decision req=350
[device/event] event=decision req=350
[device/event] event=decision req=350
[device/event] event=decision req=350
[device/event] event=decision req=350
[device/event] event=decision req=350
[device/event] event=decision req=350
[device/event] event=decision req=350
[device/event] event=decision req=350
[device/event] event=decision req=350
[device/event] event=decision req=350
[device/event] event=decision req=350
[device/event] event=decision req=350
[device/event] event=decision req=350
[device/event] event=decision req=350
[device/event] event=run_complete req=350
[device/event] event=reset req=351
[device/event] event=status req=352
[device/event] event=decision req=353
[device/event] event=status req=354
[device/event] event=reset req=355
[device/event] event=clocks req=356
[device/event] event=decision req=357
[device/event] event=decision req=357
[device/event] event=decision req=357
[device/event] event=decision req=357
[device/event] event=decision req=357
[device/event] event=decision req=357
[device/event] event=decision req=357
[device/event] event=decision req=357
[device/event] event=decision req=357
[device/event] event=decision req=357
[device/event] event=decision req=357
[device/event] event=decision req=357
[device/event] event=decision req=357
[device/event] event=decision req=357
[device/event] event=decision req=357
[device/event] event=decision req=357
[device/event] event=decision req=357
[device/event] event=decision req=357
[device/event] event=decision req=357
[device/event] event=decision req=357
[device/event] event=decision req=357
[device/event] event=decision req=357
[device/event] event=decision req=357
[device/event] event=decision req=357
[device/event] event=decision req=357
[device/event] event=decision req=357
[device/event] event=decision req=357
[device/event] event=decision req=357
[device/event] event=decision req=357
[device/event] event=decision req=357
[device/event] event=decision req=357
[device/event] event=decision req=357
[device/event] event=decision req=357
[device/event] event=decision req=357
[device/event] event=decision req=357
[device/event] event=decision req=357
[device/event] event=decision req=357
[device/event] event=decision req=357
[device/event] event=decision req=357
[device/event] event=decision req=357
[device/event] event=decision req=357
[device/event] event=decision req=357
[device/event] event=decision req=357
[device/event] event=decision req=357
[device/event] event=decision req=357
[device/event] event=decision req=357
[device/event] event=decision req=357
[device/event] event=decision req=357
[device/event] event=decision req=357
[device/event] event=decision req=357
[device/event] event=decision req=357
[device/event] event=decision req=357
[device/event] event=decision req=357
[device/event] event=decision req=357
[device/event] event=decision req=357
[device/event] event=decision req=357
[device/event] event=decision req=357
[device/event] event=decision req=357
[device/event] event=decision req=357
[device/event] event=decision req=357
[device/event] event=decision req=357
[device/event] event=decision req=357
[device/event] event=decision req=357
[device/event] event=decision req=357
[device/event] event=decision req=357
[device/event] event=decision req=357
[device/event] event=decision req=357
[device/event] event=decision req=357
[device/event] event=run_complete req=357
[device/event] event=freeze req=358
[device/event] event=freeze req=359
[device/event] event=reset req=360
[device/event] event=clocks req=361
[device/event] event=decision req=362
[device/event] event=decision req=362
[device/event] event=decision req=362
[device/event] event=decision req=362
[device/event] event=decision req=362
[device/event] event=decision req=362
[device/event] event=decision req=362
[device/event] event=decision req=362
[device/event] event=decision req=362
[device/event] event=decision req=362
[device/event] event=decision req=362
[device/event] event=decision req=362
[device/event] event=decision req=362
[device/event] event=decision req=362
[device/event] event=decision req=362
[device/event] event=decision req=362
[device/event] event=decision req=362
[device/event] event=decision req=362
[device/event] event=decision req=362
[device/event] event=decision req=362
[device/event] event=decision req=362
[device/event] event=decision req=362
[device/event] event=decision req=362
[device/event] event=decision req=362
[device/event] event=decision req=362
[device/event] event=decision req=362
[device/event] event=decision req=362
[device/event] event=decision req=362
[device/event] event=decision req=362
[device/event] event=decision req=362
[device/event] event=decision req=362
[device/event] event=decision req=362
[device/event] event=decision req=362
[device/event] event=decision req=362
[device/event] event=decision req=362
[device/event] event=decision req=362
[device/event] event=decision req=362
[device/event] event=decision req=362
[device/event] event=decision req=362
[device/event] event=decision req=362
[device/event] event=decision req=362
[device/event] event=decision req=362
[device/event] event=decision req=362
[device/event] event=decision req=362
[device/event] event=decision req=362
[device/event] event=decision req=362
[device/event] event=decision req=362
[device/event] event=decision req=362
[device/event] event=decision req=362
[device/event] event=decision req=362
[device/event] event=decision req=362
[device/event] event=decision req=362
[device/event] event=decision req=362
[device/event] event=decision req=362
[device/event] event=decision req=362
[device/event] event=decision req=362
[device/event] event=decision req=362
[device/event] event=decision req=362
[device/event] event=decision req=362
[device/event] event=decision req=362
[device/event] event=decision req=362
[device/event] event=decision req=362
[device/event] event=decision req=362
[device/event] event=decision req=362
[device/event] event=decision req=362
[device/event] event=decision req=362
[device/event] event=decision req=362
[device/event] event=decision req=362
[device/event] event=decision req=362
[device/event] event=decision req=362
[device/event] event=decision req=362
[device/event] event=decision req=362
[device/event] event=decision req=362
[device/event] event=decision req=362
[device/event] event=decision req=362
[device/event] event=decision req=362
[device/event] event=decision req=362
[device/event] event=decision req=362
[device/event] event=decision req=362
[device/event] event=decision req=362
[device/event] event=decision req=362
[device/event] event=decision req=362
[device/event] event=decision req=362
[device/event] event=decision req=362
[device/event] event=decision req=362
[device/event] event=decision req=362
[device/event] event=decision req=362
[device/event] event=decision req=362
[device/event] event=decision req=362
[device/event] event=decision req=362
[device/event] event=decision req=362
[device/event] event=decision req=362
[device/event] event=decision req=362
[device/event] event=decision req=362
[device/event] event=decision req=362
[device/event] event=decision req=362
[device/event] event=decision req=362
[device/event] event=decision req=362
[device/event] event=decision req=362
[device/event] event=decision req=362
[device/event] event=decision req=362
[device/event] event=decision req=362
[device/event] event=decision req=362
[device/event] event=decision req=362
[device/event] event=decision req=362
[device/event] event=decision req=362
[device/event] event=decision req=362
[device/event] event=decision req=362
[device/event] event=decision req=362
[device/event] event=decision req=362
[device/event] event=decision req=362
[device/event] event=decision req=362
[device/event] event=decision req=362
[device/event] event=decision req=362
[device/event] event=decision req=362
[device/event] event=decision req=362
[device/event] event=decision req=362
[device/event] event=decision req=362
[device/event] event=decision req=362
[device/event] event=decision req=362
[device/event] event=decision req=362
[device/event] event=decision req=362
[device/event] event=decision req=362
[device/event] event=decision req=362
[device/event] event=decision req=362
[device/event] event=decision req=362
[device/event] event=decision req=362
[device/event] event=decision req=362
[device/event] event=decision req=362
[device/event] event=decision req=362
[device/event] event=decision req=362
[device/event] event=decision req=362
[device/event] event=decision req=362
[device/event] event=decision req=362
[device/event] event=decision req=362
[device/event] event=decision req=362
[device/event] event=run_complete req=362
[device/event] event=reset req=363
[device/event] event=status req=364
[device/event] event=decision req=365
[device/event] event=status req=366
[device/event] event=reset req=367
[device/event] event=clocks req=368
[device/event] event=decision req=369
[device/event] event=decision req=369
[device/event] event=decision req=369
[device/event] event=decision req=369
[device/event] event=decision req=369
[device/event] event=decision req=369
[device/event] event=decision req=369
[device/event] event=decision req=369
[device/event] event=decision req=369
[device/event] event=decision req=369
[device/event] event=decision req=369
[device/event] event=decision req=369
[device/event] event=decision req=369
[device/event] event=decision req=369
[device/event] event=decision req=369
[device/event] event=decision req=369
[device/event] event=decision req=369
[device/event] event=decision req=369
[device/event] event=decision req=369
[device/event] event=decision req=369
[device/event] event=decision req=369
[device/event] event=decision req=369
[device/event] event=decision req=369
[device/event] event=decision req=369
[device/event] event=decision req=369
[device/event] event=decision req=369
[device/event] event=decision req=369
[device/event] event=decision req=369
[device/event] event=decision req=369
[device/event] event=decision req=369
[device/event] event=decision req=369
[device/event] event=decision req=369
[device/event] event=decision req=369
[device/event] event=decision req=369
[device/event] event=decision req=369
[device/event] event=decision req=369
[device/event] event=decision req=369
[device/event] event=decision req=369
[device/event] event=decision req=369
[device/event] event=decision req=369
[device/event] event=decision req=369
[device/event] event=decision req=369
[device/event] event=decision req=369
[device/event] event=decision req=369
[device/event] event=decision req=369
[device/event] event=decision req=369
[device/event] event=decision req=369
[device/event] event=decision req=369
[device/event] event=decision req=369
[device/event] event=decision req=369
[device/event] event=decision req=369
[device/event] event=decision req=369
[device/event] event=decision req=369
[device/event] event=decision req=369
[device/event] event=decision req=369
[device/event] event=decision req=369
[device/event] event=decision req=369
[device/event] event=decision req=369
[device/event] event=decision req=369
[device/event] event=decision req=369
[device/event] event=decision req=369
[device/event] event=decision req=369
[device/event] event=decision req=369
[device/event] event=decision req=369
[device/event] event=decision req=369
[device/event] event=decision req=369
[device/event] event=decision req=369
[device/event] event=decision req=369
[device/event] event=decision req=369
[device/event] event=decision req=369
[device/event] event=decision req=369
[device/event] event=decision req=369
[device/event] event=decision req=369
[device/event] event=decision req=369
[device/event] event=decision req=369
[device/event] event=decision req=369
[device/event] event=decision req=369
[device/event] event=decision req=369
[device/event] event=decision req=369
[device/event] event=decision req=369
[device/event] event=decision req=369
[device/event] event=decision req=369
[device/event] event=decision req=369
[device/event] event=decision req=369
[device/event] event=decision req=369
[device/event] event=decision req=369
[device/event] event=decision req=369
[device/event] event=decision req=369
[device/event] event=decision req=369
[device/event] event=decision req=369
[device/event] event=decision req=369
[device/event] event=decision req=369
[device/event] event=decision req=369
[device/event] event=decision req=369
[device/event] event=decision req=369
[device/event] event=decision req=369
[device/event] event=decision req=369
[device/event] event=decision req=369
[device/event] event=decision req=369
[device/event] event=decision req=369
[device/event] event=decision req=369
[device/event] event=decision req=369
[device/event] event=decision req=369
[device/event] event=decision req=369
[device/event] event=decision req=369
[device/event] event=decision req=369
[device/event] event=decision req=369
[device/event] event=decision req=369
[device/event] event=decision req=369
[device/event] event=decision req=369
[device/event] event=decision req=369
[device/event] event=decision req=369
[device/event] event=decision req=369
[device/event] event=decision req=369
[device/event] event=decision req=369
[device/event] event=decision req=369
[device/event] event=decision req=369
[device/event] event=decision req=369
[device/event] event=decision req=369
[device/event] event=decision req=369
[device/event] event=decision req=369
[device/event] event=decision req=369
[device/event] event=decision req=369
[device/event] event=decision req=369
[device/event] event=decision req=369
[device/event] event=decision req=369
[device/event] event=decision req=369
[device/event] event=decision req=369
[device/event] event=decision req=369
[device/event] event=decision req=369
[device/event] event=decision req=369
[device/event] event=decision req=369
[device/event] event=decision req=369
[device/event] event=decision req=369
[device/event] event=decision req=369
[device/event] event=decision req=369
[device/event] event=run_complete req=369
[device/event] event=freeze req=370
[device/event] event=freeze req=371
[device/event] event=reset req=372
[device/event] event=clocks req=373
[device/event] event=decision req=374
[device/event] event=decision req=374
[device/event] event=decision req=374
[device/event] event=decision req=374
[device/event] event=run_complete req=374
[device/event] event=reset req=375
[device/event] event=status req=376
[device/event] event=decision req=377
[device/event] event=status req=378
[device/event] event=reset req=379
[device/event] event=clocks req=380
[device/event] event=decision req=381
[device/event] event=decision req=381
[device/event] event=decision req=381
[device/event] event=decision req=381
[device/event] event=run_complete req=381
[device/event] event=freeze req=382
[device/event] event=freeze req=383
[device/event] event=reset req=384
[device/event] event=clocks req=385
[device/event] event=decision req=386
[device/event] event=decision req=386
[device/event] event=decision req=386
[device/event] event=decision req=386
[device/event] event=decision req=386
[device/event] event=decision req=386
[device/event] event=decision req=386
[device/event] event=decision req=386
[device/event] event=decision req=386
[device/event] event=decision req=386
[device/event] event=decision req=386
[device/event] event=decision req=386
[device/event] event=decision req=386
[device/event] event=decision req=386
[device/event] event=decision req=386
[device/event] event=decision req=386
[device/event] event=decision req=386
[device/event] event=decision req=386
[device/event] event=decision req=386
[device/event] event=decision req=386
[device/event] event=decision req=386
[device/event] event=decision req=386
[device/event] event=decision req=386
[device/event] event=decision req=386
[device/event] event=decision req=386
[device/event] event=decision req=386
[device/event] event=decision req=386
[device/event] event=decision req=386
[device/event] event=decision req=386
[device/event] event=decision req=386
[device/event] event=decision req=386
[device/event] event=decision req=386
[device/event] event=decision req=386
[device/event] event=decision req=386
[device/event] event=decision req=386
[device/event] event=decision req=386
[device/event] event=decision req=386
[device/event] event=decision req=386
[device/event] event=decision req=386
[device/event] event=decision req=386
[device/event] event=decision req=386
[device/event] event=decision req=386
[device/event] event=decision req=386
[device/event] event=decision req=386
[device/event] event=decision req=386
[device/event] event=decision req=386
[device/event] event=decision req=386
[device/event] event=decision req=386
[device/event] event=decision req=386
[device/event] event=decision req=386
[device/event] event=decision req=386
[device/event] event=decision req=386
[device/event] event=decision req=386
[device/event] event=decision req=386
[device/event] event=decision req=386
[device/event] event=decision req=386
[device/event] event=decision req=386
[device/event] event=decision req=386
[device/event] event=decision req=386
[device/event] event=decision req=386
[device/event] event=decision req=386
[device/event] event=decision req=386
[device/event] event=decision req=386
[device/event] event=decision req=386
[device/event] event=decision req=386
[device/event] event=decision req=386
[device/event] event=decision req=386
[device/event] event=decision req=386
[device/event] event=decision req=386
[device/event] event=decision req=386
[device/event] event=decision req=386
[device/event] event=decision req=386
[device/event] event=decision req=386
[device/event] event=decision req=386
[device/event] event=decision req=386
[device/event] event=decision req=386
[device/event] event=decision req=386
[device/event] event=decision req=386
[device/event] event=decision req=386
[device/event] event=decision req=386
[device/event] event=decision req=386
[device/event] event=decision req=386
[device/event] event=decision req=386
[device/event] event=decision req=386
[device/event] event=decision req=386
[device/event] event=decision req=386
[device/event] event=decision req=386
[device/event] event=decision req=386
[device/event] event=decision req=386
[device/event] event=decision req=386
[device/event] event=decision req=386
[device/event] event=decision req=386
[device/event] event=decision req=386
[device/event] event=decision req=386
[device/event] event=decision req=386
[device/event] event=decision req=386
[device/event] event=decision req=386
[device/event] event=decision req=386
[device/event] event=decision req=386
[device/event] event=decision req=386
[device/event] event=decision req=386
[device/event] event=decision req=386
[device/event] event=decision req=386
[device/event] event=decision req=386
[device/event] event=decision req=386
[device/event] event=decision req=386
[device/event] event=decision req=386
[device/event] event=decision req=386
[device/event] event=decision req=386
[device/event] event=decision req=386
[device/event] event=decision req=386
[device/event] event=decision req=386
[device/event] event=decision req=386
[device/event] event=decision req=386
[device/event] event=decision req=386
[device/event] event=decision req=386
[device/event] event=run_complete req=386
[device/event] event=reset req=387
[device/event] event=status req=388
[device/event] event=decision req=389
[device/event] event=status req=390
[device/event] event=reset req=391
[device/event] event=clocks req=392
[device/event] event=decision req=393
[device/event] event=decision req=393
[device/event] event=decision req=393
[device/event] event=decision req=393
[device/event] event=decision req=393
[device/event] event=decision req=393
[device/event] event=decision req=393
[device/event] event=decision req=393
[device/event] event=decision req=393
[device/event] event=decision req=393
[device/event] event=decision req=393
[device/event] event=decision req=393
[device/event] event=decision req=393
[device/event] event=decision req=393
[device/event] event=decision req=393
[device/event] event=decision req=393
[device/event] event=decision req=393
[device/event] event=decision req=393
[device/event] event=decision req=393
[device/event] event=decision req=393
[device/event] event=decision req=393
[device/event] event=decision req=393
[device/event] event=decision req=393
[device/event] event=decision req=393
[device/event] event=decision req=393
[device/event] event=decision req=393
[device/event] event=decision req=393
[device/event] event=decision req=393
[device/event] event=decision req=393
[device/event] event=decision req=393
[device/event] event=decision req=393
[device/event] event=decision req=393
[device/event] event=decision req=393
[device/event] event=decision req=393
[device/event] event=decision req=393
[device/event] event=decision req=393
[device/event] event=decision req=393
[device/event] event=decision req=393
[device/event] event=decision req=393
[device/event] event=decision req=393
[device/event] event=decision req=393
[device/event] event=decision req=393
[device/event] event=decision req=393
[device/event] event=decision req=393
[device/event] event=decision req=393
[device/event] event=decision req=393
[device/event] event=decision req=393
[device/event] event=decision req=393
[device/event] event=decision req=393
[device/event] event=decision req=393
[device/event] event=decision req=393
[device/event] event=decision req=393
[device/event] event=decision req=393
[device/event] event=decision req=393
[device/event] event=decision req=393
[device/event] event=decision req=393
[device/event] event=decision req=393
[device/event] event=decision req=393
[device/event] event=decision req=393
[device/event] event=decision req=393
[device/event] event=decision req=393
[device/event] event=decision req=393
[device/event] event=decision req=393
[device/event] event=decision req=393
[device/event] event=decision req=393
[device/event] event=decision req=393
[device/event] event=decision req=393
[device/event] event=decision req=393
[device/event] event=decision req=393
[device/event] event=decision req=393
[device/event] event=decision req=393
[device/event] event=decision req=393
[device/event] event=decision req=393
[device/event] event=decision req=393
[device/event] event=decision req=393
[device/event] event=decision req=393
[device/event] event=decision req=393
[device/event] event=decision req=393
[device/event] event=decision req=393
[device/event] event=decision req=393
[device/event] event=decision req=393
[device/event] event=decision req=393
[device/event] event=decision req=393
[device/event] event=decision req=393
[device/event] event=decision req=393
[device/event] event=decision req=393
[device/event] event=decision req=393
[device/event] event=decision req=393
[device/event] event=decision req=393
[device/event] event=decision req=393
[device/event] event=decision req=393
[device/event] event=decision req=393
[device/event] event=decision req=393
[device/event] event=decision req=393
[device/event] event=decision req=393
[device/event] event=decision req=393
[device/event] event=decision req=393
[device/event] event=decision req=393
[device/event] event=decision req=393
[device/event] event=decision req=393
[device/event] event=decision req=393
[device/event] event=decision req=393
[device/event] event=decision req=393
[device/event] event=decision req=393
[device/event] event=decision req=393
[device/event] event=decision req=393
[device/event] event=decision req=393
[device/event] event=decision req=393
[device/event] event=decision req=393
[device/event] event=decision req=393
[device/event] event=decision req=393
[device/event] event=decision req=393
[device/event] event=decision req=393
[device/event] event=decision req=393
[device/event] event=decision req=393
[device/event] event=decision req=393
[device/event] event=run_complete req=393
[device/event] event=freeze req=394
[device/event] event=freeze req=395
[device/event] event=reset req=396
[device/event] event=clocks req=397
[device/event] event=decision req=398
[device/event] event=decision req=398
[device/event] event=decision req=398
[device/event] event=decision req=398
[device/event] event=decision req=398
[device/event] event=decision req=398
[device/event] event=decision req=398
[device/event] event=decision req=398
[device/event] event=decision req=398
[device/event] event=decision req=398
[device/event] event=decision req=398
[device/event] event=decision req=398
[device/event] event=decision req=398
[device/event] event=decision req=398
[device/event] event=decision req=398
[device/event] event=decision req=398
[device/event] event=decision req=398
[device/event] event=decision req=398
[device/event] event=decision req=398
[device/event] event=decision req=398
[device/event] event=decision req=398
[device/event] event=decision req=398
[device/event] event=decision req=398
[device/event] event=decision req=398
[device/event] event=decision req=398
[device/event] event=decision req=398
[device/event] event=decision req=398
[device/event] event=decision req=398
[device/event] event=decision req=398
[device/event] event=decision req=398
[device/event] event=decision req=398
[device/event] event=decision req=398
[device/event] event=decision req=398
[device/event] event=decision req=398
[device/event] event=decision req=398
[device/event] event=decision req=398
[device/event] event=decision req=398
[device/event] event=decision req=398
[device/event] event=decision req=398
[device/event] event=decision req=398
[device/event] event=decision req=398
[device/event] event=decision req=398
[device/event] event=decision req=398
[device/event] event=decision req=398
[device/event] event=decision req=398
[device/event] event=decision req=398
[device/event] event=decision req=398
[device/event] event=decision req=398
[device/event] event=decision req=398
[device/event] event=decision req=398
[device/event] event=decision req=398
[device/event] event=decision req=398
[device/event] event=decision req=398
[device/event] event=decision req=398
[device/event] event=decision req=398
[device/event] event=decision req=398
[device/event] event=decision req=398
[device/event] event=decision req=398
[device/event] event=decision req=398
[device/event] event=decision req=398
[device/event] event=decision req=398
[device/event] event=decision req=398
[device/event] event=decision req=398
[device/event] event=decision req=398
[device/event] event=decision req=398
[device/event] event=decision req=398
[device/event] event=decision req=398
[device/event] event=decision req=398
[device/event] event=decision req=398
[device/event] event=decision req=398
[device/event] event=decision req=398
[device/event] event=decision req=398
[device/event] event=decision req=398
[device/event] event=decision req=398
[device/event] event=decision req=398
[device/event] event=decision req=398
[device/event] event=decision req=398
[device/event] event=decision req=398
[device/event] event=decision req=398
[device/event] event=decision req=398
[device/event] event=decision req=398
[device/event] event=decision req=398
[device/event] event=decision req=398
[device/event] event=decision req=398
[device/event] event=decision req=398
[device/event] event=decision req=398
[device/event] event=decision req=398
[device/event] event=decision req=398
[device/event] event=decision req=398
[device/event] event=decision req=398
[device/event] event=decision req=398
[device/event] event=decision req=398
[device/event] event=decision req=398
[device/event] event=decision req=398
[device/event] event=run_complete req=398
[device/event] event=reset req=399
[device/event] event=status req=400
[device/event] event=decision req=401
[device/event] event=status req=402
[device/event] event=reset req=403
[device/event] event=clocks req=404
[device/event] event=decision req=405
[device/event] event=decision req=405
[device/event] event=decision req=405
[device/event] event=decision req=405
[device/event] event=decision req=405
[device/event] event=decision req=405
[device/event] event=decision req=405
[device/event] event=decision req=405
[device/event] event=decision req=405
[device/event] event=decision req=405
[device/event] event=decision req=405
[device/event] event=decision req=405
[device/event] event=decision req=405
[device/event] event=decision req=405
[device/event] event=decision req=405
[device/event] event=decision req=405
[device/event] event=decision req=405
[device/event] event=decision req=405
[device/event] event=decision req=405
[device/event] event=decision req=405
[device/event] event=decision req=405
[device/event] event=decision req=405
[device/event] event=decision req=405
[device/event] event=decision req=405
[device/event] event=decision req=405
[device/event] event=decision req=405
[device/event] event=decision req=405
[device/event] event=decision req=405
[device/event] event=decision req=405
[device/event] event=decision req=405
[device/event] event=decision req=405
[device/event] event=decision req=405
[device/event] event=decision req=405
[device/event] event=decision req=405
[device/event] event=decision req=405
[device/event] event=decision req=405
[device/event] event=decision req=405
[device/event] event=decision req=405
[device/event] event=decision req=405
[device/event] event=decision req=405
[device/event] event=decision req=405
[device/event] event=decision req=405
[device/event] event=decision req=405
[device/event] event=decision req=405
[device/event] event=decision req=405
[device/event] event=decision req=405
[device/event] event=decision req=405
[device/event] event=decision req=405
[device/event] event=decision req=405
[device/event] event=decision req=405
[device/event] event=decision req=405
[device/event] event=decision req=405
[device/event] event=decision req=405
[device/event] event=decision req=405
[device/event] event=decision req=405
[device/event] event=decision req=405
[device/event] event=decision req=405
[device/event] event=decision req=405
[device/event] event=decision req=405
[device/event] event=decision req=405
[device/event] event=decision req=405
[device/event] event=decision req=405
[device/event] event=decision req=405
[device/event] event=decision req=405
[device/event] event=decision req=405
[device/event] event=decision req=405
[device/event] event=decision req=405
[device/event] event=decision req=405
[device/event] event=decision req=405
[device/event] event=decision req=405
[device/event] event=decision req=405
[device/event] event=decision req=405
[device/event] event=decision req=405
[device/event] event=decision req=405
[device/event] event=decision req=405
[device/event] event=decision req=405
[device/event] event=decision req=405
[device/event] event=decision req=405
[device/event] event=decision req=405
[device/event] event=decision req=405
[device/event] event=decision req=405
[device/event] event=decision req=405
[device/event] event=decision req=405
[device/event] event=decision req=405
[device/event] event=decision req=405
[device/event] event=decision req=405
[device/event] event=decision req=405
[device/event] event=decision req=405
[device/event] event=decision req=405
[device/event] event=decision req=405
[device/event] event=decision req=405
[device/event] event=decision req=405
[device/event] event=decision req=405
[device/event] event=decision req=405
[device/event] event=run_complete req=405
[device/event] event=freeze req=406
[device/event] event=freeze req=407
[device/event] event=reset req=408
[device/event] event=clocks req=409
[device/event] event=decision req=410
[device/event] event=decision req=410
[device/event] event=decision req=410
[device/event] event=decision req=410
[device/event] event=decision req=410
[device/event] event=decision req=410
[device/event] event=decision req=410
[device/event] event=decision req=410
[device/event] event=decision req=410
[device/event] event=decision req=410
[device/event] event=decision req=410
[device/event] event=decision req=410
[device/event] event=decision req=410
[device/event] event=decision req=410
[device/event] event=decision req=410
[device/event] event=decision req=410
[device/event] event=decision req=410
[device/event] event=decision req=410
[device/event] event=decision req=410
[device/event] event=decision req=410
[device/event] event=decision req=410
[device/event] event=decision req=410
[device/event] event=decision req=410
[device/event] event=decision req=410
[device/event] event=decision req=410
[device/event] event=decision req=410
[device/event] event=decision req=410
[device/event] event=decision req=410
[device/event] event=decision req=410
[device/event] event=decision req=410
[device/event] event=decision req=410
[device/event] event=decision req=410
[device/event] event=decision req=410
[device/event] event=decision req=410
[device/event] event=decision req=410
[device/event] event=decision req=410
[device/event] event=decision req=410
[device/event] event=decision req=410
[device/event] event=decision req=410
[device/event] event=decision req=410
[device/event] event=decision req=410
[device/event] event=decision req=410
[device/event] event=decision req=410
[device/event] event=decision req=410
[device/event] event=decision req=410
[device/event] event=decision req=410
[device/event] event=decision req=410
[device/event] event=decision req=410
[device/event] event=decision req=410
[device/event] event=decision req=410
[device/event] event=decision req=410
[device/event] event=decision req=410
[device/event] event=decision req=410
[device/event] event=decision req=410
[device/event] event=decision req=410
[device/event] event=decision req=410
[device/event] event=decision req=410
[device/event] event=decision req=410
[device/event] event=decision req=410
[device/event] event=decision req=410
[device/event] event=decision req=410
[device/event] event=decision req=410
[device/event] event=decision req=410
[device/event] event=decision req=410
[device/event] event=decision req=410
[device/event] event=decision req=410
[device/event] event=decision req=410
[device/event] event=decision req=410
[device/event] event=decision req=410
[device/event] event=decision req=410
[device/event] event=decision req=410
[device/event] event=decision req=410
[device/event] event=decision req=410
[device/event] event=decision req=410
[device/event] event=decision req=410
[device/event] event=decision req=410
[device/event] event=decision req=410
[device/event] event=decision req=410
[device/event] event=decision req=410
[device/event] event=decision req=410
[device/event] event=decision req=410
[device/event] event=decision req=410
[device/event] event=decision req=410
[device/event] event=decision req=410
[device/event] event=decision req=410
[device/event] event=decision req=410
[device/event] event=decision req=410
[device/event] event=decision req=410
[device/event] event=decision req=410
[device/event] event=decision req=410
[device/event] event=decision req=410
[device/event] event=decision req=410
[device/event] event=decision req=410
[device/event] event=decision req=410
[device/event] event=decision req=410
[device/event] event=decision req=410
[device/event] event=decision req=410
[device/event] event=decision req=410
[device/event] event=decision req=410
[device/event] event=decision req=410
[device/event] event=run_complete req=410
[device/event] event=reset req=411
[device/event] event=status req=412
[device/event] event=decision req=413
[device/event] event=status req=414
[device/event] event=reset req=415
[device/event] event=clocks req=416
[device/event] event=decision req=417
[device/event] event=decision req=417
[device/event] event=decision req=417
[device/event] event=decision req=417
[device/event] event=decision req=417
[device/event] event=decision req=417
[device/event] event=decision req=417
[device/event] event=decision req=417
[device/event] event=decision req=417
[device/event] event=decision req=417
[device/event] event=decision req=417
[device/event] event=decision req=417
[device/event] event=decision req=417
[device/event] event=decision req=417
[device/event] event=decision req=417
[device/event] event=decision req=417
[device/event] event=decision req=417
[device/event] event=decision req=417
[device/event] event=decision req=417
[device/event] event=decision req=417
[device/event] event=decision req=417
[device/event] event=decision req=417
[device/event] event=decision req=417
[device/event] event=decision req=417
[device/event] event=decision req=417
[device/event] event=decision req=417
[device/event] event=decision req=417
[device/event] event=decision req=417
[device/event] event=decision req=417
[device/event] event=decision req=417
[device/event] event=decision req=417
[device/event] event=decision req=417
[device/event] event=decision req=417
[device/event] event=decision req=417
[device/event] event=decision req=417
[device/event] event=decision req=417
[device/event] event=decision req=417
[device/event] event=decision req=417
[device/event] event=decision req=417
[device/event] event=decision req=417
[device/event] event=decision req=417
[device/event] event=decision req=417
[device/event] event=decision req=417
[device/event] event=decision req=417
[device/event] event=decision req=417
[device/event] event=decision req=417
[device/event] event=decision req=417
[device/event] event=decision req=417
[device/event] event=decision req=417
[device/event] event=decision req=417
[device/event] event=decision req=417
[device/event] event=decision req=417
[device/event] event=decision req=417
[device/event] event=decision req=417
[device/event] event=decision req=417
[device/event] event=decision req=417
[device/event] event=decision req=417
[device/event] event=decision req=417
[device/event] event=decision req=417
[device/event] event=decision req=417
[device/event] event=decision req=417
[device/event] event=decision req=417
[device/event] event=decision req=417
[device/event] event=decision req=417
[device/event] event=decision req=417
[device/event] event=decision req=417
[device/event] event=decision req=417
[device/event] event=decision req=417
[device/event] event=decision req=417
[device/event] event=decision req=417
[device/event] event=decision req=417
[device/event] event=decision req=417
[device/event] event=decision req=417
[device/event] event=decision req=417
[device/event] event=decision req=417
[device/event] event=decision req=417
[device/event] event=decision req=417
[device/event] event=decision req=417
[device/event] event=decision req=417
[device/event] event=decision req=417
[device/event] event=decision req=417
[device/event] event=decision req=417
[device/event] event=decision req=417
[device/event] event=decision req=417
[device/event] event=decision req=417
[device/event] event=decision req=417
[device/event] event=decision req=417
[device/event] event=decision req=417
[device/event] event=decision req=417
[device/event] event=decision req=417
[device/event] event=decision req=417
[device/event] event=decision req=417
[device/event] event=decision req=417
[device/event] event=decision req=417
[device/event] event=decision req=417
[device/event] event=decision req=417
[device/event] event=decision req=417
[device/event] event=decision req=417
[device/event] event=decision req=417
[device/event] event=decision req=417
[device/event] event=run_complete req=417
[device/event] event=freeze req=418
[device/event] event=freeze req=419
[device/event] event=reset req=420
[device/event] event=clocks req=421
[device/event] event=decision req=422
[device/event] event=decision req=422
[device/event] event=decision req=422
[device/event] event=decision req=422
[device/event] event=decision req=422
[device/event] event=decision req=422
[device/event] event=decision req=422
[device/event] event=decision req=422
[device/event] event=decision req=422
[device/event] event=decision req=422
[device/event] event=decision req=422
[device/event] event=decision req=422
[device/event] event=decision req=422
[device/event] event=decision req=422
[device/event] event=decision req=422
[device/event] event=decision req=422
[device/event] event=decision req=422
[device/event] event=decision req=422
[device/event] event=decision req=422
[device/event] event=decision req=422
[device/event] event=decision req=422
[device/event] event=decision req=422
[device/event] event=decision req=422
[device/event] event=decision req=422
[device/event] event=decision req=422
[device/event] event=decision req=422
[device/event] event=decision req=422
[device/event] event=decision req=422
[device/event] event=decision req=422
[device/event] event=decision req=422
[device/event] event=decision req=422
[device/event] event=decision req=422
[device/event] event=run_complete req=422
[device/event] event=reset req=423
[device/event] event=status req=424
[device/event] event=decision req=425
[device/event] event=status req=426
[device/event] event=reset req=427
[device/event] event=clocks req=428
[device/event] event=decision req=429
[device/event] event=decision req=429
[device/event] event=decision req=429
[device/event] event=decision req=429
[device/event] event=decision req=429
[device/event] event=decision req=429
[device/event] event=decision req=429
[device/event] event=decision req=429
[device/event] event=decision req=429
[device/event] event=decision req=429
[device/event] event=decision req=429
[device/event] event=decision req=429
[device/event] event=decision req=429
[device/event] event=decision req=429
[device/event] event=decision req=429
[device/event] event=decision req=429
[device/event] event=decision req=429
[device/event] event=decision req=429
[device/event] event=decision req=429
[device/event] event=decision req=429
[device/event] event=decision req=429
[device/event] event=decision req=429
[device/event] event=decision req=429
[device/event] event=decision req=429
[device/event] event=decision req=429
[device/event] event=decision req=429
[device/event] event=decision req=429
[device/event] event=decision req=429
[device/event] event=decision req=429
[device/event] event=decision req=429
[device/event] event=decision req=429
[device/event] event=decision req=429
[device/event] event=run_complete req=429
[device/event] event=freeze req=430
[device/event] event=freeze req=431
[device/event] event=reset req=432
[device/event] event=clocks req=433
[device/event] event=decision req=434
[device/event] event=decision req=434
[device/event] event=decision req=434
[device/event] event=decision req=434
[device/event] event=decision req=434
[device/event] event=decision req=434
[device/event] event=decision req=434
[device/event] event=decision req=434
[device/event] event=decision req=434
[device/event] event=decision req=434
[device/event] event=decision req=434
[device/event] event=decision req=434
[device/event] event=decision req=434
[device/event] event=decision req=434
[device/event] event=decision req=434
[device/event] event=decision req=434
[device/event] event=decision req=434
[device/event] event=decision req=434
[device/event] event=decision req=434
[device/event] event=decision req=434
[device/event] event=decision req=434
[device/event] event=decision req=434
[device/event] event=decision req=434
[device/event] event=decision req=434
[device/event] event=decision req=434
[device/event] event=decision req=434
[device/event] event=decision req=434
[device/event] event=decision req=434
[device/event] event=decision req=434
[device/event] event=decision req=434
[device/event] event=decision req=434
[device/event] event=decision req=434
[device/event] event=decision req=434
[device/event] event=decision req=434
[device/event] event=decision req=434
[device/event] event=decision req=434
[device/event] event=decision req=434
[device/event] event=decision req=434
[device/event] event=decision req=434
[device/event] event=decision req=434
[device/event] event=decision req=434
[device/event] event=decision req=434
[device/event] event=run_complete req=434
[device/event] event=reset req=435
[device/event] event=status req=436
[device/event] event=decision req=437
[device/event] event=status req=438
[device/event] event=reset req=439
[device/event] event=clocks req=440
[device/event] event=decision req=441
[device/event] event=decision req=441
[device/event] event=decision req=441
[device/event] event=decision req=441
[device/event] event=decision req=441
[device/event] event=decision req=441
[device/event] event=decision req=441
[device/event] event=decision req=441
[device/event] event=decision req=441
[device/event] event=decision req=441
[device/event] event=decision req=441
[device/event] event=decision req=441
[device/event] event=decision req=441
[device/event] event=decision req=441
[device/event] event=decision req=441
[device/event] event=decision req=441
[device/event] event=decision req=441
[device/event] event=decision req=441
[device/event] event=decision req=441
[device/event] event=decision req=441
[device/event] event=decision req=441
[device/event] event=decision req=441
[device/event] event=decision req=441
[device/event] event=decision req=441
[device/event] event=decision req=441
[device/event] event=decision req=441
[device/event] event=decision req=441
[device/event] event=decision req=441
[device/event] event=decision req=441
[device/event] event=decision req=441
[device/event] event=decision req=441
[device/event] event=decision req=441
[device/event] event=decision req=441
[device/event] event=decision req=441
[device/event] event=decision req=441
[device/event] event=decision req=441
[device/event] event=decision req=441
[device/event] event=decision req=441
[device/event] event=decision req=441
[device/event] event=decision req=441
[device/event] event=decision req=441
[device/event] event=decision req=441
[device/event] event=run_complete req=441
[device/raw-drop] :false,"proposer_stall_ms":0,"proposal_timeout_ms":5000,"work_queue_depth":0,"proposal_queue_depth":0,"control_queue_depth":0}
[device/event] event=freeze req=443
[device/event] event=freeze req=444
[device/event] event=reset req=445
[device/event] event=clocks req=446
[device/event] event=decision req=447
[device/event] event=decision req=447
[device/event] event=decision req=447
[device/event] event=decision req=447
[device/event] event=decision req=447
[device/event] event=decision req=447
[device/event] event=decision req=447
[device/event] event=decision req=447
[device/event] event=decision req=447
[device/event] event=decision req=447
[device/event] event=decision req=447
[device/event] event=decision req=447
[device/event] event=decision req=447
[device/event] event=decision req=447
[device/event] event=decision req=447
[device/event] event=decision req=447
[device/event] event=decision req=447
[device/event] event=decision req=447
[device/event] event=decision req=447
[device/event] event=decision req=447
[device/event] event=decision req=447
[device/event] event=decision req=447
[device/event] event=decision req=447
[device/event] event=decision req=447
[device/event] event=decision req=447
[device/event] event=decision req=447
[device/event] event=decision req=447
[device/event] event=decision req=447
[device/event] event=decision req=447
[device/event] event=decision req=447
[device/event] event=decision req=447
[device/event] event=decision req=447
[device/event] event=decision req=447
[device/event] event=decision req=447
[device/event] event=decision req=447
[device/event] event=decision req=447
[device/event] event=decision req=447
[device/event] event=decision req=447
[device/event] event=decision req=447
[device/event] event=decision req=447
[device/event] event=decision req=447
[device/event] event=decision req=447
[device/event] event=decision req=447
[device/event] event=decision req=447
[device/event] event=decision req=447
[device/event] event=decision req=447
[device/event] event=decision req=447
[device/event] event=decision req=447
[device/event] event=decision req=447
[device/event] event=decision req=447
[device/event] event=decision req=447
[device/event] event=decision req=447
[device/event] event=decision req=447
[device/event] event=decision req=447
[device/event] event=decision req=447
[device/event] event=decision req=447
[device/event] event=decision req=447
[device/event] event=decision req=447
[device/event] event=decision req=447
[device/event] event=decision req=447
[device/event] event=decision req=447
[device/event] event=decision req=447
[device/event] event=decision req=447
[device/event] event=decision req=447
[device/event] event=decision req=447
[device/event] event=decision req=447
[device/event] event=run_complete req=447
[device/event] event=reset req=448
[device/event] event=status req=449
[device/event] event=decision req=450
[device/event] event=status req=451
[device/event] event=reset req=452
[device/event] event=clocks req=453
[device/event] event=decision req=454
[device/event] event=decision req=454
[device/event] event=decision req=454
[device/event] event=decision req=454
[device/event] event=decision req=454
[device/event] event=decision req=454
[device/event] event=decision req=454
[device/event] event=decision req=454
[device/event] event=decision req=454
[device/event] event=decision req=454
[device/event] event=decision req=454
[device/event] event=decision req=454
[device/event] event=decision req=454
[device/event] event=decision req=454
[device/event] event=decision req=454
[device/event] event=decision req=454
[device/event] event=decision req=454
[device/event] event=decision req=454
[device/event] event=decision req=454
[device/event] event=decision req=454
[device/event] event=decision req=454
[device/event] event=decision req=454
[device/event] event=decision req=454
[device/event] event=decision req=454
[device/event] event=decision req=454
[device/event] event=decision req=454
[device/event] event=decision req=454
[device/event] event=decision req=454
[device/event] event=decision req=454
[device/event] event=decision req=454
[device/event] event=decision req=454
[device/event] event=decision req=454
[device/event] event=decision req=454
[device/event] event=decision req=454
[device/event] event=decision req=454
[device/event] event=decision req=454
[device/event] event=decision req=454
[device/event] event=decision req=454
[device/event] event=decision req=454
[device/event] event=decision req=454
[device/event] event=decision req=454
[device/event] event=decision req=454
[device/event] event=decision req=454
[device/event] event=decision req=454
[device/event] event=decision req=454
[device/event] event=decision req=454
[device/event] event=decision req=454
[device/event] event=decision req=454
[device/event] event=decision req=454
[device/event] event=decision req=454
[device/event] event=decision req=454
[device/event] event=decision req=454
[device/event] event=decision req=454
[device/event] event=decision req=454
[device/event] event=decision req=454
[device/event] event=decision req=454
[device/event] event=decision req=454
[device/event] event=decision req=454
[device/event] event=decision req=454
[device/event] event=decision req=454
[device/event] event=decision req=454
[device/event] event=decision req=454
[device/event] event=decision req=454
[device/event] event=decision req=454
[device/event] event=decision req=454
[device/event] event=decision req=454
[device/event] event=run_complete req=454
[device/event] event=freeze req=455
[device/event] event=freeze req=456
[device/event] event=reset req=457
[device/event] event=clocks req=458
[device/event] event=decision req=459
[device/event] event=decision req=459
[device/event] event=decision req=459
[device/event] event=decision req=459
[device/event] event=decision req=459
[device/event] event=decision req=459
[device/event] event=decision req=459
[device/event] event=decision req=459
[device/event] event=decision req=459
[device/event] event=decision req=459
[device/event] event=decision req=459
[device/event] event=decision req=459
[device/event] event=decision req=459
[device/event] event=decision req=459
[device/event] event=decision req=459
[device/event] event=decision req=459
[device/event] event=decision req=459
[device/event] event=decision req=459
[device/event] event=decision req=459
[device/event] event=decision req=459
[device/event] event=decision req=459
[device/event] event=decision req=459
[device/event] event=decision req=459
[device/event] event=decision req=459
[device/event] event=decision req=459
[device/event] event=decision req=459
[device/event] event=decision req=459
[device/event] event=decision req=459
[device/event] event=decision req=459
[device/event] event=decision req=459
[device/event] event=decision req=459
[device/event] event=decision req=459
[device/event] event=decision req=459
[device/event] event=decision req=459
[device/event] event=decision req=459
[device/event] event=decision req=459
[device/event] event=decision req=459
[device/event] event=decision req=459
[device/event] event=decision req=459
[device/event] event=decision req=459
[device/event] event=decision req=459
[device/event] event=decision req=459
[device/event] event=decision req=459
[device/event] event=decision req=459
[device/event] event=decision req=459
[device/event] event=decision req=459
[device/event] event=decision req=459
[device/event] event=decision req=459
[device/event] event=decision req=459
[device/event] event=decision req=459
[device/event] event=decision req=459
[device/event] event=decision req=459
[device/event] event=decision req=459
[device/event] event=decision req=459
[device/event] event=decision req=459
[device/event] event=decision req=459
[device/event] event=decision req=459
[device/event] event=decision req=459
[device/event] event=decision req=459
[device/event] event=decision req=459
[device/event] event=decision req=459
[device/event] event=decision req=459
[device/event] event=decision req=459
[device/event] event=decision req=459
[device/event] event=decision req=459
[device/event] event=decision req=459
[device/event] event=decision req=459
[device/event] event=decision req=459
[device/event] event=decision req=459
[device/event] event=decision req=459
[device/event] event=decision req=459
[device/event] event=decision req=459
[device/event] event=decision req=459
[device/event] event=decision req=459
[device/event] event=decision req=459
[device/event] event=decision req=459
[device/event] event=decision req=459
[device/event] event=decision req=459
[device/event] event=decision req=459
[device/event] event=decision req=459
[device/event] event=decision req=459
[device/event] event=decision req=459
[device/event] event=run_complete req=459
[device/event] event=reset req=460
[device/event] event=status req=461
[device/event] event=decision req=462
[device/event] event=status req=463
[device/event] event=reset req=464
[device/event] event=clocks req=465
[device/event] event=decision req=466
[device/event] event=decision req=466
[device/event] event=decision req=466
[device/event] event=decision req=466
[device/event] event=decision req=466
[device/event] event=decision req=466
[device/event] event=decision req=466
[device/event] event=decision req=466
[device/event] event=decision req=466
[device/event] event=decision req=466
[device/event] event=decision req=466
[device/event] event=decision req=466
[device/event] event=decision req=466
[device/event] event=decision req=466
[device/event] event=decision req=466
[device/event] event=decision req=466
[device/event] event=decision req=466
[device/event] event=decision req=466
[device/event] event=decision req=466
[device/event] event=decision req=466
[device/event] event=decision req=466
[device/event] event=decision req=466
[device/event] event=decision req=466
[device/event] event=decision req=466
[device/event] event=decision req=466
[device/event] event=decision req=466
[device/event] event=decision req=466
[device/event] event=decision req=466
[device/event] event=decision req=466
[device/event] event=decision req=466
[device/event] event=decision req=466
[device/event] event=decision req=466
[device/event] event=decision req=466
[device/event] event=decision req=466
[device/event] event=decision req=466
[device/event] event=decision req=466
[device/event] event=decision req=466
[device/event] event=decision req=466
[device/event] event=decision req=466
[device/event] event=decision req=466
[device/event] event=decision req=466
[device/event] event=decision req=466
[device/event] event=decision req=466
[device/event] event=decision req=466
[device/event] event=decision req=466
[device/event] event=decision req=466
[device/event] event=decision req=466
[device/event] event=decision req=466
[device/event] event=decision req=466
[device/event] event=decision req=466
[device/event] event=decision req=466
[device/event] event=decision req=466
[device/event] event=decision req=466
[device/event] event=decision req=466
[device/event] event=decision req=466
[device/event] event=decision req=466
[device/event] event=decision req=466
[device/event] event=decision req=466
[device/event] event=decision req=466
[device/event] event=decision req=466
[device/event] event=decision req=466
[device/event] event=decision req=466
[device/event] event=decision req=466
[device/event] event=decision req=466
[device/event] event=decision req=466
[device/event] event=decision req=466
[device/event] event=decision req=466
[device/event] event=decision req=466
[device/event] event=decision req=466
[device/event] event=decision req=466
[device/event] event=decision req=466
[device/event] event=decision req=466
[device/event] event=decision req=466
[device/event] event=decision req=466
[device/event] event=decision req=466
[device/event] event=decision req=466
[device/event] event=decision req=466
[device/event] event=decision req=466
[device/event] event=decision req=466
[device/event] event=decision req=466
[device/event] event=decision req=466
[device/event] event=decision req=466
[device/event] event=run_complete req=466
[device/event] event=freeze req=467
[device/event] event=freeze req=468
[device/event] event=reset req=469
[device/event] event=clocks req=470
[device/event] event=decision req=471
[device/event] event=decision req=471
[device/event] event=decision req=471
[device/event] event=decision req=471
[device/event] event=run_complete req=471
[device/event] event=reset req=472
[device/event] event=status req=473
[device/event] event=decision req=474
[device/event] event=status req=475
[device/event] event=reset req=476
[device/event] event=clocks req=477
[device/event] event=decision req=478
[device/event] event=decision req=478
[device/event] event=decision req=478
[device/event] event=decision req=478
[device/event] event=run_complete req=478
[device/event] event=freeze req=479
[device/event] event=freeze req=480
[device/event] event=reset req=481
[device/event] event=clocks req=482
[device/event] event=decision req=483
[device/event] event=decision req=483
[device/event] event=decision req=483
[device/event] event=decision req=483
[device/event] event=decision req=483
[device/event] event=decision req=483
[device/event] event=decision req=483
[device/event] event=decision req=483
[device/event] event=decision req=483
[device/event] event=decision req=483
[device/event] event=decision req=483
[device/event] event=decision req=483
[device/event] event=decision req=483
[device/event] event=decision req=483
[device/event] event=decision req=483
[device/event] event=decision req=483
[device/event] event=decision req=483
[device/event] event=decision req=483
[device/event] event=decision req=483
[device/event] event=decision req=483
[device/event] event=decision req=483
[device/event] event=decision req=483
[device/event] event=decision req=483
[device/event] event=decision req=483
[device/event] event=decision req=483
[device/event] event=decision req=483
[device/event] event=decision req=483
[device/event] event=decision req=483
[device/event] event=decision req=483
[device/event] event=decision req=483
[device/event] event=decision req=483
[device/event] event=decision req=483
[device/event] event=decision req=483
[device/event] event=decision req=483
[device/event] event=decision req=483
[device/event] event=decision req=483
[device/event] event=decision req=483
[device/event] event=decision req=483
[device/event] event=decision req=483
[device/event] event=decision req=483
[device/event] event=decision req=483
[device/event] event=decision req=483
[device/event] event=decision req=483
[device/event] event=decision req=483
[device/event] event=decision req=483
[device/event] event=decision req=483
[device/event] event=decision req=483
[device/event] event=decision req=483
[device/event] event=decision req=483
[device/event] event=decision req=483
[device/event] event=run_complete req=483
[device/event] event=reset req=484
[device/event] event=status req=485
[device/event] event=decision req=486
[device/event] event=status req=487
[device/event] event=reset req=488
[device/event] event=clocks req=489
[device/event] event=decision req=490
[device/event] event=decision req=490
[device/event] event=decision req=490
[device/event] event=decision req=490
[device/event] event=decision req=490
[device/event] event=decision req=490
[device/event] event=decision req=490
[device/event] event=decision req=490
[device/event] event=decision req=490
[device/event] event=decision req=490
[device/event] event=decision req=490
[device/event] event=decision req=490
[device/event] event=decision req=490
[device/event] event=decision req=490
[device/event] event=decision req=490
[device/event] event=decision req=490
[device/event] event=decision req=490
[device/event] event=decision req=490
[device/event] event=decision req=490
[device/event] event=decision req=490
[device/event] event=decision req=490
[device/event] event=decision req=490
[device/event] event=decision req=490
[device/event] event=decision req=490
[device/event] event=decision req=490
[device/event] event=decision req=490
[device/event] event=decision req=490
[device/event] event=decision req=490
[device/event] event=decision req=490
[device/event] event=decision req=490
[device/event] event=decision req=490
[device/event] event=decision req=490
[device/event] event=decision req=490
[device/event] event=decision req=490
[device/event] event=decision req=490
[device/event] event=decision req=490
[device/event] event=decision req=490
[device/event] event=decision req=490
[device/event] event=decision req=490
[device/event] event=decision req=490
[device/event] event=decision req=490
[device/event] event=decision req=490
[device/event] event=decision req=490
[device/event] event=decision req=490
[device/event] event=decision req=490
[device/event] event=decision req=490
[device/event] event=decision req=490
[device/event] event=decision req=490
[device/event] event=decision req=490
[device/event] event=decision req=490
[device/event] event=run_complete req=490
[device/event] event=freeze req=491
[device/event] event=freeze req=492
[device/event] event=reset req=493
[device/event] event=clocks req=494
[device/event] event=decision req=495
[device/event] event=decision req=495
[device/event] event=decision req=495
[device/event] event=decision req=495
[device/event] event=decision req=495
[device/event] event=decision req=495
[device/event] event=decision req=495
[device/event] event=decision req=495
[device/event] event=decision req=495
[device/event] event=decision req=495
[device/event] event=decision req=495
[device/event] event=decision req=495
[device/event] event=decision req=495
[device/event] event=decision req=495
[device/event] event=decision req=495
[device/event] event=decision req=495
[device/event] event=decision req=495
[device/event] event=decision req=495
[device/event] event=decision req=495
[device/event] event=decision req=495
[device/event] event=decision req=495
[device/event] event=decision req=495
[device/event] event=decision req=495
[device/event] event=decision req=495
[device/event] event=decision req=495
[device/event] event=decision req=495
[device/event] event=decision req=495
[device/event] event=decision req=495
[device/event] event=decision req=495
[device/event] event=decision req=495
[device/event] event=decision req=495
[device/event] event=decision req=495
[device/event] event=decision req=495
[device/event] event=decision req=495
[device/event] event=decision req=495
[device/event] event=decision req=495
[device/event] event=decision req=495
[device/event] event=decision req=495
[device/event] event=decision req=495
[device/event] event=decision req=495
[device/event] event=decision req=495
[device/event] event=decision req=495
[device/event] event=decision req=495
[device/event] event=decision req=495
[device/event] event=decision req=495
[device/event] event=decision req=495
[device/event] event=decision req=495
[device/event] event=decision req=495
[device/event] event=decision req=495
[device/event] event=decision req=495
[device/event] event=decision req=495
[device/event] event=decision req=495
[device/event] event=decision req=495
[device/event] event=decision req=495
[device/event] event=decision req=495
[device/event] event=decision req=495
[device/event] event=decision req=495
[device/event] event=decision req=495
[device/event] event=decision req=495
[device/event] event=decision req=495
[device/event] event=decision req=495
[device/event] event=decision req=495
[device/event] event=decision req=495
[device/event] event=decision req=495
[device/event] event=decision req=495
[device/event] event=decision req=495
[device/event] event=decision req=495
[device/event] event=decision req=495
[device/event] event=decision req=495
[device/event] event=decision req=495
[device/event] event=decision req=495
[device/event] event=decision req=495
[device/event] event=run_complete req=495
[device/event] event=reset req=496
[device/event] event=status req=497
[device/event] event=decision req=498
[device/event] event=status req=499
[device/event] event=reset req=500
[device/event] event=clocks req=501
[device/event] event=decision req=502
[device/event] event=decision req=502
[device/event] event=decision req=502
[device/event] event=decision req=502
[device/event] event=decision req=502
[device/event] event=decision req=502
[device/event] event=decision req=502
[device/event] event=decision req=502
[device/event] event=decision req=502
[device/event] event=decision req=502
[device/event] event=decision req=502
[device/event] event=decision req=502
[device/event] event=decision req=502
[device/event] event=decision req=502
[device/event] event=decision req=502
[device/event] event=decision req=502
[device/event] event=decision req=502
[device/event] event=decision req=502
[device/event] event=decision req=502
[device/event] event=decision req=502
[device/event] event=decision req=502
[device/event] event=decision req=502
[device/event] event=decision req=502
[device/event] event=decision req=502
[device/event] event=decision req=502
[device/event] event=decision req=502
[device/event] event=decision req=502
[device/event] event=decision req=502
[device/event] event=decision req=502
[device/event] event=decision req=502
[device/event] event=decision req=502
[device/event] event=decision req=502
[device/event] event=decision req=502
[device/event] event=decision req=502
[device/event] event=decision req=502
[device/event] event=decision req=502
[device/event] event=decision req=502
[device/event] event=decision req=502
[device/event] event=decision req=502
[device/event] event=decision req=502
[device/event] event=decision req=502
[device/event] event=decision req=502
[device/event] event=decision req=502
[device/event] event=decision req=502
[device/event] event=decision req=502
[device/event] event=decision req=502
[device/event] event=decision req=502
[device/event] event=decision req=502
[device/event] event=decision req=502
[device/event] event=decision req=502
[device/event] event=decision req=502
[device/event] event=decision req=502
[device/event] event=decision req=502
[device/event] event=decision req=502
[device/event] event=decision req=502
[device/event] event=decision req=502
[device/event] event=decision req=502
[device/event] event=decision req=502
[device/event] event=decision req=502
[device/event] event=decision req=502
[device/event] event=decision req=502
[device/event] event=decision req=502
[device/event] event=decision req=502
[device/event] event=decision req=502
[device/event] event=decision req=502
[device/event] event=decision req=502
[device/event] event=decision req=502
[device/event] event=decision req=502
[device/event] event=decision req=502
[device/event] event=decision req=502
[device/event] event=decision req=502
[device/event] event=decision req=502
[device/event] event=run_complete req=502
[device/event] event=freeze req=503
[device/event] event=freeze req=504
[device/event] event=reset req=505
[device/event] event=clocks req=506
[device/event] event=decision req=507
[device/event] event=decision req=507
[device/event] event=decision req=507
[device/event] event=decision req=507
[device/event] event=decision req=507
[device/event] event=decision req=507
[device/event] event=decision req=507
[device/event] event=decision req=507
[device/event] event=decision req=507
[device/event] event=decision req=507
[device/event] event=decision req=507
[device/event] event=decision req=507
[device/event] event=decision req=507
[device/event] event=decision req=507
[device/event] event=decision req=507
[device/event] event=decision req=507
[device/event] event=decision req=507
[device/event] event=decision req=507
[device/event] event=decision req=507
[device/event] event=decision req=507
[device/event] event=decision req=507
[device/event] event=decision req=507
[device/event] event=decision req=507
[device/event] event=decision req=507
[device/event] event=decision req=507
[device/event] event=decision req=507
[device/event] event=decision req=507
[device/event] event=decision req=507
[device/event] event=decision req=507
[device/event] event=decision req=507
[device/event] event=decision req=507
[device/event] event=decision req=507
[device/event] event=decision req=507
[device/event] event=decision req=507
[device/event] event=decision req=507
[device/event] event=decision req=507
[device/event] event=decision req=507
[device/event] event=decision req=507
[device/event] event=decision req=507
[device/event] event=decision req=507
[device/event] event=decision req=507
[device/event] event=decision req=507
[device/event] event=decision req=507
[device/event] event=decision req=507
[device/event] event=decision req=507
[device/event] event=decision req=507
[device/event] event=decision req=507
[device/event] event=decision req=507
[device/event] event=decision req=507
[device/event] event=decision req=507
[device/event] event=decision req=507
[device/event] event=decision req=507
[device/event] event=decision req=507
[device/event] event=decision req=507
[device/event] event=decision req=507
[device/event] event=decision req=507
[device/event] event=decision req=507
[device/event] event=decision req=507
[device/event] event=decision req=507
[device/event] event=decision req=507
[device/event] event=decision req=507
[device/event] event=decision req=507
[device/event] event=decision req=507
[device/event] event=decision req=507
[device/event] event=decision req=507
[device/event] event=decision req=507
[device/event] event=decision req=507
[device/event] event=decision req=507
[device/event] event=decision req=507
[device/event] event=decision req=507
[device/event] event=decision req=507
[device/event] event=decision req=507
[device/event] event=decision req=507
[device/event] event=decision req=507
[device/event] event=decision req=507
[device/event] event=decision req=507
[device/event] event=decision req=507
[device/event] event=decision req=507
[device/event] event=decision req=507
[device/event] event=decision req=507
[device/event] event=decision req=507
[device/event] event=decision req=507
[device/event] event=decision req=507
[device/event] event=decision req=507
[device/event] event=decision req=507
[device/event] event=decision req=507
[device/event] event=decision req=507
[device/event] event=decision req=507
[device/event] event=decision req=507
[device/event] event=decision req=507
[device/event] event=decision req=507
[device/event] event=decision req=507
[device/event] event=decision req=507
[device/event] event=decision req=507
[device/event] event=run_complete req=507
[device/event] event=reset req=508
[device/event] event=status req=509
[device/event] event=decision req=510
[device/event] event=status req=511
[device/event] event=reset req=512
[device/event] event=clocks req=513
[device/event] event=decision req=514
[device/event] event=decision req=514
[device/event] event=decision req=514
[device/event] event=decision req=514
[device/event] event=decision req=514
[device/event] event=decision req=514
[device/event] event=decision req=514
[device/event] event=decision req=514
[device/event] event=decision req=514
[device/event] event=decision req=514
[device/event] event=decision req=514
[device/event] event=decision req=514
[device/event] event=decision req=514
[device/event] event=decision req=514
[device/event] event=decision req=514
[device/event] event=decision req=514
[device/event] event=decision req=514
[device/event] event=decision req=514
[device/event] event=decision req=514
[device/event] event=decision req=514
[device/event] event=decision req=514
[device/event] event=decision req=514
[device/event] event=decision req=514
[device/event] event=decision req=514
[device/event] event=decision req=514
[device/event] event=decision req=514
[device/event] event=decision req=514
[device/event] event=decision req=514
[device/event] event=decision req=514
[device/event] event=decision req=514
[device/event] event=decision req=514
[device/event] event=decision req=514
[device/event] event=decision req=514
[device/event] event=decision req=514
[device/event] event=decision req=514
[device/event] event=decision req=514
[device/event] event=decision req=514
[device/event] event=decision req=514
[device/event] event=decision req=514
[device/event] event=decision req=514
[device/event] event=decision req=514
[device/event] event=decision req=514
[device/event] event=decision req=514
[device/event] event=decision req=514
[device/event] event=decision req=514
[device/event] event=decision req=514
[device/event] event=decision req=514
[device/event] event=decision req=514
[device/event] event=decision req=514
[device/event] event=decision req=514
[device/event] event=decision req=514
[device/event] event=decision req=514
[device/event] event=decision req=514
[device/event] event=decision req=514
[device/event] event=decision req=514
[device/event] event=decision req=514
[device/event] event=decision req=514
[device/event] event=decision req=514
[device/event] event=decision req=514
[device/event] event=decision req=514
[device/event] event=decision req=514
[device/event] event=decision req=514
[device/event] event=decision req=514
[device/event] event=decision req=514
[device/event] event=decision req=514
[device/event] event=decision req=514
[device/event] event=decision req=514
[device/event] event=decision req=514
[device/event] event=decision req=514
[device/event] event=decision req=514
[device/event] event=decision req=514
[device/event] event=decision req=514
[device/event] event=decision req=514
[device/event] event=decision req=514
[device/event] event=decision req=514
[device/event] event=decision req=514
[device/event] event=decision req=514
[device/event] event=decision req=514
[device/event] event=decision req=514
[device/event] event=decision req=514
[device/event] event=decision req=514
[device/event] event=decision req=514
[device/event] event=decision req=514
[device/event] event=decision req=514
[device/event] event=decision req=514
[device/event] event=decision req=514
[device/event] event=decision req=514
[device/event] event=decision req=514
[device/event] event=decision req=514
[device/event] event=decision req=514
[device/event] event=decision req=514
[device/event] event=decision req=514
[device/event] event=decision req=514
[device/event] event=decision req=514
[device/event] event=run_complete req=514
[device/event] event=freeze req=515
[device/event] event=freeze req=516
[device/event] event=reset req=517
[device/event] event=clocks req=518
[device/event] event=decision req=519
[device/event] event=decision req=519
[device/event] event=decision req=519
[device/event] event=decision req=519
[device/event] event=decision req=519
[device/event] event=decision req=519
[device/event] event=decision req=519
[device/event] event=decision req=519
[device/event] event=decision req=519
[device/event] event=decision req=519
[device/event] event=decision req=519
[device/event] event=decision req=519
[device/event] event=decision req=519
[device/event] event=decision req=519
[device/event] event=decision req=519
[device/event] event=decision req=519
[device/event] event=decision req=519
[device/event] event=decision req=519
[device/event] event=decision req=519
[device/event] event=decision req=519
[device/event] event=decision req=519
[device/event] event=decision req=519
[device/event] event=decision req=519
[device/event] event=decision req=519
[device/event] event=decision req=519
[device/event] event=decision req=519
[device/event] event=decision req=519
[device/event] event=decision req=519
[device/event] event=decision req=519
[device/event] event=decision req=519
[device/event] event=decision req=519
[device/event] event=decision req=519
[device/event] event=decision req=519
[device/event] event=decision req=519
[device/event] event=decision req=519
[device/event] event=decision req=519
[device/event] event=decision req=519
[device/event] event=decision req=519
[device/event] event=decision req=519
[device/event] event=decision req=519
[device/event] event=decision req=519
[device/event] event=decision req=519
[device/event] event=decision req=519
[device/event] event=decision req=519
[device/event] event=decision req=519
[device/event] event=decision req=519
[device/event] event=decision req=519
[device/event] event=decision req=519
[device/event] event=decision req=519
[device/event] event=decision req=519
[device/event] event=decision req=519
[device/event] event=decision req=519
[device/event] event=decision req=519
[device/event] event=decision req=519
[device/event] event=decision req=519
[device/event] event=decision req=519
[device/event] event=decision req=519
[device/event] event=decision req=519
[device/event] event=decision req=519
[device/event] event=decision req=519
[device/event] event=decision req=519
[device/event] event=decision req=519
[device/event] event=decision req=519
[device/event] event=decision req=519
[device/event] event=decision req=519
[device/event] event=decision req=519
[device/event] event=decision req=519
[device/event] event=decision req=519
[device/event] event=decision req=519
[device/event] event=decision req=519
[device/event] event=decision req=519
[device/event] event=decision req=519
[device/event] event=decision req=519
[device/event] event=decision req=519
[device/event] event=decision req=519
[device/event] event=decision req=519
[device/event] event=decision req=519
[device/event] event=decision req=519
[device/event] event=decision req=519
[device/event] event=decision req=519
[device/event] event=decision req=519
[device/event] event=decision req=519
[device/event] event=decision req=519
[device/event] event=decision req=519
[device/event] event=decision req=519
[device/event] event=decision req=519
[device/event] event=decision req=519
[device/event] event=decision req=519
[device/event] event=decision req=519
[device/event] event=decision req=519
[device/event] event=decision req=519
[device/event] event=decision req=519
[device/event] event=decision req=519
[device/event] event=decision req=519
[device/event] event=decision req=519
[device/event] event=decision req=519
[device/event] event=decision req=519
[device/event] event=decision req=519
[device/event] event=decision req=519
[device/event] event=decision req=519
[device/event] event=decision req=519
[device/event] event=decision req=519
[device/event] event=decision req=519
[device/event] event=decision req=519
[device/event] event=decision req=519
[device/event] event=decision req=519
[device/event] event=decision req=519
[device/event] event=decision req=519
[device/event] event=decision req=519
[device/event] event=decision req=519
[device/event] event=decision req=519
[device/event] event=decision req=519
[device/event] event=decision req=519
[device/event] event=decision req=519
[device/event] event=decision req=519
[device/event] event=decision req=519
[device/event] event=decision req=519
[device/event] event=decision req=519
[device/event] event=decision req=519
[device/event] event=decision req=519
[device/event] event=decision req=519
[device/event] event=decision req=519
[device/event] event=decision req=519
[device/event] event=decision req=519
[device/event] event=decision req=519
[device/event] event=decision req=519
[device/event] event=decision req=519
[device/event] event=decision req=519
[device/event] event=decision req=519
[device/event] event=decision req=519
[device/event] event=decision req=519
[device/event] event=decision req=519
[device/event] event=decision req=519
[device/event] event=decision req=519
[device/event] event=decision req=519
[device/event] event=decision req=519
[device/event] event=decision req=519
[device/event] event=decision req=519
[device/event] event=decision req=519
[device/event] event=decision req=519
[device/event] event=run_complete req=519
[device/event] event=reset req=520
[device/event] event=status req=521
[device/event] event=decision req=522
[device/event] event=status req=523
[device/event] event=reset req=524
[device/event] event=clocks req=525
[device/event] event=decision req=526
[device/event] event=decision req=526
[device/event] event=decision req=526
[device/event] event=decision req=526
[device/event] event=decision req=526
[device/event] event=decision req=526
[device/event] event=decision req=526
[device/event] event=decision req=526
[device/event] event=decision req=526
[device/event] event=decision req=526
[device/event] event=decision req=526
[device/event] event=decision req=526
[device/event] event=decision req=526
[device/event] event=decision req=526
[device/event] event=decision req=526
[device/event] event=decision req=526
[device/event] event=decision req=526
[device/event] event=decision req=526
[device/event] event=decision req=526
[device/event] event=decision req=526
[device/event] event=decision req=526
[device/event] event=decision req=526
[device/event] event=decision req=526
[device/event] event=decision req=526
[device/event] event=decision req=526
[device/event] event=decision req=526
[device/event] event=decision req=526
[device/event] event=decision req=526
[device/event] event=decision req=526
[device/event] event=decision req=526
[device/event] event=decision req=526
[device/event] event=decision req=526
[device/event] event=decision req=526
[device/event] event=decision req=526
[device/event] event=decision req=526
[device/event] event=decision req=526
[device/event] event=decision req=526
[device/event] event=decision req=526
[device/event] event=decision req=526
[device/event] event=decision req=526
[device/event] event=decision req=526
[device/event] event=decision req=526
[device/event] event=decision req=526
[device/event] event=decision req=526
[device/event] event=decision req=526
[device/event] event=decision req=526
[device/event] event=decision req=526
[device/event] event=decision req=526
[device/event] event=decision req=526
[device/event] event=decision req=526
[device/event] event=decision req=526
[device/event] event=decision req=526
[device/event] event=decision req=526
[device/event] event=decision req=526
[device/event] event=decision req=526
[device/event] event=decision req=526
[device/event] event=decision req=526
[device/event] event=decision req=526
[device/event] event=decision req=526
[device/event] event=decision req=526
[device/event] event=decision req=526
[device/event] event=decision req=526
[device/event] event=decision req=526
[device/event] event=decision req=526
[device/event] event=decision req=526
[device/event] event=decision req=526
[device/event] event=decision req=526
[device/event] event=decision req=526
[device/event] event=decision req=526
[device/event] event=decision req=526
[device/event] event=decision req=526
[device/event] event=decision req=526
[device/event] event=decision req=526
[device/event] event=decision req=526
[device/event] event=decision req=526
[device/event] event=decision req=526
[device/event] event=decision req=526
[device/event] event=decision req=526
[device/event] event=decision req=526
[device/event] event=decision req=526
[device/event] event=decision req=526
[device/event] event=decision req=526
[device/event] event=decision req=526
[device/event] event=decision req=526
[device/event] event=decision req=526
[device/event] event=decision req=526
[device/event] event=decision req=526
[device/event] event=decision req=526
[device/event] event=decision req=526
[device/event] event=decision req=526
[device/event] event=decision req=526
[device/event] event=decision req=526
[device/event] event=decision req=526
[device/event] event=decision req=526
[device/event] event=decision req=526
[device/event] event=decision req=526
[device/event] event=decision req=526
[device/event] event=decision req=526
[device/event] event=decision req=526
[device/event] event=decision req=526
[device/event] event=decision req=526
[device/event] event=decision req=526
[device/event] event=decision req=526
[device/event] event=decision req=526
[device/event] event=decision req=526
[device/event] event=decision req=526
[device/event] event=decision req=526
[device/event] event=decision req=526
[device/event] event=decision req=526
[device/event] event=decision req=526
[device/event] event=decision req=526
[device/event] event=decision req=526
[device/event] event=decision req=526
[device/event] event=decision req=526
[device/event] event=decision req=526
[device/event] event=decision req=526
[device/event] event=decision req=526
[device/event] event=decision req=526
[device/event] event=decision req=526
[device/event] event=decision req=526
[device/event] event=decision req=526
[device/event] event=decision req=526
[device/event] event=decision req=526
[device/event] event=decision req=526
[device/event] event=decision req=526
[device/event] event=decision req=526
[device/event] event=decision req=526
[device/event] event=decision req=526
[device/event] event=decision req=526
[device/event] event=decision req=526
[device/event] event=decision req=526
[device/event] event=decision req=526
[device/event] event=decision req=526
[device/event] event=decision req=526
[device/event] event=decision req=526
[device/event] event=decision req=526
[device/event] event=decision req=526
[device/event] event=decision req=526
[device/event] event=decision req=526
[device/event] event=decision req=526
[device/event] event=run_complete req=526
[device/event] event=freeze req=527
[device/event] event=freeze req=528
[device/event] event=reset req=529
[device/event] event=clocks req=530
[device/event] event=decision req=531
[device/event] event=decision req=531
[device/event] event=decision req=531
[device/event] event=decision req=531
[device/event] event=decision req=531
[device/event] event=decision req=531
[device/event] event=decision req=531
[device/event] event=decision req=531
[device/event] event=decision req=531
[device/event] event=decision req=531
[device/event] event=decision req=531
[device/event] event=decision req=531
[device/event] event=decision req=531
[device/event] event=decision req=531
[device/event] event=decision req=531
[device/event] event=decision req=531
[device/event] event=decision req=531
[device/event] event=decision req=531
[device/event] event=decision req=531
[device/event] event=decision req=531
[device/event] event=run_complete req=531
[device/event] event=reset req=532
[device/event] event=status req=533
[device/event] event=decision req=534
[device/event] event=status req=535
[device/event] event=reset req=536
[device/event] event=clocks req=537
[device/event] event=decision req=538
[device/event] event=decision req=538
[device/event] event=decision req=538
[device/event] event=decision req=538
[device/event] event=decision req=538
[device/event] event=decision req=538
[device/event] event=decision req=538
[device/event] event=decision req=538
[device/event] event=decision req=538
[device/event] event=decision req=538
[device/event] event=decision req=538
[device/event] event=decision req=538
[device/event] event=decision req=538
[device/event] event=decision req=538
[device/event] event=decision req=538
[device/event] event=decision req=538
[device/event] event=decision req=538
[device/event] event=decision req=538
[device/event] event=decision req=538
[device/event] event=decision req=538
[device/event] event=run_complete req=538
[device/event] event=freeze req=539
[device/event] event=freeze req=540
[device/event] event=reset req=541
[device/event] event=clocks req=542
[device/event] event=decision req=543
[device/event] event=decision req=543
[device/event] event=decision req=543
[device/event] event=decision req=543
[device/event] event=decision req=543
[device/event] event=decision req=543
[device/event] event=decision req=543
[device/event] event=decision req=543
[device/event] event=decision req=543
[device/event] event=decision req=543
[device/event] event=decision req=543
[device/event] event=decision req=543
[device/event] event=decision req=543
[device/event] event=decision req=543
[device/event] event=decision req=543
[device/event] event=decision req=543
[device/event] event=decision req=543
[device/event] event=decision req=543
[device/event] event=decision req=543
[device/event] event=decision req=543
[device/event] event=decision req=543
[device/event] event=decision req=543
[device/event] event=decision req=543
[device/event] event=decision req=543
[device/event] event=decision req=543
[device/event] event=decision req=543
[device/event] event=run_complete req=543
[device/event] event=reset req=544
[device/event] event=status req=545
[device/event] event=decision req=546
[device/event] event=status req=547
[device/event] event=reset req=548
[device/event] event=clocks req=549
[device/event] event=decision req=550
[device/event] event=decision req=550
[device/event] event=decision req=550
[device/event] event=decision req=550
[device/event] event=decision req=550
[device/event] event=decision req=550
[device/event] event=decision req=550
[device/event] event=decision req=550
[device/event] event=decision req=550
[device/event] event=decision req=550
[device/event] event=decision req=550
[device/event] event=decision req=550
[device/event] event=decision req=550
[device/event] event=decision req=550
[device/event] event=decision req=550
[device/event] event=decision req=550
[device/event] event=decision req=550
[device/event] event=decision req=550
[device/event] event=decision req=550
[device/event] event=decision req=550
[device/event] event=decision req=550
[device/event] event=decision req=550
[device/event] event=decision req=550
[device/event] event=decision req=550
[device/event] event=decision req=550
[device/event] event=decision req=550
[device/event] event=run_complete req=550
[device/event] event=freeze req=551
[device/event] event=freeze req=552
[device/event] event=reset req=553
[device/event] event=clocks req=554
[device/event] event=decision req=555
[device/event] event=decision req=555
[device/event] event=decision req=555
[device/event] event=decision req=555
[device/event] event=decision req=555
[device/event] event=decision req=555
[device/event] event=decision req=555
[device/event] event=decision req=555
[device/event] event=decision req=555
[device/event] event=decision req=555
[device/event] event=decision req=555
[device/event] event=decision req=555
[device/event] event=decision req=555
[device/event] event=decision req=555
[device/event] event=decision req=555
[device/event] event=decision req=555
[device/event] event=decision req=555
[device/event] event=decision req=555
[device/event] event=decision req=555
[device/event] event=decision req=555
[device/event] event=decision req=555
[device/event] event=decision req=555
[device/event] event=decision req=555
[device/event] event=decision req=555
[device/event] event=decision req=555
[device/event] event=decision req=555
[device/event] event=decision req=555
[device/event] event=decision req=555
[device/event] event=decision req=555
[device/event] event=decision req=555
[device/event] event=decision req=555
[device/event] event=decision req=555
[device/event] event=decision req=555
[device/event] event=decision req=555
[device/event] event=decision req=555
[device/event] event=decision req=555
[device/event] event=decision req=555
[device/event] event=decision req=555
[device/event] event=decision req=555
[device/event] event=decision req=555
[device/event] event=decision req=555
[device/event] event=decision req=555
[device/event] event=decision req=555
[device/event] event=decision req=555
[device/event] event=decision req=555
[device/event] event=decision req=555
[device/event] event=decision req=555
[device/event] event=decision req=555
[device/event] event=decision req=555
[device/event] event=decision req=555
[device/event] event=decision req=555
[device/event] event=decision req=555
[device/event] event=decision req=555
[device/event] event=decision req=555
[device/event] event=decision req=555
[device/event] event=decision req=555
[device/event] event=decision req=555
[device/event] event=decision req=555
[device/event] event=decision req=555
[device/event] event=decision req=555
[device/event] event=decision req=555
[device/event] event=decision req=555
[device/event] event=decision req=555
[device/event] event=decision req=555
[device/event] event=decision req=555
[device/event] event=decision req=555
[device/event] event=decision req=555
[device/event] event=decision req=555
[device/event] event=decision req=555
[device/event] event=decision req=555
[device/event] event=decision req=555
[device/event] event=decision req=555
[device/event] event=decision req=555
[device/event] event=decision req=555
[device/event] event=decision req=555
[device/event] event=decision req=555
[device/event] event=decision req=555
[device/event] event=decision req=555
[device/event] event=decision req=555
[device/event] event=decision req=555
[device/event] event=decision req=555
[device/event] event=decision req=555
[device/event] event=decision req=555
[device/event] event=decision req=555
[device/event] event=decision req=555
[device/event] event=decision req=555
[device/event] event=decision req=555
[device/event] event=decision req=555
[device/event] event=decision req=555
[device/event] event=decision req=555
[device/event] event=decision req=555
[device/event] event=decision req=555
[device/event] event=decision req=555
[device/event] event=decision req=555
[device/event] event=decision req=555
[device/event] event=decision req=555
[device/event] event=decision req=555
[device/event] event=decision req=555
[device/event] event=decision req=555
[device/event] event=decision req=555
[device/event] event=decision req=555
[device/event] event=decision req=555
[device/event] event=decision req=555
[device/event] event=decision req=555
[device/event] event=decision req=555
[device/event] event=decision req=555
[device/event] event=decision req=555
[device/event] event=decision req=555
[device/event] event=run_complete req=555
[device/event] event=reset req=556
[device/event] event=status req=557
[device/event] event=decision req=558
[device/event] event=status req=559
[device/event] event=reset req=560
[device/event] event=clocks req=561
[device/event] event=decision req=562
[device/event] event=decision req=562
[device/event] event=decision req=562
[device/event] event=decision req=562
[device/event] event=decision req=562
[device/event] event=decision req=562
[device/event] event=decision req=562
[device/event] event=decision req=562
[device/event] event=decision req=562
[device/event] event=decision req=562
[device/event] event=decision req=562
[device/event] event=decision req=562
[device/event] event=decision req=562
[device/event] event=decision req=562
[device/event] event=decision req=562
[device/event] event=decision req=562
[device/event] event=decision req=562
[device/event] event=decision req=562
[device/event] event=decision req=562
[device/event] event=decision req=562
[device/event] event=decision req=562
[device/event] event=decision req=562
[device/event] event=decision req=562
[device/event] event=decision req=562
[device/event] event=decision req=562
[device/event] event=decision req=562
[device/event] event=decision req=562
[device/event] event=decision req=562
[device/event] event=decision req=562
[device/event] event=decision req=562
[device/event] event=decision req=562
[device/event] event=decision req=562
[device/event] event=decision req=562
[device/event] event=decision req=562
[device/event] event=decision req=562
[device/event] event=decision req=562
[device/event] event=decision req=562
[device/event] event=decision req=562
[device/event] event=decision req=562
[device/event] event=decision req=562
[device/event] event=decision req=562
[device/event] event=decision req=562
[device/event] event=decision req=562
[device/event] event=decision req=562
[device/event] event=decision req=562
[device/event] event=decision req=562
[device/event] event=decision req=562
[device/event] event=decision req=562
[device/event] event=decision req=562
[device/event] event=decision req=562
[device/event] event=decision req=562
[device/event] event=decision req=562
[device/event] event=decision req=562
[device/event] event=decision req=562
[device/event] event=decision req=562
[device/event] event=decision req=562
[device/event] event=decision req=562
[device/event] event=decision req=562
[device/event] event=decision req=562
[device/event] event=decision req=562
[device/event] event=decision req=562
[device/event] event=decision req=562
[device/event] event=decision req=562
[device/event] event=decision req=562
[device/event] event=decision req=562
[device/event] event=decision req=562
[device/event] event=decision req=562
[device/event] event=decision req=562
[device/event] event=decision req=562
[device/event] event=decision req=562
[device/event] event=decision req=562
[device/event] event=decision req=562
[device/event] event=decision req=562
[device/event] event=decision req=562
[device/event] event=decision req=562
[device/event] event=decision req=562
[device/event] event=decision req=562
[device/event] event=decision req=562
[device/event] event=decision req=562
[device/event] event=decision req=562
[device/event] event=decision req=562
[device/event] event=decision req=562
[device/event] event=decision req=562
[device/event] event=decision req=562
[device/event] event=decision req=562
[device/event] event=decision req=562
[device/event] event=decision req=562
[device/event] event=decision req=562
[device/event] event=decision req=562
[device/event] event=decision req=562
[device/event] event=decision req=562
[device/event] event=decision req=562
[device/event] event=decision req=562
[device/event] event=decision req=562
[device/event] event=decision req=562
[device/event] event=decision req=562
[device/event] event=decision req=562
[device/event] event=decision req=562
[device/event] event=decision req=562
[device/event] event=decision req=562
[device/event] event=decision req=562
[device/event] event=decision req=562
[device/event] event=decision req=562
[device/event] event=decision req=562
[device/event] event=decision req=562
[device/event] event=decision req=562
[device/event] event=decision req=562
[device/event] event=decision req=562
[device/event] event=run_complete req=562
[device/event] event=freeze req=563
[device/event] event=freeze req=564
[device/event] event=reset req=565
[device/event] event=clocks req=566
[device/event] event=decision req=567
[device/event] event=decision req=567
[device/event] event=decision req=567
[device/event] event=decision req=567
[device/event] event=decision req=567
[device/event] event=decision req=567
[device/event] event=decision req=567
[device/event] event=decision req=567
[device/event] event=decision req=567
[device/event] event=decision req=567
[device/event] event=decision req=567
[device/event] event=decision req=567
[device/event] event=decision req=567
[device/event] event=decision req=567
[device/event] event=decision req=567
[device/event] event=decision req=567
[device/event] event=decision req=567
[device/event] event=decision req=567
[device/event] event=decision req=567
[device/event] event=decision req=567
[device/event] event=decision req=567
[device/event] event=decision req=567
[device/event] event=decision req=567
[device/event] event=decision req=567
[device/event] event=decision req=567
[device/event] event=decision req=567
[device/event] event=decision req=567
[device/event] event=decision req=567
[device/event] event=decision req=567
[device/event] event=decision req=567
[device/event] event=decision req=567
[device/event] event=decision req=567
[device/event] event=decision req=567
[device/event] event=decision req=567
[device/event] event=decision req=567
[device/event] event=decision req=567
[device/event] event=decision req=567
[device/event] event=decision req=567
[device/event] event=decision req=567
[device/event] event=decision req=567
[device/event] event=decision req=567
[device/event] event=decision req=567
[device/event] event=decision req=567
[device/event] event=decision req=567
[device/event] event=decision req=567
[device/event] event=decision req=567
[device/event] event=decision req=567
[device/event] event=decision req=567
[device/event] event=decision req=567
[device/event] event=decision req=567
[device/event] event=decision req=567
[device/event] event=decision req=567
[device/event] event=decision req=567
[device/event] event=decision req=567
[device/event] event=decision req=567
[device/event] event=decision req=567
[device/event] event=run_complete req=567
[device/event] event=reset req=568
[device/event] event=status req=569
[device/event] event=decision req=570
[device/event] event=status req=571
[device/event] event=reset req=572
[device/event] event=clocks req=573
[device/event] event=decision req=574
[device/event] event=decision req=574
[device/event] event=decision req=574
[device/event] event=decision req=574
[device/event] event=decision req=574
[device/event] event=decision req=574
[device/event] event=decision req=574
[device/event] event=decision req=574
[device/event] event=decision req=574
[device/event] event=decision req=574
[device/event] event=decision req=574
[device/event] event=decision req=574
[device/event] event=decision req=574
[device/event] event=decision req=574
[device/event] event=decision req=574
[device/event] event=decision req=574
[device/event] event=decision req=574
[device/event] event=decision req=574
[device/event] event=decision req=574
[device/event] event=decision req=574
[device/event] event=decision req=574
[device/event] event=decision req=574
[device/event] event=decision req=574
[device/event] event=decision req=574
[device/event] event=decision req=574
[device/event] event=decision req=574
[device/event] event=decision req=574
[device/event] event=decision req=574
[device/event] event=decision req=574
[device/event] event=decision req=574
[device/event] event=decision req=574
[device/event] event=decision req=574
[device/event] event=decision req=574
[device/event] event=decision req=574
[device/event] event=decision req=574
[device/event] event=decision req=574
[device/event] event=decision req=574
[device/event] event=decision req=574
[device/event] event=decision req=574
[device/event] event=decision req=574
[device/event] event=decision req=574
[device/event] event=decision req=574
[device/event] event=decision req=574
[device/event] event=decision req=574
[device/event] event=decision req=574
[device/event] event=decision req=574
[device/event] event=decision req=574
[device/event] event=decision req=574
[device/event] event=decision req=574
[device/event] event=decision req=574
[device/event] event=decision req=574
[device/event] event=decision req=574
[device/event] event=decision req=574
[device/event] event=decision req=574
[device/event] event=decision req=574
[device/event] event=decision req=574
[device/event] event=run_complete req=574
[device/event] event=freeze req=575
[device/event] event=freeze req=576
[device/event] event=reset req=577
[device/event] event=clocks req=578
[device/event] event=decision req=579
[device/event] event=decision req=579
[device/event] event=decision req=579
[device/event] event=decision req=579
[device/event] event=decision req=579
[device/event] event=decision req=579
[device/event] event=decision req=579
[device/event] event=decision req=579
[device/event] event=decision req=579
[device/event] event=decision req=579
[device/event] event=decision req=579
[device/event] event=decision req=579
[device/event] event=decision req=579
[device/event] event=decision req=579
[device/event] event=decision req=579
[device/event] event=decision req=579
[device/event] event=decision req=579
[device/event] event=decision req=579
[device/event] event=decision req=579
[device/event] event=decision req=579
[device/event] event=decision req=579
[device/event] event=decision req=579
[device/event] event=decision req=579
[device/event] event=decision req=579
[device/event] event=decision req=579
[device/event] event=decision req=579
[device/event] event=decision req=579
[device/event] event=decision req=579
[device/event] event=decision req=579
[device/event] event=decision req=579
[device/event] event=decision req=579
[device/event] event=decision req=579
[device/event] event=decision req=579
[device/event] event=decision req=579
[device/event] event=decision req=579
[device/event] event=decision req=579
[device/event] event=decision req=579
[device/event] event=decision req=579
[device/event] event=decision req=579
[device/event] event=decision req=579
[device/event] event=decision req=579
[device/event] event=decision req=579
[device/event] event=decision req=579
[device/event] event=decision req=579
[device/event] event=decision req=579
[device/event] event=decision req=579
[device/event] event=decision req=579
[device/event] event=decision req=579
[device/event] event=decision req=579
[device/event] event=decision req=579
[device/event] event=decision req=579
[device/event] event=decision req=579
[device/event] event=decision req=579
[device/event] event=decision req=579
[device/event] event=decision req=579
[device/event] event=decision req=579
[device/event] event=decision req=579
[device/event] event=decision req=579
[device/event] event=decision req=579
[device/event] event=decision req=579
[device/event] event=decision req=579
[device/event] event=decision req=579
[device/event] event=decision req=579
[device/event] event=decision req=579
[device/event] event=decision req=579
[device/event] event=decision req=579
[device/event] event=decision req=579
[device/event] event=decision req=579
[device/event] event=decision req=579
[device/event] event=decision req=579
[device/event] event=decision req=579
[device/event] event=decision req=579
[device/event] event=decision req=579
[device/event] event=decision req=579
[device/event] event=decision req=579
[device/event] event=decision req=579
[device/event] event=decision req=579
[device/event] event=decision req=579
[device/event] event=decision req=579
[device/event] event=decision req=579
[device/event] event=decision req=579
[device/event] event=decision req=579
[device/event] event=decision req=579
[device/event] event=decision req=579
[device/event] event=decision req=579
[device/event] event=decision req=579
[device/event] event=decision req=579
[device/event] event=decision req=579
[device/event] event=decision req=579
[device/event] event=decision req=579
[device/event] event=decision req=579
[device/event] event=decision req=579
[device/event] event=decision req=579
[device/event] event=decision req=579
[device/event] event=decision req=579
[device/event] event=decision req=579
[device/event] event=decision req=579
[device/event] event=decision req=579
[device/event] event=decision req=579
[device/event] event=decision req=579
[device/event] event=decision req=579
[device/event] event=decision req=579
[device/event] event=decision req=579
[device/event] event=decision req=579
[device/event] event=decision req=579
[device/event] event=decision req=579
[device/event] event=decision req=579
[device/event] event=decision req=579
[device/event] event=decision req=579
[device/event] event=decision req=579
[device/event] event=decision req=579
[device/event] event=decision req=579
[device/event] event=decision req=579
[device/event] event=decision req=579
[device/event] event=decision req=579
[device/event] event=decision req=579
[device/event] event=decision req=579
[device/event] event=decision req=579
[device/event] event=decision req=579
[device/event] event=decision req=579
[device/event] event=decision req=579
[device/event] event=decision req=579
[device/event] event=decision req=579
[device/event] event=decision req=579
[device/event] event=decision req=579
[device/event] event=decision req=579
[device/event] event=decision req=579
[device/event] event=decision req=579
[device/event] event=decision req=579
[device/event] event=decision req=579
[device/event] event=decision req=579
[device/event] event=decision req=579
[device/event] event=decision req=579
[device/event] event=decision req=579
[device/event] event=decision req=579
[device/event] event=decision req=579
[device/event] event=decision req=579
[device/event] event=decision req=579
[device/event] event=run_complete req=579
[device/event] event=reset req=580
[device/event] event=status req=581
[device/event] event=decision req=582
[device/event] event=status req=583
[device/event] event=reset req=584
[device/event] event=clocks req=585
[device/event] event=decision req=586
[device/event] event=decision req=586
[device/event] event=decision req=586
[device/event] event=decision req=586
[device/event] event=decision req=586
[device/event] event=decision req=586
[device/event] event=decision req=586
[device/event] event=decision req=586
[device/event] event=decision req=586
[device/event] event=decision req=586
[device/event] event=decision req=586
[device/event] event=decision req=586
[device/event] event=decision req=586
[device/event] event=decision req=586
[device/event] event=decision req=586
[device/event] event=decision req=586
[device/event] event=decision req=586
[device/event] event=decision req=586
[device/event] event=decision req=586
[device/event] event=decision req=586
[device/event] event=decision req=586
[device/event] event=decision req=586
[device/event] event=decision req=586
[device/event] event=decision req=586
[device/event] event=decision req=586
[device/event] event=decision req=586
[device/event] event=decision req=586
[device/event] event=decision req=586
[device/event] event=decision req=586
[device/event] event=decision req=586
[device/event] event=decision req=586
[device/event] event=decision req=586
[device/event] event=decision req=586
[device/event] event=decision req=586
[device/event] event=decision req=586
[device/event] event=decision req=586
[device/event] event=decision req=586
[device/event] event=decision req=586
[device/event] event=decision req=586
[device/event] event=decision req=586
[device/event] event=decision req=586
[device/event] event=decision req=586
[device/event] event=decision req=586
[device/event] event=decision req=586
[device/event] event=decision req=586
[device/event] event=decision req=586
[device/event] event=decision req=586
[device/event] event=decision req=586
[device/event] event=decision req=586
[device/event] event=decision req=586
[device/event] event=decision req=586
[device/event] event=decision req=586
[device/event] event=decision req=586
[device/event] event=decision req=586
[device/event] event=decision req=586
[device/event] event=decision req=586
[device/event] event=decision req=586
[device/event] event=decision req=586
[device/event] event=decision req=586
[device/event] event=decision req=586
[device/event] event=decision req=586
[device/event] event=decision req=586
[device/event] event=decision req=586
[device/event] event=decision req=586
[device/event] event=decision req=586
[device/event] event=decision req=586
[device/event] event=decision req=586
[device/event] event=decision req=586
[device/event] event=decision req=586
[device/event] event=decision req=586
[device/event] event=decision req=586
[device/event] event=decision req=586
[device/event] event=decision req=586
[device/event] event=decision req=586
[device/event] event=decision req=586
[device/event] event=decision req=586
[device/event] event=decision req=586
[device/event] event=decision req=586
[device/event] event=decision req=586
[device/event] event=decision req=586
[device/event] event=decision req=586
[device/event] event=decision req=586
[device/event] event=decision req=586
[device/event] event=decision req=586
[device/event] event=decision req=586
[device/event] event=decision req=586
[device/event] event=decision req=586
[device/event] event=decision req=586
[device/event] event=decision req=586
[device/event] event=decision req=586
[device/event] event=decision req=586
[device/event] event=decision req=586
[device/event] event=decision req=586
[device/event] event=decision req=586
[device/event] event=decision req=586
[device/event] event=decision req=586
[device/event] event=decision req=586
[device/event] event=decision req=586
[device/event] event=decision req=586
[device/event] event=decision req=586
[device/event] event=decision req=586
[device/event] event=decision req=586
[device/event] event=decision req=586
[device/event] event=decision req=586
[device/event] event=decision req=586
[device/event] event=decision req=586
[device/event] event=decision req=586
[device/event] event=decision req=586
[device/event] event=decision req=586
[device/event] event=decision req=586
[device/event] event=decision req=586
[device/event] event=decision req=586
[device/event] event=decision req=586
[device/event] event=decision req=586
[device/event] event=decision req=586
[device/event] event=decision req=586
[device/event] event=decision req=586
[device/event] event=decision req=586
[device/event] event=decision req=586
[device/event] event=decision req=586
[device/event] event=decision req=586
[device/event] event=decision req=586
[device/event] event=decision req=586
[device/event] event=decision req=586
[device/event] event=decision req=586
[device/event] event=decision req=586
[device/event] event=decision req=586
[device/event] event=decision req=586
[device/event] event=decision req=586
[device/event] event=decision req=586
[device/event] event=decision req=586
[device/event] event=decision req=586
[device/event] event=decision req=586
[device/event] event=decision req=586
[device/event] event=decision req=586
[device/event] event=decision req=586
[device/event] event=decision req=586
[device/event] event=decision req=586
[device/event] event=run_complete req=586
[device/event] event=freeze req=587
[device/event] event=freeze req=588
[device/event] event=reset req=589
[device/event] event=clocks req=590
[device/event] event=decision req=591
[device/event] event=decision req=591
[device/event] event=run_complete req=591
[device/event] event=reset req=592
[device/event] event=status req=593
[device/event] event=decision req=594
[device/event] event=status req=595
[device/event] event=reset req=596
[device/event] event=clocks req=597
[device/event] event=decision req=598
[device/event] event=decision req=598
[device/event] event=run_complete req=598
[device/event] event=freeze req=599
[device/event] event=freeze req=600
[device/event] event=reset req=601
[device/event] event=clocks req=602
[device/event] event=decision req=603
[device/event] event=decision req=603
[device/event] event=decision req=603
[device/event] event=decision req=603
[device/event] event=decision req=603
[device/event] event=decision req=603
[device/event] event=decision req=603
[device/event] event=decision req=603
[device/event] event=decision req=603
[device/event] event=decision req=603
[device/event] event=decision req=603
[device/event] event=decision req=603
[device/event] event=decision req=603
[device/event] event=decision req=603
[device/event] event=decision req=603
[device/event] event=decision req=603
[device/event] event=decision req=603
[device/event] event=decision req=603
[device/event] event=decision req=603
[device/event] event=decision req=603
[device/event] event=decision req=603
[device/event] event=decision req=603
[device/event] event=decision req=603
[device/event] event=decision req=603
[device/event] event=decision req=603
[device/event] event=decision req=603
[device/event] event=decision req=603
[device/event] event=decision req=603
[device/event] event=decision req=603
[device/event] event=decision req=603
[device/event] event=decision req=603
[device/event] event=decision req=603
[device/event] event=decision req=603
[device/event] event=decision req=603
[device/event] event=decision req=603
[device/event] event=decision req=603
[device/event] event=decision req=603
[device/event] event=decision req=603
[device/event] event=decision req=603
[device/event] event=decision req=603
[device/event] event=decision req=603
[device/event] event=decision req=603
[device/event] event=decision req=603
[device/event] event=decision req=603
[device/event] event=decision req=603
[device/event] event=decision req=603
[device/event] event=decision req=603
[device/event] event=decision req=603
[device/event] event=decision req=603
[device/event] event=decision req=603
[device/event] event=decision req=603
[device/event] event=decision req=603
[device/event] event=decision req=603
[device/event] event=decision req=603
[device/event] event=decision req=603
[device/event] event=decision req=603
[device/event] event=decision req=603
[device/event] event=decision req=603
[device/event] event=decision req=603
[device/event] event=decision req=603
[device/event] event=decision req=603
[device/event] event=decision req=603
[device/event] event=decision req=603
[device/event] event=decision req=603
[device/event] event=decision req=603
[device/event] event=decision req=603
[device/event] event=decision req=603
[device/event] event=decision req=603
[device/event] event=decision req=603
[device/event] event=decision req=603
[device/event] event=decision req=603
[device/event] event=decision req=603
[device/event] event=decision req=603
[device/event] event=decision req=603
[device/event] event=decision req=603
[device/event] event=decision req=603
[device/event] event=decision req=603
[device/event] event=decision req=603
[device/event] event=decision req=603
[device/event] event=decision req=603
[device/event] event=decision req=603
[device/event] event=decision req=603
[device/event] event=decision req=603
[device/event] event=decision req=603
[device/event] event=decision req=603
[device/event] event=decision req=603
[device/event] event=decision req=603
[device/event] event=decision req=603
[device/event] event=decision req=603
[device/event] event=decision req=603
[device/event] event=decision req=603
[device/event] event=decision req=603
[device/event] event=decision req=603
[device/event] event=decision req=603
[device/event] event=decision req=603
[device/event] event=decision req=603
[device/event] event=decision req=603
[device/event] event=decision req=603
[device/event] event=decision req=603
[device/event] event=decision req=603
[device/event] event=decision req=603
[device/event] event=decision req=603
[device/event] event=decision req=603
[device/event] event=decision req=603
[device/event] event=decision req=603
[device/event] event=decision req=603
[device/event] event=decision req=603
[device/event] event=decision req=603
[device/event] event=decision req=603
[device/event] event=decision req=603
[device/event] event=decision req=603
[device/event] event=decision req=603
[device/event] event=decision req=603
[device/event] event=decision req=603
[device/event] event=decision req=603
[device/event] event=decision req=603
[device/event] event=decision req=603
[device/event] event=decision req=603
[device/event] event=run_complete req=603
[device/event] event=reset req=604
[device/event] event=status req=605
[device/event] event=decision req=606
[device/event] event=status req=607
[device/event] event=reset req=608
[device/event] event=clocks req=609
[device/event] event=decision req=610
[device/event] event=decision req=610
[device/event] event=decision req=610
[device/event] event=decision req=610
[device/event] event=decision req=610
[device/event] event=decision req=610
[device/event] event=decision req=610
[device/event] event=decision req=610
[device/event] event=decision req=610
[device/event] event=decision req=610
[device/event] event=decision req=610
[device/event] event=decision req=610
[device/event] event=decision req=610
[device/event] event=decision req=610
[device/event] event=decision req=610
[device/event] event=decision req=610
[device/event] event=decision req=610
[device/event] event=decision req=610
[device/event] event=decision req=610
[device/event] event=decision req=610
[device/event] event=decision req=610
[device/event] event=decision req=610
[device/event] event=decision req=610
[device/event] event=decision req=610
[device/event] event=decision req=610
[device/event] event=decision req=610
[device/event] event=decision req=610
[device/event] event=decision req=610
[device/event] event=decision req=610
[device/event] event=decision req=610
[device/event] event=decision req=610
[device/event] event=decision req=610
[device/event] event=decision req=610
[device/event] event=decision req=610
[device/event] event=decision req=610
[device/event] event=decision req=610
[device/event] event=decision req=610
[device/event] event=decision req=610
[device/event] event=decision req=610
[device/event] event=decision req=610
[device/event] event=decision req=610
[device/event] event=decision req=610
[device/event] event=decision req=610
[device/event] event=decision req=610
[device/event] event=decision req=610
[device/event] event=decision req=610
[device/event] event=decision req=610
[device/event] event=decision req=610
[device/event] event=decision req=610
[device/event] event=decision req=610
[device/event] event=decision req=610
[device/event] event=decision req=610
[device/event] event=decision req=610
[device/event] event=decision req=610
[device/event] event=decision req=610
[device/event] event=decision req=610
[device/event] event=decision req=610
[device/event] event=decision req=610
[device/event] event=decision req=610
[device/event] event=decision req=610
[device/event] event=decision req=610
[device/event] event=decision req=610
[device/event] event=decision req=610
[device/event] event=decision req=610
[device/event] event=decision req=610
[device/event] event=decision req=610
[device/event] event=decision req=610
[device/event] event=decision req=610
[device/event] event=decision req=610
[device/event] event=decision req=610
[device/event] event=decision req=610
[device/event] event=decision req=610
[device/event] event=decision req=610
[device/event] event=decision req=610
[device/event] event=decision req=610
[device/event] event=decision req=610
[device/event] event=decision req=610
[device/event] event=decision req=610
[device/event] event=decision req=610
[device/event] event=decision req=610
[device/event] event=decision req=610
[device/event] event=decision req=610
[device/event] event=decision req=610
[device/event] event=decision req=610
[device/event] event=decision req=610
[device/event] event=decision req=610
[device/event] event=decision req=610
[device/event] event=decision req=610
[device/event] event=decision req=610
[device/event] event=decision req=610
[device/event] event=decision req=610
[device/event] event=decision req=610
[device/event] event=decision req=610
[device/event] event=decision req=610
[device/event] event=decision req=610
[device/event] event=decision req=610
[device/event] event=decision req=610
[device/event] event=decision req=610
[device/event] event=decision req=610
[device/event] event=decision req=610
[device/event] event=decision req=610
[device/event] event=decision req=610
[device/event] event=decision req=610
[device/event] event=decision req=610
[device/event] event=decision req=610
[device/event] event=decision req=610
[device/event] event=decision req=610
[device/event] event=decision req=610
[device/event] event=decision req=610
[device/event] event=decision req=610
[device/event] event=decision req=610
[device/event] event=decision req=610
[device/event] event=decision req=610
[device/event] event=decision req=610
[device/event] event=decision req=610
[device/event] event=decision req=610
[device/event] event=decision req=610
[device/event] event=decision req=610
[device/event] event=run_complete req=610
[device/event] event=freeze req=611
[device/event] event=freeze req=612
[device/event] event=reset req=613
[device/event] event=clocks req=614
[device/event] event=decision req=615
[device/event] event=decision req=615
[device/event] event=decision req=615
[device/event] event=decision req=615
[device/event] event=decision req=615
[device/event] event=decision req=615
[device/event] event=decision req=615
[device/event] event=decision req=615
[device/event] event=decision req=615
[device/event] event=decision req=615
[device/event] event=decision req=615
[device/event] event=decision req=615
[device/event] event=decision req=615
[device/event] event=decision req=615
[device/event] event=decision req=615
[device/event] event=decision req=615
[device/event] event=decision req=615
[device/event] event=decision req=615
[device/event] event=decision req=615
[device/event] event=decision req=615
[device/event] event=decision req=615
[device/event] event=decision req=615
[device/event] event=decision req=615
[device/event] event=decision req=615
[device/event] event=decision req=615
[device/event] event=decision req=615
[device/event] event=decision req=615
[device/event] event=decision req=615
[device/event] event=decision req=615
[device/event] event=decision req=615
[device/event] event=decision req=615
[device/event] event=decision req=615
[device/event] event=decision req=615
[device/event] event=decision req=615
[device/event] event=decision req=615
[device/event] event=decision req=615
[device/event] event=decision req=615
[device/event] event=decision req=615
[device/event] event=decision req=615
[device/event] event=decision req=615
[device/event] event=decision req=615
[device/event] event=decision req=615
[device/event] event=decision req=615
[device/event] event=decision req=615
[device/event] event=decision req=615
[device/event] event=decision req=615
[device/event] event=decision req=615
[device/event] event=decision req=615
[device/event] event=decision req=615
[device/event] event=decision req=615
[device/event] event=decision req=615
[device/event] event=decision req=615
[device/event] event=decision req=615
[device/event] event=decision req=615
[device/event] event=decision req=615
[device/event] event=decision req=615
[device/event] event=decision req=615
[device/event] event=decision req=615
[device/event] event=decision req=615
[device/event] event=decision req=615
[device/event] event=decision req=615
[device/event] event=decision req=615
[device/event] event=decision req=615
[device/event] event=decision req=615
[device/event] event=decision req=615
[device/event] event=decision req=615
[device/event] event=decision req=615
[device/event] event=decision req=615
[device/event] event=decision req=615
[device/event] event=decision req=615
[device/event] event=decision req=615
[device/event] event=decision req=615
[device/event] event=decision req=615
[device/event] event=decision req=615
[device/event] event=decision req=615
[device/event] event=decision req=615
[device/event] event=decision req=615
[device/event] event=decision req=615
[device/event] event=decision req=615
[device/event] event=decision req=615
[device/event] event=decision req=615
[device/event] event=decision req=615
[device/event] event=decision req=615
[device/event] event=decision req=615
[device/event] event=decision req=615
[device/event] event=decision req=615
[device/event] event=decision req=615
[device/event] event=decision req=615
[device/event] event=decision req=615
[device/event] event=decision req=615
[device/event] event=decision req=615
[device/event] event=decision req=615
[device/event] event=decision req=615
[device/event] event=decision req=615
[device/event] event=decision req=615
[device/event] event=decision req=615
[device/event] event=decision req=615
[device/event] event=decision req=615
[device/event] event=decision req=615
[device/event] event=decision req=615
[device/event] event=run_complete req=615
[device/event] event=reset req=616
[device/event] event=status req=617
[device/event] event=decision req=618
[device/event] event=status req=619
[device/event] event=reset req=620
[device/event] event=clocks req=621
[device/event] event=decision req=622
[device/event] event=decision req=622
[device/event] event=decision req=622
[device/event] event=decision req=622
[device/event] event=decision req=622
[device/event] event=decision req=622
[device/event] event=decision req=622
[device/event] event=decision req=622
[device/event] event=decision req=622
[device/event] event=decision req=622
[device/event] event=decision req=622
[device/event] event=decision req=622
[device/event] event=decision req=622
[device/event] event=decision req=622
[device/event] event=decision req=622
[device/event] event=decision req=622
[device/event] event=decision req=622
[device/event] event=decision req=622
[device/event] event=decision req=622
[device/event] event=decision req=622
[device/event] event=decision req=622
[device/event] event=decision req=622
[device/event] event=decision req=622
[device/event] event=decision req=622
[device/event] event=decision req=622
[device/event] event=decision req=622
[device/event] event=decision req=622
[device/event] event=decision req=622
[device/event] event=decision req=622
[device/event] event=decision req=622
[device/event] event=decision req=622
[device/event] event=decision req=622
[device/event] event=decision req=622
[device/event] event=decision req=622
[device/event] event=decision req=622
[device/event] event=decision req=622
[device/event] event=decision req=622
[device/event] event=decision req=622
[device/event] event=decision req=622
[device/event] event=decision req=622
[device/event] event=decision req=622
[device/event] event=decision req=622
[device/event] event=decision req=622
[device/event] event=decision req=622
[device/event] event=decision req=622
[device/event] event=decision req=622
[device/event] event=decision req=622
[device/event] event=decision req=622
[device/event] event=decision req=622
[device/event] event=decision req=622
[device/event] event=decision req=622
[device/event] event=decision req=622
[device/event] event=decision req=622
[device/event] event=decision req=622
[device/event] event=decision req=622
[device/event] event=decision req=622
[device/event] event=decision req=622
[device/event] event=decision req=622
[device/event] event=decision req=622
[device/event] event=decision req=622
[device/event] event=decision req=622
[device/event] event=decision req=622
[device/event] event=decision req=622
[device/event] event=decision req=622
[device/event] event=decision req=622
[device/event] event=decision req=622
[device/event] event=decision req=622
[device/event] event=decision req=622
[device/event] event=decision req=622
[device/event] event=decision req=622
[device/event] event=decision req=622
[device/event] event=decision req=622
[device/event] event=decision req=622
[device/event] event=decision req=622
[device/event] event=decision req=622
[device/event] event=decision req=622
[device/event] event=decision req=622
[device/event] event=decision req=622
[device/event] event=decision req=622
[device/event] event=decision req=622
[device/event] event=decision req=622
[device/event] event=decision req=622
[device/event] event=decision req=622
[device/event] event=decision req=622
[device/event] event=decision req=622
[device/event] event=decision req=622
[device/event] event=decision req=622
[device/event] event=decision req=622
[device/event] event=decision req=622
[device/event] event=decision req=622
[device/event] event=decision req=622
[device/event] event=decision req=622
[device/event] event=decision req=622
[device/event] event=decision req=622
[device/event] event=decision req=622
[device/event] event=decision req=622
[device/event] event=decision req=622
[device/event] event=decision req=622
[device/event] event=decision req=622
[device/event] event=decision req=622
[device/event] event=run_complete req=622
[device/event] event=freeze req=623
[device/event] event=freeze req=624
[device/event] event=reset req=625
[device/event] event=clocks req=626
[device/event] event=decision req=627
[device/event] event=decision req=627
[device/event] event=decision req=627
[device/event] event=decision req=627
[device/event] event=decision req=627
[device/event] event=decision req=627
[device/event] event=decision req=627
[device/event] event=decision req=627
[device/event] event=decision req=627
[device/event] event=decision req=627
[device/event] event=decision req=627
[device/event] event=decision req=627
[device/event] event=decision req=627
[device/event] event=decision req=627
[device/event] event=decision req=627
[device/event] event=decision req=627
[device/event] event=decision req=627
[device/event] event=decision req=627
[device/event] event=decision req=627
[device/event] event=decision req=627
[device/event] event=decision req=627
[device/event] event=decision req=627
[device/event] event=decision req=627
[device/event] event=decision req=627
[device/event] event=decision req=627
[device/event] event=decision req=627
[device/event] event=decision req=627
[device/event] event=decision req=627
[device/event] event=decision req=627
[device/event] event=decision req=627
[device/event] event=decision req=627
[device/event] event=decision req=627
[device/event] event=decision req=627
[device/event] event=decision req=627
[device/event] event=decision req=627
[device/event] event=decision req=627
[device/event] event=decision req=627
[device/event] event=decision req=627
[device/event] event=decision req=627
[device/event] event=decision req=627
[device/event] event=decision req=627
[device/event] event=decision req=627
[device/event] event=decision req=627
[device/event] event=decision req=627
[device/event] event=decision req=627
[device/event] event=decision req=627
[device/event] event=decision req=627
[device/event] event=decision req=627
[device/event] event=decision req=627
[device/event] event=decision req=627
[device/event] event=decision req=627
[device/event] event=decision req=627
[device/event] event=decision req=627
[device/event] event=decision req=627
[device/event] event=decision req=627
[device/event] event=decision req=627
[device/event] event=decision req=627
[device/event] event=decision req=627
[device/event] event=decision req=627
[device/event] event=decision req=627
[device/event] event=decision req=627
[device/event] event=decision req=627
[device/event] event=decision req=627
[device/event] event=decision req=627
[device/event] event=decision req=627
[device/event] event=decision req=627
[device/event] event=decision req=627
[device/event] event=decision req=627
[device/event] event=decision req=627
[device/event] event=decision req=627
[device/event] event=decision req=627
[device/event] event=decision req=627
[device/event] event=decision req=627
[device/event] event=decision req=627
[device/event] event=decision req=627
[device/event] event=decision req=627
[device/event] event=decision req=627
[device/event] event=decision req=627
[device/event] event=decision req=627
[device/event] event=decision req=627
[device/event] event=decision req=627
[device/event] event=decision req=627
[device/event] event=decision req=627
[device/event] event=decision req=627
[device/event] event=decision req=627
[device/event] event=decision req=627
[device/event] event=decision req=627
[device/event] event=decision req=627
[device/event] event=decision req=627
[device/event] event=decision req=627
[device/event] event=decision req=627
[device/event] event=decision req=627
[device/event] event=decision req=627
[device/event] event=decision req=627
[device/event] event=decision req=627
[device/event] event=decision req=627
[device/event] event=decision req=627
[device/event] event=decision req=627
[device/event] event=decision req=627
[device/event] event=decision req=627
[device/event] event=decision req=627
[device/event] event=decision req=627
[device/event] event=decision req=627
[device/event] event=decision req=627
[device/event] event=decision req=627
[device/event] event=decision req=627
[device/event] event=decision req=627
[device/event] event=decision req=627
[device/event] event=decision req=627
[device/event] event=decision req=627
[device/event] event=decision req=627
[device/event] event=decision req=627
[device/event] event=decision req=627
[device/event] event=decision req=627
[device/event] event=decision req=627
[device/event] event=decision req=627
[device/event] event=decision req=627
[device/event] event=decision req=627
[device/event] event=decision req=627
[device/event] event=decision req=627
[device/event] event=decision req=627
[device/event] event=decision req=627
[device/event] event=decision req=627
[device/event] event=decision req=627
[device/event] event=decision req=627
[device/event] event=decision req=627
[device/event] event=decision req=627
[device/event] event=decision req=627
[device/event] event=decision req=627
[device/event] event=decision req=627
[device/event] event=decision req=627
[device/event] event=decision req=627
[device/event] event=decision req=627
[device/event] event=decision req=627
[device/event] event=run_complete req=627
[device/event] event=reset req=628
[device/event] event=status req=629
[device/event] event=decision req=630
[device/event] event=status req=631
[device/event] event=reset req=632
[device/event] event=clocks req=633
[device/event] event=decision req=634
[device/event] event=decision req=634
[device/event] event=decision req=634
[device/event] event=decision req=634
[device/event] event=decision req=634
[device/event] event=decision req=634
[device/event] event=decision req=634
[device/event] event=decision req=634
[device/event] event=decision req=634
[device/event] event=decision req=634
[device/event] event=decision req=634
[device/event] event=decision req=634
[device/event] event=decision req=634
[device/event] event=decision req=634
[device/event] event=decision req=634
[device/event] event=decision req=634
[device/event] event=decision req=634
[device/event] event=decision req=634
[device/event] event=decision req=634
[device/event] event=decision req=634
[device/event] event=decision req=634
[device/event] event=decision req=634
[device/event] event=decision req=634
[device/event] event=decision req=634
[device/event] event=decision req=634
[device/event] event=decision req=634
[device/event] event=decision req=634
[device/event] event=decision req=634
[device/event] event=decision req=634
[device/event] event=decision req=634
[device/event] event=decision req=634
[device/event] event=decision req=634
[device/event] event=decision req=634
[device/event] event=decision req=634
[device/event] event=decision req=634
[device/event] event=decision req=634
[device/event] event=decision req=634
[device/event] event=decision req=634
[device/event] event=decision req=634
[device/event] event=decision req=634
[device/event] event=decision req=634
[device/event] event=decision req=634
[device/event] event=decision req=634
[device/event] event=decision req=634
[device/event] event=decision req=634
[device/event] event=decision req=634
[device/event] event=decision req=634
[device/event] event=decision req=634
[device/event] event=decision req=634
[device/event] event=decision req=634
[device/event] event=decision req=634
[device/event] event=decision req=634
[device/event] event=decision req=634
[device/event] event=decision req=634
[device/event] event=decision req=634
[device/event] event=decision req=634
[device/event] event=decision req=634
[device/event] event=decision req=634
[device/event] event=decision req=634
[device/event] event=decision req=634
[device/event] event=decision req=634
[device/event] event=decision req=634
[device/event] event=decision req=634
[device/event] event=decision req=634
[device/event] event=decision req=634
[device/event] event=decision req=634
[device/event] event=decision req=634
[device/event] event=decision req=634
[device/event] event=decision req=634
[device/event] event=decision req=634
[device/event] event=decision req=634
[device/event] event=decision req=634
[device/event] event=decision req=634
[device/event] event=decision req=634
[device/event] event=decision req=634
[device/event] event=decision req=634
[device/event] event=decision req=634
[device/event] event=decision req=634
[device/event] event=decision req=634
[device/event] event=decision req=634
[device/event] event=decision req=634
[device/event] event=decision req=634
[device/event] event=decision req=634
[device/event] event=decision req=634
[device/event] event=decision req=634
[device/event] event=decision req=634
[device/event] event=decision req=634
[device/event] event=decision req=634
[device/event] event=decision req=634
[device/event] event=decision req=634
[device/event] event=decision req=634
[device/event] event=decision req=634
[device/event] event=decision req=634
[device/event] event=decision req=634
[device/event] event=decision req=634
[device/event] event=decision req=634
[device/event] event=decision req=634
[device/event] event=decision req=634
[device/event] event=decision req=634
[device/event] event=decision req=634
[device/event] event=decision req=634
[device/event] event=decision req=634
[device/event] event=decision req=634
[device/event] event=decision req=634
[device/event] event=decision req=634
[device/event] event=decision req=634
[device/event] event=decision req=634
[device/event] event=decision req=634
[device/event] event=decision req=634
[device/event] event=decision req=634
[device/event] event=decision req=634
[device/event] event=decision req=634
[device/event] event=decision req=634
[device/event] event=decision req=634
[device/event] event=decision req=634
[device/event] event=decision req=634
[device/event] event=decision req=634
[device/event] event=decision req=634
[device/event] event=decision req=634
[device/event] event=decision req=634
[device/event] event=decision req=634
[device/event] event=decision req=634
[device/event] event=decision req=634
[device/event] event=decision req=634
[device/event] event=decision req=634
[device/event] event=decision req=634
[device/event] event=decision req=634
[device/event] event=decision req=634
[device/event] event=decision req=634
[device/event] event=decision req=634
[device/event] event=decision req=634
[device/event] event=decision req=634
[device/event] event=decision req=634
[device/event] event=decision req=634
[device/event] event=run_complete req=634
[device/event] event=freeze req=635
[device/event] event=freeze req=636
[device/event] event=reset req=637
[device/event] event=clocks req=638
[device/event] event=decision req=639
[device/event] event=decision req=639
[device/event] event=decision req=639
[device/event] event=decision req=639
[device/event] event=decision req=639
[device/event] event=decision req=639
[device/event] event=decision req=639
[device/event] event=decision req=639
[device/event] event=decision req=639
[device/event] event=decision req=639
[device/event] event=decision req=639
[device/event] event=decision req=639
[device/event] event=decision req=639
[device/event] event=decision req=639
[device/event] event=decision req=639
[device/event] event=decision req=639
[device/event] event=decision req=639
[device/event] event=decision req=639
[device/event] event=decision req=639
[device/event] event=decision req=639
[device/event] event=decision req=639
[device/event] event=decision req=639
[device/event] event=decision req=639
[device/event] event=decision req=639
[device/event] event=decision req=639
[device/event] event=decision req=639
[device/event] event=decision req=639
[device/event] event=decision req=639
[device/event] event=run_complete req=639
[device/event] event=reset req=640
[device/event] event=status req=641
[device/event] event=decision req=642
[device/event] event=status req=643
[device/event] event=reset req=644
[device/event] event=clocks req=645
[device/event] event=decision req=646
[device/event] event=decision req=646
[device/event] event=decision req=646
[device/event] event=decision req=646
[device/event] event=decision req=646
[device/event] event=decision req=646
[device/event] event=decision req=646
[device/event] event=decision req=646
[device/event] event=decision req=646
[device/event] event=decision req=646
[device/event] event=decision req=646
[device/event] event=decision req=646
[device/event] event=decision req=646
[device/event] event=decision req=646
[device/event] event=decision req=646
[device/event] event=decision req=646
[device/event] event=decision req=646
[device/event] event=decision req=646
[device/event] event=decision req=646
[device/event] event=decision req=646
[device/event] event=decision req=646
[device/event] event=decision req=646
[device/event] event=decision req=646
[device/event] event=decision req=646
[device/event] event=decision req=646
[device/event] event=decision req=646
[device/event] event=decision req=646
[device/event] event=decision req=646
[device/event] event=run_complete req=646
[device/event] event=freeze req=647
[device/event] event=freeze req=648
[device/event] event=reset req=649
[device/event] event=clocks req=650
[device/event] event=decision req=651
[device/event] event=decision req=651
[device/event] event=decision req=651
[device/event] event=decision req=651
[device/event] event=decision req=651
[device/event] event=decision req=651
[device/event] event=decision req=651
[device/event] event=decision req=651
[device/event] event=decision req=651
[device/event] event=decision req=651
[device/event] event=decision req=651
[device/event] event=decision req=651
[device/event] event=decision req=651
[device/event] event=decision req=651
[device/event] event=decision req=651
[device/event] event=decision req=651
[device/event] event=decision req=651
[device/event] event=decision req=651
[device/event] event=decision req=651
[device/event] event=decision req=651
[device/event] event=decision req=651
[device/event] event=decision req=651
[device/event] event=decision req=651
[device/event] event=decision req=651
[device/event] event=decision req=651
[device/event] event=decision req=651
[device/event] event=decision req=651
[device/event] event=decision req=651
[device/event] event=decision req=651
[device/event] event=decision req=651
[device/event] event=decision req=651
[device/event] event=decision req=651
[device/event] event=decision req=651
[device/event] event=decision req=651
[device/event] event=decision req=651
[device/event] event=decision req=651
[device/event] event=decision req=651
[device/event] event=decision req=651
[device/event] event=decision req=651
[device/event] event=decision req=651
[device/event] event=decision req=651
[device/event] event=decision req=651
[device/event] event=decision req=651
[device/event] event=decision req=651
[device/event] event=decision req=651
[device/event] event=decision req=651
[device/event] event=decision req=651
[device/event] event=decision req=651
[device/event] event=decision req=651
[device/event] event=decision req=651
[device/event] event=decision req=651
[device/event] event=decision req=651
[device/event] event=decision req=651
[device/event] event=decision req=651
[device/event] event=decision req=651
[device/event] event=decision req=651
[device/event] event=decision req=651
[device/event] event=decision req=651
[device/event] event=decision req=651
[device/event] event=decision req=651
[device/event] event=decision req=651
[device/event] event=decision req=651
[device/event] event=decision req=651
[device/event] event=decision req=651
[device/event] event=decision req=651
[device/event] event=decision req=651
[device/event] event=decision req=651
[device/event] event=decision req=651
[device/event] event=decision req=651
[device/event] event=decision req=651
[device/event] event=decision req=651
[device/event] event=decision req=651
[device/event] event=decision req=651
[device/event] event=decision req=651
[device/event] event=decision req=651
[device/event] event=decision req=651
[device/event] event=decision req=651
[device/event] event=decision req=651
[device/event] event=decision req=651
[device/event] event=decision req=651
[device/event] event=decision req=651
[device/event] event=decision req=651
[device/event] event=decision req=651
[device/event] event=decision req=651
[device/event] event=decision req=651
[device/event] event=decision req=651
[device/event] event=decision req=651
[device/event] event=decision req=651
[device/event] event=decision req=651
[device/event] event=decision req=651
[device/event] event=decision req=651
[device/event] event=decision req=651
[device/event] event=decision req=651
[device/event] event=decision req=651
[device/event] event=decision req=651
[device/event] event=decision req=651
[device/event] event=decision req=651
[device/event] event=decision req=651
[device/event] event=decision req=651
[device/event] event=decision req=651
[device/event] event=decision req=651
[device/event] event=decision req=651
[device/event] event=decision req=651
[device/event] event=decision req=651
[device/event] event=decision req=651
[device/event] event=decision req=651
[device/event] event=decision req=651
[device/event] event=decision req=651
[device/event] event=decision req=651
[device/event] event=decision req=651
[device/event] event=run_complete req=651
[device/event] event=reset req=652
[device/event] event=status req=653
[device/event] event=decision req=654
[device/event] event=status req=655
[device/event] event=reset req=656
[device/event] event=clocks req=657
[device/event] event=decision req=658
[device/event] event=decision req=658
[device/event] event=decision req=658
[device/event] event=decision req=658
[device/event] event=decision req=658
[device/event] event=decision req=658
[device/event] event=decision req=658
[device/event] event=decision req=658
[device/event] event=decision req=658
[device/event] event=decision req=658
[device/event] event=decision req=658
[device/event] event=decision req=658
[device/event] event=decision req=658
[device/event] event=decision req=658
[device/event] event=decision req=658
[device/event] event=decision req=658
[device/event] event=decision req=658
[device/event] event=decision req=658
[device/event] event=decision req=658
[device/event] event=decision req=658
[device/event] event=decision req=658
[device/event] event=decision req=658
[device/event] event=decision req=658
[device/event] event=decision req=658
[device/event] event=decision req=658
[device/event] event=decision req=658
[device/event] event=decision req=658
[device/event] event=decision req=658
[device/event] event=decision req=658
[device/event] event=decision req=658
[device/event] event=decision req=658
[device/event] event=decision req=658
[device/event] event=decision req=658
[device/event] event=decision req=658
[device/event] event=decision req=658
[device/event] event=decision req=658
[device/event] event=decision req=658
[device/event] event=decision req=658
[device/event] event=decision req=658
[device/event] event=decision req=658
[device/event] event=decision req=658
[device/event] event=decision req=658
[device/event] event=decision req=658
[device/event] event=decision req=658
[device/event] event=decision req=658
[device/event] event=decision req=658
[device/event] event=decision req=658
[device/event] event=decision req=658
[device/event] event=decision req=658
[device/event] event=decision req=658
[device/event] event=decision req=658
[device/event] event=decision req=658
[device/event] event=decision req=658
[device/event] event=decision req=658
[device/event] event=decision req=658
[device/event] event=decision req=658
[device/event] event=decision req=658
[device/event] event=decision req=658
[device/event] event=decision req=658
[device/event] event=decision req=658
[device/event] event=decision req=658
[device/event] event=decision req=658
[device/event] event=decision req=658
[device/event] event=decision req=658
[device/event] event=decision req=658
[device/event] event=decision req=658
[device/event] event=decision req=658
[device/event] event=decision req=658
[device/event] event=decision req=658
[device/event] event=decision req=658
[device/event] event=decision req=658
[device/event] event=decision req=658
[device/event] event=decision req=658
[device/event] event=decision req=658
[device/event] event=decision req=658
[device/event] event=decision req=658
[device/event] event=decision req=658
[device/event] event=decision req=658
[device/event] event=decision req=658
[device/event] event=decision req=658
[device/event] event=decision req=658
[device/event] event=decision req=658
[device/event] event=decision req=658
[device/event] event=decision req=658
[device/event] event=decision req=658
[device/event] event=decision req=658
[device/event] event=decision req=658
[device/event] event=decision req=658
[device/event] event=decision req=658
[device/event] event=decision req=658
[device/event] event=decision req=658
[device/event] event=decision req=658
[device/event] event=decision req=658
[device/event] event=decision req=658
[device/event] event=decision req=658
[device/event] event=decision req=658
[device/event] event=decision req=658
[device/event] event=decision req=658
[device/event] event=decision req=658
[device/event] event=decision req=658
[device/event] event=decision req=658
[device/event] event=decision req=658
[device/event] event=decision req=658
[device/event] event=decision req=658
[device/event] event=decision req=658
[device/event] event=decision req=658
[device/event] event=decision req=658
[device/event] event=decision req=658
[device/event] event=decision req=658
[device/event] event=decision req=658
[device/event] event=run_complete req=658
[device/event] event=freeze req=659
[device/event] event=freeze req=660
[device/event] event=reset req=661
[device/event] event=clocks req=662
[device/event] event=decision req=663
[device/event] event=decision req=663
[device/event] event=decision req=663
[device/event] event=decision req=663
[device/event] event=decision req=663
[device/event] event=decision req=663
[device/event] event=decision req=663
[device/event] event=decision req=663
[device/event] event=decision req=663
[device/event] event=decision req=663
[device/event] event=decision req=663
[device/event] event=decision req=663
[device/event] event=decision req=663
[device/event] event=decision req=663
[device/event] event=decision req=663
[device/event] event=decision req=663
[device/event] event=decision req=663
[device/event] event=decision req=663
[device/event] event=decision req=663
[device/event] event=decision req=663
[device/event] event=decision req=663
[device/event] event=decision req=663
[device/event] event=decision req=663
[device/event] event=decision req=663
[device/event] event=decision req=663
[device/event] event=decision req=663
[device/event] event=decision req=663
[device/event] event=decision req=663
[device/event] event=decision req=663
[device/event] event=decision req=663
[device/event] event=decision req=663
[device/event] event=decision req=663
[device/event] event=decision req=663
[device/event] event=decision req=663
[device/event] event=decision req=663
[device/event] event=decision req=663
[device/event] event=decision req=663
[device/event] event=decision req=663
[device/event] event=decision req=663
[device/event] event=decision req=663
[device/event] event=decision req=663
[device/event] event=decision req=663
[device/event] event=decision req=663
[device/event] event=decision req=663
[device/event] event=decision req=663
[device/event] event=decision req=663
[device/event] event=decision req=663
[device/event] event=decision req=663
[device/event] event=decision req=663
[device/event] event=decision req=663
[device/event] event=decision req=663
[device/event] event=decision req=663
[device/event] event=decision req=663
[device/event] event=decision req=663
[device/event] event=decision req=663
[device/event] event=decision req=663
[device/event] event=decision req=663
[device/event] event=decision req=663
[device/event] event=decision req=663
[device/event] event=decision req=663
[device/event] event=decision req=663
[device/event] event=decision req=663
[device/event] event=decision req=663
[device/event] event=decision req=663
[device/event] event=decision req=663
[device/event] event=decision req=663
[device/event] event=decision req=663
[device/event] event=decision req=663
[device/event] event=decision req=663
[device/event] event=decision req=663
[device/event] event=decision req=663
[device/event] event=decision req=663
[device/event] event=decision req=663
[device/event] event=decision req=663
[device/event] event=decision req=663
[device/event] event=decision req=663
[device/event] event=decision req=663
[device/event] event=decision req=663
[device/event] event=decision req=663
[device/event] event=decision req=663
[device/event] event=decision req=663
[device/event] event=decision req=663
[device/event] event=decision req=663
[device/event] event=decision req=663
[device/event] event=decision req=663
[device/event] event=decision req=663
[device/event] event=decision req=663
[device/event] event=decision req=663
[device/event] event=decision req=663
[device/event] event=decision req=663
[device/event] event=decision req=663
[device/event] event=decision req=663
[device/event] event=decision req=663
[device/event] event=decision req=663
[device/event] event=decision req=663
[device/event] event=decision req=663
[device/event] event=decision req=663
[device/event] event=decision req=663
[device/event] event=decision req=663
[device/event] event=decision req=663
[device/event] event=decision req=663
[device/event] event=decision req=663
[device/event] event=decision req=663
[device/event] event=decision req=663
[device/event] event=decision req=663
[device/event] event=decision req=663
[device/event] event=decision req=663
[device/event] event=decision req=663
[device/event] event=decision req=663
[device/event] event=decision req=663
[device/event] event=decision req=663
[device/event] event=decision req=663
[device/event] event=decision req=663
[device/event] event=decision req=663
[device/event] event=decision req=663
[device/event] event=decision req=663
[device/event] event=decision req=663
[device/event] event=decision req=663
[device/event] event=run_complete req=663
[device/event] event=reset req=664
[device/event] event=status req=665
[device/event] event=decision req=666
[device/event] event=status req=667
[device/event] event=reset req=668
[device/event] event=clocks req=669
[device/event] event=decision req=670
[device/event] event=decision req=670
[device/event] event=decision req=670
[device/event] event=decision req=670
[device/event] event=decision req=670
[device/event] event=decision req=670
[device/event] event=decision req=670
[device/event] event=decision req=670
[device/event] event=decision req=670
[device/event] event=decision req=670
[device/event] event=decision req=670
[device/event] event=decision req=670
[device/event] event=decision req=670
[device/event] event=decision req=670
[device/event] event=decision req=670
[device/event] event=decision req=670
[device/event] event=decision req=670
[device/event] event=decision req=670
[device/event] event=decision req=670
[device/event] event=decision req=670
[device/event] event=decision req=670
[device/event] event=decision req=670
[device/event] event=decision req=670
[device/event] event=decision req=670
[device/event] event=decision req=670
[device/event] event=decision req=670
[device/event] event=decision req=670
[device/event] event=decision req=670
[device/event] event=decision req=670
[device/event] event=decision req=670
[device/event] event=decision req=670
[device/event] event=decision req=670
[device/event] event=decision req=670
[device/event] event=decision req=670
[device/event] event=decision req=670
[device/event] event=decision req=670
[device/event] event=decision req=670
[device/event] event=decision req=670
[device/event] event=decision req=670
[device/event] event=decision req=670
[device/event] event=decision req=670
[device/event] event=decision req=670
[device/event] event=decision req=670
[device/event] event=decision req=670
[device/event] event=decision req=670
[device/event] event=decision req=670
[device/event] event=decision req=670
[device/event] event=decision req=670
[device/event] event=decision req=670
[device/event] event=decision req=670
[device/event] event=decision req=670
[device/event] event=decision req=670
[device/event] event=decision req=670
[device/event] event=decision req=670
[device/event] event=decision req=670
[device/event] event=decision req=670
[device/event] event=decision req=670
[device/event] event=decision req=670
[device/event] event=decision req=670
[device/event] event=decision req=670
[device/event] event=decision req=670
[device/event] event=decision req=670
[device/event] event=decision req=670
[device/event] event=decision req=670
[device/event] event=decision req=670
[device/event] event=decision req=670
[device/event] event=decision req=670
[device/event] event=decision req=670
[device/event] event=decision req=670
[device/event] event=decision req=670
[device/event] event=decision req=670
[device/event] event=decision req=670
[device/event] event=decision req=670
[device/event] event=decision req=670
[device/event] event=decision req=670
[device/event] event=decision req=670
[device/event] event=decision req=670
[device/event] event=decision req=670
[device/event] event=decision req=670
[device/event] event=decision req=670
[device/event] event=decision req=670
[device/event] event=decision req=670
[device/event] event=decision req=670
[device/event] event=decision req=670
[device/event] event=decision req=670
[device/event] event=decision req=670
[device/event] event=decision req=670
[device/event] event=decision req=670
[device/event] event=decision req=670
[device/event] event=decision req=670
[device/event] event=decision req=670
[device/event] event=decision req=670
[device/event] event=decision req=670
[device/event] event=decision req=670
[device/event] event=decision req=670
[device/event] event=decision req=670
[device/event] event=decision req=670
[device/event] event=decision req=670
[device/event] event=decision req=670
[device/event] event=decision req=670
[device/event] event=decision req=670
[device/event] event=decision req=670
[device/event] event=decision req=670
[device/event] event=decision req=670
[device/event] event=decision req=670
[device/event] event=decision req=670
[device/event] event=decision req=670
[device/event] event=decision req=670
[device/event] event=decision req=670
[device/event] event=decision req=670
[device/event] event=decision req=670
[device/event] event=decision req=670
[device/event] event=decision req=670
[device/event] event=decision req=670
[device/event] event=decision req=670
[device/event] event=decision req=670
[device/event] event=decision req=670
[device/event] event=decision req=670
[device/event] event=run_complete req=670
[device/event] event=freeze req=671
[device/raw-drop] 4","evidence_steps":118,"proposal_clock":4224272306,"authority_clock":4264633717,"persistence_enabled":false,"recovered_on_boot":false,"proposer_stall_ms":0,"proposal_timeout_ms":5000,"work_queue_depth":0,"proposal_queue_depth":0,"control_queue_depth":0}
[device/event] event=freeze req=673
[device/event] event=reset req=674
[device/event] event=clocks req=675
[device/event] event=decision req=676
[device/event] event=decision req=676
[device/event] event=decision req=676
[device/event] event=decision req=676
[device/event] event=decision req=676
[device/event] event=decision req=676
[device/event] event=decision req=676
[device/event] event=decision req=676
[device/event] event=decision req=676
[device/event] event=decision req=676
[device/event] event=decision req=676
[device/event] event=decision req=676
[device/event] event=decision req=676
[device/event] event=decision req=676
[device/event] event=decision req=676
[device/event] event=decision req=676
[device/event] event=decision req=676
[device/event] event=decision req=676
[device/event] event=decision req=676
[device/event] event=decision req=676
[device/event] event=decision req=676
[device/event] event=decision req=676
[device/event] event=decision req=676
[device/event] event=decision req=676
[device/event] event=decision req=676
[device/event] event=decision req=676
[device/event] event=decision req=676
[device/event] event=decision req=676
[device/event] event=decision req=676
[device/event] event=decision req=676
[device/event] event=decision req=676
[device/event] event=decision req=676
[device/event] event=decision req=676
[device/event] event=decision req=676
[device/event] event=decision req=676
[device/event] event=decision req=676
[device/event] event=decision req=676
[device/event] event=decision req=676
[device/event] event=decision req=676
[device/event] event=decision req=676
[device/event] event=decision req=676
[device/event] event=decision req=676
[device/event] event=decision req=676
[device/event] event=decision req=676
[device/event] event=decision req=676
[device/event] event=decision req=676
[device/event] event=decision req=676
[device/event] event=decision req=676
[device/event] event=decision req=676
[device/event] event=decision req=676
[device/event] event=decision req=676
[device/event] event=decision req=676
[device/event] event=decision req=676
[device/event] event=decision req=676
[device/event] event=decision req=676
[device/event] event=decision req=676
[device/event] event=decision req=676
[device/event] event=decision req=676
[device/event] event=decision req=676
[device/event] event=decision req=676
[device/event] event=decision req=676
[device/event] event=decision req=676
[device/event] event=decision req=676
[device/event] event=decision req=676
[device/event] event=decision req=676
[device/event] event=decision req=676
[device/event] event=decision req=676
[device/event] event=decision req=676
[device/event] event=decision req=676
[device/event] event=decision req=676
[device/event] event=decision req=676
[device/event] event=decision req=676
[device/event] event=decision req=676
[device/event] event=decision req=676
[device/event] event=decision req=676
[device/event] event=decision req=676
[device/event] event=decision req=676
[device/event] event=decision req=676
[device/event] event=decision req=676
[device/event] event=decision req=676
[device/event] event=decision req=676
[device/event] event=decision req=676
[device/event] event=decision req=676
[device/event] event=decision req=676
[device/event] event=decision req=676
[device/event] event=decision req=676
[device/event] event=decision req=676
[device/event] event=decision req=676
[device/event] event=decision req=676
[device/event] event=decision req=676
[device/event] event=decision req=676
[device/event] event=decision req=676
[device/event] event=decision req=676
[device/event] event=decision req=676
[device/event] event=decision req=676
[device/event] event=decision req=676
[device/event] event=decision req=676
[device/event] event=decision req=676
[device/event] event=decision req=676
[device/event] event=decision req=676
[device/event] event=decision req=676
[device/event] event=decision req=676
[device/event] event=decision req=676
[device/event] event=decision req=676
[device/event] event=decision req=676
[device/event] event=decision req=676
[device/event] event=decision req=676
[device/event] event=decision req=676
[device/event] event=decision req=676
[device/event] event=decision req=676
[device/event] event=decision req=676
[device/event] event=decision req=676
[device/event] event=decision req=676
[device/event] event=decision req=676
[device/event] event=decision req=676
[device/event] event=decision req=676
[device/event] event=decision req=676
[device/event] event=decision req=676
[device/event] event=decision req=676
[device/event] event=decision req=676
[device/event] event=decision req=676
[device/event] event=decision req=676
[device/event] event=decision req=676
[device/event] event=decision req=676
[device/event] event=decision req=676
[device/event] event=decision req=676
[device/event] event=decision req=676
[device/event] event=decision req=676
[device/event] event=decision req=676
[device/event] event=decision req=676
[device/event] event=decision req=676
[device/event] event=decision req=676
[device/event] event=decision req=676
[device/event] event=decision req=676
[device/event] event=run_complete req=676
[device/event] event=reset req=677
[device/event] event=status req=678
[device/event] event=decision req=679
[device/event] event=status req=680
[device/event] event=reset req=681
[device/event] event=clocks req=682
[device/event] event=decision req=683
[device/event] event=decision req=683
[device/event] event=decision req=683
[device/event] event=decision req=683
[device/event] event=decision req=683
[device/event] event=decision req=683
[device/event] event=decision req=683
[device/event] event=decision req=683
[device/event] event=decision req=683
[device/event] event=decision req=683
[device/event] event=decision req=683
[device/event] event=decision req=683
[device/event] event=decision req=683
[device/event] event=decision req=683
[device/event] event=decision req=683
[device/event] event=decision req=683
[device/event] event=decision req=683
[device/event] event=decision req=683
[device/event] event=decision req=683
[device/event] event=decision req=683
[device/event] event=decision req=683
[device/event] event=decision req=683
[device/event] event=decision req=683
[device/event] event=decision req=683
[device/event] event=decision req=683
[device/event] event=decision req=683
[device/event] event=decision req=683
[device/event] event=decision req=683
[device/event] event=decision req=683
[device/event] event=decision req=683
[device/event] event=decision req=683
[device/event] event=decision req=683
[device/event] event=decision req=683
[device/event] event=decision req=683
[device/event] event=decision req=683
[device/event] event=decision req=683
[device/event] event=decision req=683
[device/event] event=decision req=683
[device/event] event=decision req=683
[device/event] event=decision req=683
[device/event] event=decision req=683
[device/event] event=decision req=683
[device/event] event=decision req=683
[device/event] event=decision req=683
[device/event] event=decision req=683
[device/event] event=decision req=683
[device/event] event=decision req=683
[device/event] event=decision req=683
[device/event] event=decision req=683
[device/event] event=decision req=683
[device/event] event=decision req=683
[device/event] event=decision req=683
[device/event] event=decision req=683
[device/event] event=decision req=683
[device/event] event=decision req=683
[device/event] event=decision req=683
[device/event] event=decision req=683
[device/event] event=decision req=683
[device/event] event=decision req=683
[device/event] event=decision req=683
[device/event] event=decision req=683
[device/event] event=decision req=683
[device/event] event=decision req=683
[device/event] event=decision req=683
[device/event] event=decision req=683
[device/event] event=decision req=683
[device/event] event=decision req=683
[device/event] event=decision req=683
[device/event] event=decision req=683
[device/event] event=decision req=683
[device/event] event=decision req=683
[device/event] event=decision req=683
[device/event] event=decision req=683
[device/event] event=decision req=683
[device/event] event=decision req=683
[device/event] event=decision req=683
[device/event] event=decision req=683
[device/event] event=decision req=683
[device/event] event=decision req=683
[device/event] event=decision req=683
[device/event] event=decision req=683
[device/event] event=decision req=683
[device/event] event=decision req=683
[device/event] event=decision req=683
[device/event] event=decision req=683
[device/event] event=decision req=683
[device/event] event=decision req=683
[device/event] event=decision req=683
[device/event] event=decision req=683
[device/event] event=decision req=683
[device/event] event=decision req=683
[device/event] event=decision req=683
[device/event] event=decision req=683
[device/event] event=decision req=683
[device/event] event=decision req=683
[device/event] event=decision req=683
[device/event] event=decision req=683
[device/event] event=decision req=683
[device/event] event=decision req=683
[device/event] event=decision req=683
[device/event] event=decision req=683
[device/event] event=decision req=683
[device/event] event=decision req=683
[device/event] event=decision req=683
[device/event] event=decision req=683
[device/event] event=decision req=683
[device/event] event=decision req=683
[device/event] event=decision req=683
[device/event] event=decision req=683
[device/event] event=decision req=683
[device/event] event=decision req=683
[device/event] event=decision req=683
[device/event] event=decision req=683
[device/event] event=decision req=683
[device/event] event=decision req=683
[device/event] event=decision req=683
[device/event] event=decision req=683
[device/event] event=decision req=683
[device/event] event=decision req=683
[device/event] event=decision req=683
[device/event] event=decision req=683
[device/event] event=decision req=683
[device/event] event=decision req=683
[device/event] event=decision req=683
[device/event] event=decision req=683
[device/event] event=decision req=683
[device/event] event=decision req=683
[device/event] event=decision req=683
[device/event] event=decision req=683
[device/event] event=decision req=683
[device/event] event=decision req=683
[device/event] event=decision req=683
[device/event] event=decision req=683
[device/event] event=decision req=683
[device/event] event=run_complete req=683
[device/event] event=freeze req=684
[device/event] event=freeze req=685
[device/event] event=reset req=686
[device/event] event=clocks req=687
[device/event] event=decision req=688
[device/event] event=decision req=688
[device/event] event=decision req=688
[device/event] event=decision req=688
[device/event] event=decision req=688
[device/event] event=decision req=688
[device/event] event=decision req=688
[device/event] event=decision req=688
[device/event] event=decision req=688
[device/event] event=decision req=688
[device/event] event=decision req=688
[device/event] event=decision req=688
[device/event] event=decision req=688
[device/event] event=decision req=688
[device/event] event=decision req=688
[device/event] event=decision req=688
[device/event] event=decision req=688
[device/event] event=decision req=688
[device/event] event=decision req=688
[device/event] event=decision req=688
[device/event] event=decision req=688
[device/event] event=decision req=688
[device/event] event=decision req=688
[device/event] event=decision req=688
[device/event] event=decision req=688
[device/event] event=decision req=688
[device/event] event=decision req=688
[device/event] event=decision req=688
[device/event] event=decision req=688
[device/event] event=decision req=688
[device/event] event=decision req=688
[device/event] event=decision req=688
[device/event] event=decision req=688
[device/event] event=decision req=688
[device/event] event=decision req=688
[device/event] event=decision req=688
[device/event] event=decision req=688
[device/event] event=decision req=688
[device/event] event=decision req=688
[device/event] event=decision req=688
[device/event] event=decision req=688
[device/event] event=decision req=688
[device/event] event=decision req=688
[device/event] event=decision req=688
[device/event] event=decision req=688
[device/event] event=decision req=688
[device/event] event=decision req=688
[device/event] event=decision req=688
[device/event] event=decision req=688
[device/event] event=decision req=688
[device/event] event=decision req=688
[device/event] event=decision req=688
[device/event] event=decision req=688
[device/event] event=decision req=688
[device/event] event=decision req=688
[device/event] event=decision req=688
[device/event] event=decision req=688
[device/event] event=decision req=688
[device/event] event=decision req=688
[device/event] event=decision req=688
[device/event] event=decision req=688
[device/event] event=decision req=688
[device/event] event=decision req=688
[device/event] event=decision req=688
[device/event] event=decision req=688
[device/event] event=decision req=688
[device/event] event=decision req=688
[device/event] event=decision req=688
[device/event] event=decision req=688
[device/event] event=decision req=688
[device/event] event=decision req=688
[device/event] event=decision req=688
[device/event] event=decision req=688
[device/event] event=decision req=688
[device/event] event=decision req=688
[device/event] event=decision req=688
[device/event] event=decision req=688
[device/event] event=decision req=688
[device/event] event=decision req=688
[device/event] event=decision req=688
[device/event] event=decision req=688
[device/event] event=decision req=688
[device/event] event=decision req=688
[device/event] event=decision req=688
[device/event] event=decision req=688
[device/event] event=decision req=688
[device/event] event=decision req=688
[device/event] event=decision req=688
[device/event] event=decision req=688
[device/event] event=decision req=688
[device/event] event=decision req=688
[device/event] event=decision req=688
[device/event] event=decision req=688
[device/event] event=decision req=688
[device/event] event=decision req=688
[device/event] event=decision req=688
[device/event] event=decision req=688
[device/event] event=decision req=688
[device/event] event=decision req=688
[device/event] event=decision req=688
[device/event] event=run_complete req=688
[device/event] event=reset req=689
[device/event] event=status req=690
[device/event] event=decision req=691
[device/event] event=status req=692
[device/event] event=reset req=693
[device/event] event=clocks req=694
[device/event] event=decision req=695
[device/event] event=decision req=695
[device/event] event=decision req=695
[device/event] event=decision req=695
[device/event] event=decision req=695
[device/event] event=decision req=695
[device/event] event=decision req=695
[device/event] event=decision req=695
[device/event] event=decision req=695
[device/event] event=decision req=695
[device/event] event=decision req=695
[device/event] event=decision req=695
[device/event] event=decision req=695
[device/event] event=decision req=695
[device/event] event=decision req=695
[device/event] event=decision req=695
[device/event] event=decision req=695
[device/event] event=decision req=695
[device/event] event=decision req=695
[device/event] event=decision req=695
[device/event] event=decision req=695
[device/event] event=decision req=695
[device/event] event=decision req=695
[device/event] event=decision req=695
[device/event] event=decision req=695
[device/event] event=decision req=695
[device/event] event=decision req=695
[device/event] event=decision req=695
[device/event] event=decision req=695
[device/event] event=decision req=695
[device/event] event=decision req=695
[device/event] event=decision req=695
[device/event] event=decision req=695
[device/event] event=decision req=695
[device/event] event=decision req=695
[device/event] event=decision req=695
[device/event] event=decision req=695
[device/event] event=decision req=695
[device/event] event=decision req=695
[device/event] event=decision req=695
[device/event] event=decision req=695
[device/event] event=decision req=695
[device/event] event=decision req=695
[device/event] event=decision req=695
[device/event] event=decision req=695
[device/event] event=decision req=695
[device/event] event=decision req=695
[device/event] event=decision req=695
[device/event] event=decision req=695
[device/event] event=decision req=695
[device/event] event=decision req=695
[device/event] event=decision req=695
[device/event] event=decision req=695
[device/event] event=decision req=695
[device/event] event=decision req=695
[device/event] event=decision req=695
[device/event] event=decision req=695
[device/event] event=decision req=695
[device/event] event=decision req=695
[device/event] event=decision req=695
[device/event] event=decision req=695
[device/event] event=decision req=695
[device/event] event=decision req=695
[device/event] event=decision req=695
[device/event] event=decision req=695
[device/event] event=decision req=695
[device/event] event=decision req=695
[device/event] event=decision req=695
[device/event] event=decision req=695
[device/event] event=decision req=695
[device/event] event=decision req=695
[device/event] event=decision req=695
[device/event] event=decision req=695
[device/event] event=decision req=695
[device/event] event=decision req=695
[device/event] event=decision req=695
[device/event] event=decision req=695
[device/event] event=decision req=695
[device/event] event=decision req=695
[device/event] event=decision req=695
[device/event] event=decision req=695
[device/event] event=decision req=695
[device/event] event=decision req=695
[device/event] event=decision req=695
[device/event] event=decision req=695
[device/event] event=decision req=695
[device/event] event=decision req=695
[device/event] event=decision req=695
[device/event] event=decision req=695
[device/event] event=decision req=695
[device/event] event=decision req=695
[device/event] event=decision req=695
[device/event] event=decision req=695
[device/event] event=decision req=695
[device/event] event=decision req=695
[device/event] event=decision req=695
[device/event] event=decision req=695
[device/event] event=decision req=695
[device/event] event=decision req=695
[device/event] event=decision req=695
[device/event] event=run_complete req=695
[device/event] event=freeze req=696
[device/event] event=freeze req=697
[device/event] event=reset req=698
[device/event] event=clocks req=699
[device/event] event=decision req=700
[device/event] event=decision req=700
[device/event] event=decision req=700
[device/event] event=decision req=700
[device/event] event=decision req=700
[device/event] event=decision req=700
[device/event] event=decision req=700
[device/event] event=decision req=700
[device/event] event=decision req=700
[device/event] event=decision req=700
[device/event] event=decision req=700
[device/event] event=decision req=700
[device/event] event=decision req=700
[device/event] event=decision req=700
[device/event] event=decision req=700
[device/event] event=decision req=700
[device/event] event=decision req=700
[device/event] event=decision req=700
[device/event] event=decision req=700
[device/event] event=decision req=700
[device/event] event=decision req=700
[device/event] event=decision req=700
[device/event] event=decision req=700
[device/event] event=decision req=700
[device/event] event=decision req=700
[device/event] event=decision req=700
[device/event] event=decision req=700
[device/event] event=decision req=700
[device/event] event=decision req=700
[device/event] event=decision req=700
[device/event] event=decision req=700
[device/event] event=decision req=700
[device/event] event=decision req=700
[device/event] event=decision req=700
[device/event] event=decision req=700
[device/event] event=decision req=700
[device/event] event=decision req=700
[device/event] event=decision req=700
[device/event] event=decision req=700
[device/event] event=decision req=700
[device/event] event=decision req=700
[device/event] event=decision req=700
[device/event] event=decision req=700
[device/event] event=decision req=700
[device/event] event=decision req=700
[device/event] event=decision req=700
[device/event] event=decision req=700
[device/event] event=decision req=700
[device/event] event=decision req=700
[device/event] event=decision req=700
[device/event] event=decision req=700
[device/event] event=decision req=700
[device/event] event=decision req=700
[device/event] event=decision req=700
[device/event] event=decision req=700
[device/event] event=decision req=700
[device/event] event=decision req=700
[device/event] event=decision req=700
[device/event] event=run_complete req=700
[device/event] event=reset req=701
[device/event] event=status req=702
[device/event] event=decision req=703
[device/event] event=status req=704
[device/event] event=reset req=705
[device/event] event=clocks req=706
[device/event] event=decision req=707
[device/event] event=decision req=707
[device/event] event=decision req=707
[device/event] event=decision req=707
[device/event] event=decision req=707
[device/event] event=decision req=707
[device/event] event=decision req=707
[device/event] event=decision req=707
[device/event] event=decision req=707
[device/event] event=decision req=707
[device/event] event=decision req=707
[device/event] event=decision req=707
[device/event] event=decision req=707
[device/event] event=decision req=707
[device/event] event=decision req=707
[device/event] event=decision req=707
[device/event] event=decision req=707
[device/event] event=decision req=707
[device/event] event=decision req=707
[device/event] event=decision req=707
[device/event] event=decision req=707
[device/event] event=decision req=707
[device/event] event=decision req=707
[device/event] event=decision req=707
[device/event] event=decision req=707
[device/event] event=decision req=707
[device/event] event=decision req=707
[device/event] event=decision req=707
[device/event] event=decision req=707
[device/event] event=decision req=707
[device/event] event=decision req=707
[device/event] event=decision req=707
[device/event] event=decision req=707
[device/event] event=decision req=707
[device/event] event=decision req=707
[device/event] event=decision req=707
[device/event] event=decision req=707
[device/event] event=decision req=707
[device/event] event=decision req=707
[device/event] event=decision req=707
[device/event] event=decision req=707
[device/event] event=decision req=707
[device/event] event=decision req=707
[device/event] event=decision req=707
[device/event] event=decision req=707
[device/event] event=decision req=707
[device/event] event=decision req=707
[device/event] event=decision req=707
[device/event] event=decision req=707
[device/event] event=decision req=707
[device/event] event=decision req=707
[device/event] event=decision req=707
[device/event] event=decision req=707
[device/event] event=decision req=707
[device/event] event=decision req=707
[device/event] event=decision req=707
[device/event] event=decision req=707
[device/event] event=decision req=707
[device/event] event=run_complete req=707
[device/event] event=freeze req=708
[device/event] event=freeze req=709
[device/event] event=reset req=710
[device/event] event=clocks req=711
[device/event] event=decision req=712
[device/event] event=decision req=712
[device/event] event=decision req=712
[device/event] event=decision req=712
[device/event] event=decision req=712
[device/event] event=decision req=712
[device/event] event=decision req=712
[device/event] event=decision req=712
[device/event] event=decision req=712
[device/event] event=decision req=712
[device/event] event=decision req=712
[device/event] event=decision req=712
[device/event] event=decision req=712
[device/event] event=decision req=712
[device/event] event=decision req=712
[device/event] event=decision req=712
[device/event] event=decision req=712
[device/event] event=decision req=712
[device/event] event=decision req=712
[device/event] event=decision req=712
[device/event] event=decision req=712
[device/event] event=decision req=712
[device/event] event=decision req=712
[device/event] event=decision req=712
[device/event] event=decision req=712
[device/event] event=decision req=712
[device/event] event=decision req=712
[device/event] event=decision req=712
[device/event] event=decision req=712
[device/event] event=decision req=712
[device/event] event=decision req=712
[device/event] event=decision req=712
[device/event] event=decision req=712
[device/event] event=decision req=712
[device/event] event=decision req=712
[device/event] event=decision req=712
[device/event] event=decision req=712
[device/event] event=decision req=712
[device/event] event=decision req=712
[device/event] event=decision req=712
[device/event] event=decision req=712
[device/event] event=decision req=712
[device/event] event=decision req=712
[device/event] event=decision req=712
[device/event] event=decision req=712
[device/event] event=decision req=712
[device/event] event=decision req=712
[device/event] event=decision req=712
[device/event] event=decision req=712
[device/event] event=decision req=712
[device/event] event=decision req=712
[device/event] event=decision req=712
[device/event] event=decision req=712
[device/event] event=decision req=712
[device/event] event=decision req=712
[device/event] event=decision req=712
[device/event] event=decision req=712
[device/event] event=decision req=712
[device/event] event=decision req=712
[device/event] event=decision req=712
[device/event] event=decision req=712
[device/event] event=decision req=712
[device/event] event=decision req=712
[device/event] event=decision req=712
[device/event] event=decision req=712
[device/event] event=decision req=712
[device/event] event=decision req=712
[device/event] event=decision req=712
[device/event] event=decision req=712
[device/event] event=decision req=712
[device/event] event=decision req=712
[device/event] event=decision req=712
[device/event] event=decision req=712
[device/event] event=decision req=712
[device/event] event=decision req=712
[device/event] event=decision req=712
[device/event] event=decision req=712
[device/event] event=decision req=712
[device/event] event=decision req=712
[device/event] event=decision req=712
[device/event] event=decision req=712
[device/event] event=decision req=712
[device/event] event=decision req=712
[device/event] event=decision req=712
[device/event] event=decision req=712
[device/event] event=decision req=712
[device/event] event=decision req=712
[device/event] event=decision req=712
[device/event] event=decision req=712
[device/event] event=decision req=712
[device/event] event=decision req=712
[device/event] event=decision req=712
[device/event] event=decision req=712
[device/event] event=decision req=712
[device/event] event=decision req=712
[device/event] event=decision req=712
[device/event] event=decision req=712
[device/event] event=decision req=712
[device/event] event=decision req=712
[device/event] event=decision req=712
[device/event] event=decision req=712
[device/event] event=decision req=712
[device/event] event=decision req=712
[device/event] event=decision req=712
[device/event] event=decision req=712
[device/event] event=decision req=712
[device/event] event=decision req=712
[device/event] event=decision req=712
[device/event] event=decision req=712
[device/event] event=decision req=712
[device/event] event=decision req=712
[device/event] event=decision req=712
[device/event] event=decision req=712
[device/event] event=decision req=712
[device/event] event=decision req=712
[device/event] event=decision req=712
[device/event] event=decision req=712
[device/event] event=decision req=712
[device/event] event=decision req=712
[device/event] event=decision req=712
[device/event] event=decision req=712
[device/event] event=decision req=712
[device/event] event=decision req=712
[device/event] event=decision req=712
[device/event] event=decision req=712
[device/event] event=decision req=712
[device/event] event=decision req=712
[device/event] event=decision req=712
[device/event] event=decision req=712
[device/event] event=decision req=712
[device/event] event=decision req=712
[device/event] event=decision req=712
[device/event] event=run_complete req=712
[device/event] event=reset req=713
[device/event] event=status req=714
[device/event] event=decision req=715
[device/event] event=status req=716
[device/event] event=reset req=717
[device/event] event=clocks req=718
[device/event] event=decision req=719
[device/event] event=decision req=719
[device/event] event=decision req=719
[device/event] event=decision req=719
[device/event] event=decision req=719
[device/event] event=decision req=719
[device/event] event=decision req=719
[device/event] event=decision req=719
[device/event] event=decision req=719
[device/event] event=decision req=719
[device/event] event=decision req=719
[device/event] event=decision req=719
[device/event] event=decision req=719
[device/event] event=decision req=719
[device/event] event=decision req=719
[device/event] event=decision req=719
[device/event] event=decision req=719
[device/event] event=decision req=719
[device/event] event=decision req=719
[device/event] event=decision req=719
[device/event] event=decision req=719
[device/event] event=decision req=719
[device/event] event=decision req=719
[device/event] event=decision req=719
[device/event] event=decision req=719
[device/event] event=decision req=719
[device/event] event=decision req=719
[device/event] event=decision req=719
[device/event] event=decision req=719
[device/event] event=decision req=719
[device/event] event=decision req=719
[device/event] event=decision req=719
[device/event] event=decision req=719
[device/event] event=decision req=719
[device/event] event=decision req=719
[device/event] event=decision req=719
[device/event] event=decision req=719
[device/event] event=decision req=719
[device/event] event=decision req=719
[device/event] event=decision req=719
[device/event] event=decision req=719
[device/event] event=decision req=719
[device/event] event=decision req=719
[device/event] event=decision req=719
[device/event] event=decision req=719
[device/event] event=decision req=719
[device/event] event=decision req=719
[device/event] event=decision req=719
[device/event] event=decision req=719
[device/event] event=decision req=719
[device/event] event=decision req=719
[device/event] event=decision req=719
[device/event] event=decision req=719
[device/event] event=decision req=719
[device/event] event=decision req=719
[device/event] event=decision req=719
[device/event] event=decision req=719
[device/event] event=decision req=719
[device/event] event=decision req=719
[device/event] event=decision req=719
[device/event] event=decision req=719
[device/event] event=decision req=719
[device/event] event=decision req=719
[device/event] event=decision req=719
[device/event] event=decision req=719
[device/event] event=decision req=719
[device/event] event=decision req=719
[device/event] event=decision req=719
[device/event] event=decision req=719
[device/event] event=decision req=719
[device/event] event=decision req=719
[device/event] event=decision req=719
[device/event] event=decision req=719
[device/event] event=decision req=719
[device/event] event=decision req=719
[device/event] event=decision req=719
[device/event] event=decision req=719
[device/event] event=decision req=719
[device/event] event=decision req=719
[device/event] event=decision req=719
[device/event] event=decision req=719
[device/event] event=decision req=719
[device/event] event=decision req=719
[device/event] event=decision req=719
[device/event] event=decision req=719
[device/event] event=decision req=719
[device/event] event=decision req=719
[device/event] event=decision req=719
[device/event] event=decision req=719
[device/event] event=decision req=719
[device/event] event=decision req=719
[device/event] event=decision req=719
[device/event] event=decision req=719
[device/event] event=decision req=719
[device/event] event=decision req=719
[device/event] event=decision req=719
[device/event] event=decision req=719
[device/event] event=decision req=719
[device/event] event=decision req=719
[device/event] event=decision req=719
[device/event] event=decision req=719
[device/event] event=decision req=719
[device/event] event=decision req=719
[device/event] event=decision req=719
[device/event] event=decision req=719
[device/event] event=decision req=719
[device/event] event=decision req=719
[device/event] event=decision req=719
[device/event] event=decision req=719
[device/event] event=decision req=719
[device/event] event=decision req=719
[device/event] event=decision req=719
[device/event] event=decision req=719
[device/event] event=decision req=719
[device/event] event=decision req=719
[device/event] event=decision req=719
[device/event] event=decision req=719
[device/event] event=decision req=719
[device/event] event=decision req=719
[device/event] event=decision req=719
[device/event] event=decision req=719
[device/event] event=decision req=719
[device/event] event=decision req=719
[device/event] event=decision req=719
[device/event] event=decision req=719
[device/event] event=decision req=719
[device/event] event=decision req=719
[device/event] event=decision req=719
[device/event] event=decision req=719
[device/event] event=decision req=719
[device/event] event=decision req=719
[device/event] event=decision req=719
[device/event] event=run_complete req=719
[device/event] event=freeze req=720
[device/event] event=freeze req=721
[device/event] event=reset req=722
[device/event] event=clocks req=723
[device/event] event=decision req=724
[device/event] event=decision req=724
[device/event] event=decision req=724
[device/event] event=decision req=724
[device/event] event=decision req=724
[device/event] event=decision req=724
[device/event] event=decision req=724
[device/event] event=decision req=724
[device/event] event=decision req=724
[device/event] event=decision req=724
[device/event] event=decision req=724
[device/event] event=decision req=724
[device/event] event=decision req=724
[device/event] event=decision req=724
[device/event] event=decision req=724
[device/event] event=decision req=724
[device/event] event=decision req=724
[device/event] event=decision req=724
[device/event] event=decision req=724
[device/event] event=decision req=724
[device/event] event=decision req=724
[device/event] event=decision req=724
[device/event] event=decision req=724
[device/event] event=decision req=724
[device/event] event=decision req=724
[device/event] event=decision req=724
[device/event] event=decision req=724
[device/event] event=decision req=724
[device/event] event=decision req=724
[device/event] event=decision req=724
[device/event] event=decision req=724
[device/event] event=decision req=724
[device/event] event=decision req=724
[device/event] event=decision req=724
[device/event] event=decision req=724
[device/event] event=decision req=724
[device/event] event=decision req=724
[device/event] event=decision req=724
[device/event] event=decision req=724
[device/event] event=decision req=724
[device/event] event=decision req=724
[device/event] event=decision req=724
[device/event] event=decision req=724
[device/event] event=decision req=724
[device/event] event=decision req=724
[device/event] event=decision req=724
[device/event] event=decision req=724
[device/event] event=decision req=724
[device/event] event=decision req=724
[device/event] event=decision req=724
[device/event] event=decision req=724
[device/event] event=decision req=724
[device/event] event=decision req=724
[device/event] event=decision req=724
[device/event] event=decision req=724
[device/event] event=decision req=724
[device/event] event=decision req=724
[device/event] event=decision req=724
[device/event] event=decision req=724
[device/event] event=decision req=724
[device/event] event=decision req=724
[device/event] event=decision req=724
[device/event] event=decision req=724
[device/event] event=decision req=724
[device/event] event=decision req=724
[device/event] event=decision req=724
[device/event] event=decision req=724
[device/event] event=decision req=724
[device/event] event=decision req=724
[device/event] event=decision req=724
[device/event] event=decision req=724
[device/event] event=decision req=724
[device/event] event=decision req=724
[device/event] event=decision req=724
[device/event] event=decision req=724
[device/event] event=decision req=724
[device/event] event=decision req=724
[device/event] event=decision req=724
[device/event] event=decision req=724
[device/event] event=decision req=724
[device/event] event=decision req=724
[device/event] event=decision req=724
[device/event] event=decision req=724
[device/event] event=decision req=724
[device/event] event=decision req=724
[device/event] event=decision req=724
[device/event] event=decision req=724
[device/event] event=decision req=724
[device/event] event=decision req=724
[device/event] event=decision req=724
[device/event] event=decision req=724
[device/event] event=decision req=724
[device/event] event=decision req=724
[device/event] event=decision req=724
[device/event] event=decision req=724
[device/event] event=decision req=724
[device/event] event=decision req=724
[device/event] event=decision req=724
[device/event] event=decision req=724
[device/event] event=decision req=724
[device/event] event=decision req=724
[device/event] event=decision req=724
[device/event] event=decision req=724
[device/event] event=decision req=724
[device/event] event=decision req=724
[device/event] event=decision req=724
[device/event] event=decision req=724
[device/event] event=decision req=724
[device/event] event=decision req=724
[device/event] event=decision req=724
[device/event] event=decision req=724
[device/event] event=decision req=724
[device/event] event=decision req=724
[device/event] event=decision req=724
[device/event] event=decision req=724
[device/event] event=decision req=724
[device/event] event=decision req=724
[device/event] event=decision req=724
[device/event] event=decision req=724
[device/event] event=decision req=724
[device/event] event=decision req=724
[device/event] event=decision req=724
[device/event] event=decision req=724
[device/event] event=decision req=724
[device/event] event=decision req=724
[device/event] event=decision req=724
[device/event] event=decision req=724
[device/event] event=decision req=724
[device/event] event=decision req=724
[device/event] event=decision req=724
[device/event] event=run_complete req=724
[device/event] event=reset req=725
[device/event] event=status req=726
[device/event] event=decision req=727
[device/event] event=status req=728
[device/event] event=reset req=729
[device/event] event=clocks req=730
[device/event] event=decision req=731
[device/event] event=decision req=731
[device/event] event=decision req=731
[device/event] event=decision req=731
[device/event] event=decision req=731
[device/event] event=decision req=731
[device/event] event=decision req=731
[device/event] event=decision req=731
[device/event] event=decision req=731
[device/event] event=decision req=731
[device/event] event=decision req=731
[device/event] event=decision req=731
[device/event] event=decision req=731
[device/event] event=decision req=731
[device/event] event=decision req=731
[device/event] event=decision req=731
[device/event] event=decision req=731
[device/event] event=decision req=731
[device/event] event=decision req=731
[device/event] event=decision req=731
[device/event] event=decision req=731
[device/event] event=decision req=731
[device/event] event=decision req=731
[device/event] event=decision req=731
[device/event] event=decision req=731
[device/event] event=decision req=731
[device/event] event=decision req=731
[device/event] event=decision req=731
[device/event] event=decision req=731
[device/event] event=decision req=731
[device/event] event=decision req=731
[device/event] event=decision req=731
[device/event] event=decision req=731
[device/event] event=decision req=731
[device/event] event=decision req=731
[device/event] event=decision req=731
[device/event] event=decision req=731
[device/event] event=decision req=731
[device/event] event=decision req=731
[device/event] event=decision req=731
[device/event] event=decision req=731
[device/event] event=decision req=731
[device/event] event=decision req=731
[device/event] event=decision req=731
[device/event] event=decision req=731
[device/event] event=decision req=731
[device/event] event=decision req=731
[device/event] event=decision req=731
[device/event] event=decision req=731
[device/event] event=decision req=731
[device/event] event=decision req=731
[device/event] event=decision req=731
[device/event] event=decision req=731
[device/event] event=decision req=731
[device/event] event=decision req=731
[device/event] event=decision req=731
[device/event] event=decision req=731
[device/event] event=decision req=731
[device/event] event=decision req=731
[device/event] event=decision req=731
[device/event] event=decision req=731
[device/event] event=decision req=731
[device/event] event=decision req=731
[device/event] event=decision req=731
[device/event] event=decision req=731
[device/event] event=decision req=731
[device/event] event=decision req=731
[device/event] event=decision req=731
[device/event] event=decision req=731
[device/event] event=decision req=731
[device/event] event=decision req=731
[device/event] event=decision req=731
[device/event] event=decision req=731
[device/event] event=decision req=731
[device/event] event=decision req=731
[device/event] event=decision req=731
[device/event] event=decision req=731
[device/event] event=decision req=731
[device/event] event=decision req=731
[device/event] event=decision req=731
[device/event] event=decision req=731
[device/event] event=decision req=731
[device/event] event=decision req=731
[device/event] event=decision req=731
[device/event] event=decision req=731
[device/event] event=decision req=731
[device/event] event=decision req=731
[device/event] event=decision req=731
[device/event] event=decision req=731
[device/event] event=decision req=731
[device/event] event=decision req=731
[device/event] event=decision req=731
[device/event] event=decision req=731
[device/event] event=decision req=731
[device/event] event=decision req=731
[device/event] event=decision req=731
[device/event] event=decision req=731
[device/event] event=decision req=731
[device/event] event=decision req=731
[device/event] event=decision req=731
[device/event] event=decision req=731
[device/event] event=decision req=731
[device/event] event=decision req=731
[device/event] event=decision req=731
[device/event] event=decision req=731
[device/event] event=decision req=731
[device/event] event=decision req=731
[device/event] event=decision req=731
[device/event] event=decision req=731
[device/event] event=decision req=731
[device/event] event=decision req=731
[device/event] event=decision req=731
[device/event] event=decision req=731
[device/event] event=decision req=731
[device/event] event=decision req=731
[device/event] event=decision req=731
[device/event] event=decision req=731
[device/event] event=decision req=731
[device/event] event=decision req=731
[device/event] event=decision req=731
[device/event] event=decision req=731
[device/event] event=decision req=731
[device/event] event=decision req=731
[device/event] event=decision req=731
[device/event] event=decision req=731
[device/event] event=decision req=731
[device/event] event=decision req=731
[device/event] event=decision req=731
[device/event] event=decision req=731
[device/event] event=decision req=731
[device/event] event=run_complete req=731
[device/event] event=freeze req=732
[device/event] event=freeze req=733
[device/event] event=reset req=734
[device/event] event=clocks req=735
[device/event] event=decision req=736
[device/event] event=decision req=736
[device/event] event=decision req=736
[device/event] event=decision req=736
[device/event] event=decision req=736
[device/event] event=decision req=736
[device/event] event=decision req=736
[device/event] event=decision req=736
[device/event] event=decision req=736
[device/event] event=decision req=736
[device/event] event=decision req=736
[device/event] event=decision req=736
[device/event] event=decision req=736
[device/event] event=decision req=736
[device/event] event=decision req=736
[device/event] event=decision req=736
[device/event] event=decision req=736
[device/event] event=decision req=736
[device/event] event=decision req=736
[device/event] event=decision req=736
[device/event] event=decision req=736
[device/event] event=decision req=736
[device/event] event=decision req=736
[device/event] event=decision req=736
[device/event] event=decision req=736
[device/event] event=decision req=736
[device/event] event=decision req=736
[device/event] event=decision req=736
[device/event] event=decision req=736
[device/event] event=decision req=736
[device/event] event=decision req=736
[device/event] event=decision req=736
[device/event] event=decision req=736
[device/event] event=decision req=736
[device/event] event=decision req=736
[device/event] event=decision req=736
[device/event] event=decision req=736
[device/event] event=decision req=736
[device/event] event=decision req=736
[device/event] event=decision req=736
[device/event] event=decision req=736
[device/event] event=decision req=736
[device/event] event=decision req=736
[device/event] event=decision req=736
[device/event] event=decision req=736
[device/event] event=decision req=736
[device/event] event=decision req=736
[device/event] event=decision req=736
[device/event] event=decision req=736
[device/event] event=decision req=736
[device/event] event=decision req=736
[device/event] event=decision req=736
[device/event] event=decision req=736
[device/event] event=decision req=736
[device/event] event=decision req=736
[device/event] event=decision req=736
[device/event] event=decision req=736
[device/event] event=decision req=736
[device/event] event=decision req=736
[device/event] event=decision req=736
[device/event] event=decision req=736
[device/event] event=decision req=736
[device/event] event=decision req=736
[device/event] event=decision req=736
[device/event] event=decision req=736
[device/event] event=decision req=736
[device/event] event=decision req=736
[device/event] event=decision req=736
[device/event] event=decision req=736
[device/event] event=decision req=736
[device/event] event=decision req=736
[device/event] event=decision req=736
[device/event] event=decision req=736
[device/event] event=decision req=736
[device/event] event=run_complete req=736
[device/event] event=reset req=737
[device/event] event=status req=738
[device/event] event=decision req=739
[device/event] event=status req=740
[device/event] event=reset req=741
[device/event] event=clocks req=742
[device/event] event=decision req=743
[device/event] event=decision req=743
[device/event] event=decision req=743
[device/event] event=decision req=743
[device/event] event=decision req=743
[device/event] event=decision req=743
[device/event] event=decision req=743
[device/event] event=decision req=743
[device/event] event=decision req=743
[device/event] event=decision req=743
[device/event] event=decision req=743
[device/event] event=decision req=743
[device/event] event=decision req=743
[device/event] event=decision req=743
[device/event] event=decision req=743
[device/event] event=decision req=743
[device/event] event=decision req=743
[device/event] event=decision req=743
[device/event] event=decision req=743
[device/event] event=decision req=743
[device/event] event=decision req=743
[device/event] event=decision req=743
[device/event] event=decision req=743
[device/event] event=decision req=743
[device/event] event=decision req=743
[device/event] event=decision req=743
[device/event] event=decision req=743
[device/event] event=decision req=743
[device/event] event=decision req=743
[device/event] event=decision req=743
[device/event] event=decision req=743
[device/event] event=decision req=743
[device/event] event=decision req=743
[device/event] event=decision req=743
[device/event] event=decision req=743
[device/event] event=decision req=743
[device/event] event=decision req=743
[device/event] event=decision req=743
[device/event] event=decision req=743
[device/event] event=decision req=743
[device/event] event=decision req=743
[device/event] event=decision req=743
[device/event] event=decision req=743
[device/event] event=decision req=743
[device/event] event=decision req=743
[device/event] event=decision req=743
[device/event] event=decision req=743
[device/event] event=decision req=743
[device/event] event=decision req=743
[device/event] event=decision req=743
[device/event] event=decision req=743
[device/event] event=decision req=743
[device/event] event=decision req=743
[device/event] event=decision req=743
[device/event] event=decision req=743
[device/event] event=decision req=743
[device/event] event=decision req=743
[device/event] event=decision req=743
[device/event] event=decision req=743
[device/event] event=decision req=743
[device/event] event=decision req=743
[device/event] event=decision req=743
[device/event] event=decision req=743
[device/event] event=decision req=743
[device/event] event=decision req=743
[device/event] event=decision req=743
[device/event] event=decision req=743
[device/event] event=decision req=743
[device/event] event=decision req=743
[device/event] event=decision req=743
[device/event] event=decision req=743
[device/event] event=decision req=743
[device/event] event=decision req=743
[device/event] event=decision req=743
[device/event] event=run_complete req=743
[device/event] event=freeze req=744
[device/event] event=freeze req=745
[device/event] event=reset req=746
[device/event] event=clocks req=747
[device/event] event=decision req=748
[device/event] event=decision req=748
[device/event] event=decision req=748
[device/event] event=decision req=748
[device/event] event=decision req=748
[device/event] event=decision req=748
[device/event] event=decision req=748
[device/event] event=decision req=748
[device/event] event=decision req=748
[device/event] event=decision req=748
[device/event] event=decision req=748
[device/event] event=decision req=748
[device/event] event=run_complete req=748
[device/event] event=reset req=749
[device/event] event=status req=750
[device/event] event=decision req=751
[device/event] event=status req=752
[device/event] event=reset req=753
[device/event] event=clocks req=754
[device/event] event=decision req=755
[device/event] event=decision req=755
[device/event] event=decision req=755
[device/event] event=decision req=755
[device/event] event=decision req=755
[device/event] event=decision req=755
[device/event] event=decision req=755
[device/event] event=decision req=755
[device/event] event=decision req=755
[device/event] event=decision req=755
[device/event] event=decision req=755
[device/event] event=decision req=755
[device/event] event=run_complete req=755
[device/event] event=freeze req=756
[device/event] event=freeze req=757
[device/event] event=reset req=758
[device/event] event=clocks req=759
[device/event] event=decision req=760
[device/event] event=decision req=760
[device/event] event=decision req=760
[device/event] event=decision req=760
[device/event] event=decision req=760
[device/event] event=decision req=760
[device/event] event=decision req=760
[device/event] event=decision req=760
[device/event] event=decision req=760
[device/event] event=decision req=760
[device/event] event=decision req=760
[device/event] event=decision req=760
[device/event] event=decision req=760
[device/event] event=decision req=760
[device/event] event=decision req=760
[device/event] event=decision req=760
[device/event] event=decision req=760
[device/event] event=decision req=760
[device/event] event=decision req=760
[device/event] event=decision req=760
[device/event] event=decision req=760
[device/event] event=decision req=760
[device/event] event=decision req=760
[device/event] event=decision req=760
[device/event] event=decision req=760
[device/event] event=decision req=760
[device/event] event=decision req=760
[device/event] event=decision req=760
[device/event] event=decision req=760
[device/event] event=decision req=760
[device/event] event=decision req=760
[device/event] event=decision req=760
[device/event] event=decision req=760
[device/event] event=decision req=760
[device/event] event=decision req=760
[device/event] event=decision req=760
[device/event] event=decision req=760
[device/event] event=decision req=760
[device/event] event=decision req=760
[device/event] event=decision req=760
[device/event] event=decision req=760
[device/event] event=decision req=760
[device/event] event=decision req=760
[device/event] event=decision req=760
[device/event] event=decision req=760
[device/event] event=decision req=760
[device/event] event=decision req=760
[device/event] event=decision req=760
[device/event] event=decision req=760
[device/event] event=decision req=760
[device/event] event=decision req=760
[device/event] event=decision req=760
[device/event] event=decision req=760
[device/event] event=decision req=760
[device/event] event=decision req=760
[device/event] event=decision req=760
[device/event] event=decision req=760
[device/event] event=decision req=760
[device/event] event=decision req=760
[device/event] event=decision req=760
[device/event] event=decision req=760
[device/event] event=decision req=760
[device/event] event=decision req=760
[device/event] event=decision req=760
[device/event] event=decision req=760
[device/event] event=decision req=760
[device/event] event=decision req=760
[device/event] event=decision req=760
[device/event] event=decision req=760
[device/event] event=decision req=760
[device/event] event=decision req=760
[device/event] event=decision req=760
[device/event] event=decision req=760
[device/event] event=decision req=760
[device/event] event=decision req=760
[device/event] event=decision req=760
[device/event] event=decision req=760
[device/event] event=decision req=760
[device/event] event=decision req=760
[device/event] event=decision req=760
[device/event] event=decision req=760
[device/event] event=decision req=760
[device/event] event=decision req=760
[device/event] event=decision req=760
[device/event] event=decision req=760
[device/event] event=decision req=760
[device/event] event=decision req=760
[device/event] event=decision req=760
[device/event] event=decision req=760
[device/event] event=decision req=760
[device/event] event=decision req=760
[device/event] event=decision req=760
[device/event] event=decision req=760
[device/event] event=decision req=760
[device/event] event=decision req=760
[device/event] event=decision req=760
[device/event] event=decision req=760
[device/event] event=decision req=760
[device/event] event=decision req=760
[device/event] event=decision req=760
[device/event] event=decision req=760
[device/event] event=decision req=760
[device/event] event=decision req=760
[device/event] event=decision req=760
[device/event] event=decision req=760
[device/event] event=decision req=760
[device/event] event=decision req=760
[device/event] event=decision req=760
[device/event] event=decision req=760
[device/event] event=decision req=760
[device/event] event=decision req=760
[device/event] event=decision req=760
[device/event] event=decision req=760
[device/event] event=decision req=760
[device/event] event=decision req=760
[device/event] event=decision req=760
[device/event] event=decision req=760
[device/event] event=decision req=760
[device/event] event=decision req=760
[device/event] event=decision req=760
[device/event] event=decision req=760
[device/event] event=decision req=760
[device/event] event=decision req=760
[device/event] event=decision req=760
[device/event] event=decision req=760
[device/event] event=decision req=760
[device/event] event=decision req=760
[device/event] event=decision req=760
[device/event] event=decision req=760
[device/event] event=decision req=760
[device/event] event=decision req=760
[device/event] event=decision req=760
[device/event] event=decision req=760
[device/event] event=decision req=760
[device/event] event=decision req=760
[device/event] event=decision req=760
[device/event] event=decision req=760
[device/event] event=decision req=760
[device/event] event=decision req=760
[device/event] event=decision req=760
[device/event] event=decision req=760
[device/event] event=decision req=760
[device/event] event=decision req=760
[device/event] event=decision req=760
[device/event] event=decision req=760
[device/event] event=decision req=760
[device/event] event=decision req=760
[device/event] event=decision req=760
[device/event] event=decision req=760
[device/event] event=decision req=760
[device/event] event=decision req=760
[device/event] event=decision req=760
[device/event] event=decision req=760
[device/event] event=decision req=760
[device/event] event=decision req=760
[device/event] event=decision req=760
[device/event] event=decision req=760
[device/event] event=decision req=760
[device/event] event=decision req=760
[device/event] event=decision req=760
[device/event] event=decision req=760
[device/event] event=decision req=760
[device/event] event=run_complete req=760
[device/event] event=reset req=761
[device/event] event=status req=762
[device/event] event=decision req=763
[device/event] event=status req=764
[device/event] event=reset req=765
[device/event] event=clocks req=766
[device/event] event=decision req=767
[device/event] event=decision req=767
[device/event] event=decision req=767
[device/event] event=decision req=767
[device/event] event=decision req=767
[device/event] event=decision req=767
[device/event] event=decision req=767
[device/event] event=decision req=767
[device/event] event=decision req=767
[device/event] event=decision req=767
[device/event] event=decision req=767
[device/event] event=decision req=767
[device/event] event=decision req=767
[device/event] event=decision req=767
[device/event] event=decision req=767
[device/event] event=decision req=767
[device/event] event=decision req=767
[device/event] event=decision req=767
[device/event] event=decision req=767
[device/event] event=decision req=767
[device/event] event=decision req=767
[device/event] event=decision req=767
[device/event] event=decision req=767
[device/event] event=decision req=767
[device/event] event=decision req=767
[device/event] event=decision req=767
[device/event] event=decision req=767
[device/event] event=decision req=767
[device/event] event=decision req=767
[device/event] event=decision req=767
[device/event] event=decision req=767
[device/event] event=decision req=767
[device/event] event=decision req=767
[device/event] event=decision req=767
[device/event] event=decision req=767
[device/event] event=decision req=767
[device/event] event=decision req=767
[device/event] event=decision req=767
[device/event] event=decision req=767
[device/event] event=decision req=767
[device/event] event=decision req=767
[device/event] event=decision req=767
[device/event] event=decision req=767
[device/event] event=decision req=767
[device/event] event=decision req=767
[device/event] event=decision req=767
[device/event] event=decision req=767
[device/event] event=decision req=767
[device/event] event=decision req=767
[device/event] event=decision req=767
[device/event] event=decision req=767
[device/event] event=decision req=767
[device/event] event=decision req=767
[device/event] event=decision req=767
[device/event] event=decision req=767
[device/event] event=decision req=767
[device/event] event=decision req=767
[device/event] event=decision req=767
[device/event] event=decision req=767
[device/event] event=decision req=767
[device/event] event=decision req=767
[device/event] event=decision req=767
[device/event] event=decision req=767
[device/event] event=decision req=767
[device/event] event=decision req=767
[device/event] event=decision req=767
[device/event] event=decision req=767
[device/event] event=decision req=767
[device/event] event=decision req=767
[device/event] event=decision req=767
[device/event] event=decision req=767
[device/event] event=decision req=767
[device/event] event=decision req=767
[device/event] event=decision req=767
[device/event] event=decision req=767
[device/event] event=decision req=767
[device/event] event=decision req=767
[device/event] event=decision req=767
[device/event] event=decision req=767
[device/event] event=decision req=767
[device/event] event=decision req=767
[device/event] event=decision req=767
[device/event] event=decision req=767
[device/event] event=decision req=767
[device/event] event=decision req=767
[device/event] event=decision req=767
[device/event] event=decision req=767
[device/event] event=decision req=767
[device/event] event=decision req=767
[device/event] event=decision req=767
[device/event] event=decision req=767
[device/event] event=decision req=767
[device/event] event=decision req=767
[device/event] event=decision req=767
[device/event] event=decision req=767
[device/event] event=decision req=767
[device/event] event=decision req=767
[device/event] event=decision req=767
[device/event] event=decision req=767
[device/event] event=decision req=767
[device/event] event=decision req=767
[device/event] event=decision req=767
[device/event] event=decision req=767
[device/event] event=decision req=767
[device/event] event=decision req=767
[device/event] event=decision req=767
[device/event] event=decision req=767
[device/event] event=decision req=767
[device/event] event=decision req=767
[device/event] event=decision req=767
[device/event] event=decision req=767
[device/event] event=decision req=767
[device/event] event=decision req=767
[device/event] event=decision req=767
[device/event] event=decision req=767
[device/event] event=decision req=767
[device/event] event=decision req=767
[device/event] event=decision req=767
[device/event] event=decision req=767
[device/event] event=decision req=767
[device/event] event=decision req=767
[device/event] event=decision req=767
[device/event] event=decision req=767
[device/event] event=decision req=767
[device/event] event=decision req=767
[device/event] event=decision req=767
[device/event] event=decision req=767
[device/event] event=decision req=767
[device/event] event=decision req=767
[device/event] event=decision req=767
[device/event] event=decision req=767
[device/event] event=decision req=767
[device/event] event=decision req=767
[device/event] event=decision req=767
[device/event] event=decision req=767
[device/event] event=decision req=767
[device/event] event=decision req=767
[device/event] event=decision req=767
[device/event] event=decision req=767
[device/event] event=decision req=767
[device/event] event=decision req=767
[device/event] event=decision req=767
[device/event] event=decision req=767
[device/event] event=decision req=767
[device/event] event=decision req=767
[device/event] event=decision req=767
[device/event] event=decision req=767
[device/event] event=decision req=767
[device/event] event=decision req=767
[device/event] event=decision req=767
[device/event] event=decision req=767
[device/event] event=decision req=767
[device/event] event=decision req=767
[device/event] event=decision req=767
[device/event] event=decision req=767
[device/event] event=decision req=767
[device/event] event=decision req=767
[device/event] event=decision req=767
[device/event] event=decision req=767
[device/event] event=decision req=767
[device/event] event=decision req=767
[device/event] event=decision req=767
[device/event] event=run_complete req=767
[device/event] event=freeze req=768
[device/event] event=freeze req=769
[device/event] event=reset req=770
[device/raw-drop] :false,"proposer_stall_ms":0,"proposal_timeout_ms":5000,"work_queue_depth":0,"proposal_queue_depth":0,"control_queue_depth":0}
[device/event] event=clocks req=772
[device/event] event=decision req=773
[device/event] event=decision req=773
[device/event] event=decision req=773
[device/event] event=decision req=773
[device/event] event=decision req=773
[device/event] event=decision req=773
[device/event] event=decision req=773
[device/event] event=decision req=773
[device/event] event=decision req=773
[device/event] event=decision req=773
[device/event] event=decision req=773
[device/event] event=decision req=773
[device/event] event=decision req=773
[device/event] event=decision req=773
[device/event] event=decision req=773
[device/event] event=decision req=773
[device/event] event=decision req=773
[device/event] event=decision req=773
[device/event] event=decision req=773
[device/event] event=decision req=773
[device/event] event=decision req=773
[device/event] event=decision req=773
[device/event] event=decision req=773
[device/event] event=decision req=773
[device/event] event=decision req=773
[device/event] event=decision req=773
[device/event] event=decision req=773
[device/event] event=decision req=773
[device/event] event=decision req=773
[device/event] event=decision req=773
[device/event] event=decision req=773
[device/event] event=decision req=773
[device/event] event=decision req=773
[device/event] event=decision req=773
[device/event] event=decision req=773
[device/event] event=decision req=773
[device/event] event=decision req=773
[device/event] event=decision req=773
[device/event] event=decision req=773
[device/event] event=decision req=773
[device/event] event=decision req=773
[device/event] event=decision req=773
[device/event] event=decision req=773
[device/event] event=decision req=773
[device/event] event=decision req=773
[device/event] event=decision req=773
[device/event] event=decision req=773
[device/event] event=decision req=773
[device/event] event=decision req=773
[device/event] event=decision req=773
[device/event] event=decision req=773
[device/event] event=decision req=773
[device/event] event=decision req=773
[device/event] event=decision req=773
[device/event] event=decision req=773
[device/event] event=decision req=773
[device/event] event=decision req=773
[device/event] event=decision req=773
[device/event] event=decision req=773
[device/event] event=decision req=773
[device/event] event=decision req=773
[device/event] event=decision req=773
[device/event] event=decision req=773
[device/event] event=decision req=773
[device/event] event=decision req=773
[device/event] event=decision req=773
[device/event] event=decision req=773
[device/event] event=decision req=773
[device/event] event=decision req=773
[device/event] event=decision req=773
[device/event] event=decision req=773
[device/event] event=decision req=773
[device/event] event=decision req=773
[device/event] event=decision req=773
[device/event] event=decision req=773
[device/event] event=decision req=773
[device/event] event=decision req=773
[device/event] event=decision req=773
[device/event] event=decision req=773
[device/event] event=decision req=773
[device/event] event=decision req=773
[device/event] event=decision req=773
[device/event] event=decision req=773
[device/event] event=decision req=773
[device/event] event=decision req=773
[device/event] event=decision req=773
[device/event] event=decision req=773
[device/event] event=decision req=773
[device/event] event=decision req=773
[device/event] event=decision req=773
[device/event] event=decision req=773
[device/event] event=decision req=773
[device/event] event=decision req=773
[device/event] event=decision req=773
[device/event] event=decision req=773
[device/event] event=decision req=773
[device/event] event=decision req=773
[device/event] event=decision req=773
[device/event] event=decision req=773
[device/event] event=decision req=773
[device/event] event=decision req=773
[device/event] event=decision req=773
[device/event] event=decision req=773
[device/event] event=decision req=773
[device/event] event=decision req=773
[device/event] event=decision req=773
[device/event] event=decision req=773
[device/event] event=decision req=773
[device/event] event=decision req=773
[device/event] event=decision req=773
[device/event] event=decision req=773
[device/event] event=decision req=773
[device/event] event=run_complete req=773
[device/event] event=reset req=774
[device/event] event=status req=775
[device/event] event=decision req=776
[device/event] event=status req=777
[device/event] event=reset req=778
[device/event] event=clocks req=779
[device/event] event=decision req=780
[device/event] event=decision req=780
[device/event] event=decision req=780
[device/event] event=decision req=780
[device/event] event=decision req=780
[device/event] event=decision req=780
[device/event] event=decision req=780
[device/event] event=decision req=780
[device/event] event=decision req=780
[device/event] event=decision req=780
[device/event] event=decision req=780
[device/event] event=decision req=780
[device/event] event=decision req=780
[device/event] event=decision req=780
[device/event] event=decision req=780
[device/event] event=decision req=780
[device/event] event=decision req=780
[device/event] event=decision req=780
[device/event] event=decision req=780
[device/event] event=decision req=780
[device/event] event=decision req=780
[device/event] event=decision req=780
[device/event] event=decision req=780
[device/event] event=decision req=780
[device/event] event=decision req=780
[device/event] event=decision req=780
[device/event] event=decision req=780
[device/event] event=decision req=780
[device/event] event=decision req=780
[device/event] event=decision req=780
[device/event] event=decision req=780
[device/event] event=decision req=780
[device/event] event=decision req=780
[device/event] event=decision req=780
[device/event] event=decision req=780
[device/event] event=decision req=780
[device/event] event=decision req=780
[device/event] event=decision req=780
[device/event] event=decision req=780
[device/event] event=decision req=780
[device/event] event=decision req=780
[device/event] event=decision req=780
[device/event] event=decision req=780
[device/event] event=decision req=780
[device/event] event=decision req=780
[device/event] event=decision req=780
[device/event] event=decision req=780
[device/event] event=decision req=780
[device/event] event=decision req=780
[device/event] event=decision req=780
[device/event] event=decision req=780
[device/event] event=decision req=780
[device/event] event=decision req=780
[device/event] event=decision req=780
[device/event] event=decision req=780
[device/event] event=decision req=780
[device/event] event=decision req=780
[device/event] event=decision req=780
[device/event] event=decision req=780
[device/event] event=decision req=780
[device/event] event=decision req=780
[device/event] event=decision req=780
[device/event] event=decision req=780
[device/event] event=decision req=780
[device/event] event=decision req=780
[device/event] event=decision req=780
[device/event] event=decision req=780
[device/event] event=decision req=780
[device/event] event=decision req=780
[device/event] event=decision req=780
[device/event] event=decision req=780
[device/event] event=decision req=780
[device/event] event=decision req=780
[device/event] event=decision req=780
[device/event] event=decision req=780
[device/event] event=decision req=780
[device/event] event=decision req=780
[device/event] event=decision req=780
[device/event] event=decision req=780
[device/event] event=decision req=780
[device/event] event=decision req=780
[device/event] event=decision req=780
[device/event] event=decision req=780
[device/event] event=decision req=780
[device/event] event=decision req=780
[device/event] event=decision req=780
[device/event] event=decision req=780
[device/event] event=decision req=780
[device/event] event=decision req=780
[device/event] event=decision req=780
[device/event] event=decision req=780
[device/event] event=decision req=780
[device/event] event=decision req=780
[device/event] event=decision req=780
[device/event] event=decision req=780
[device/event] event=decision req=780
[device/event] event=decision req=780
[device/event] event=decision req=780
[device/event] event=decision req=780
[device/event] event=decision req=780
[device/event] event=decision req=780
[device/event] event=decision req=780
[device/event] event=decision req=780
[device/event] event=decision req=780
[device/event] event=decision req=780
[device/event] event=decision req=780
[device/event] event=decision req=780
[device/event] event=decision req=780
[device/event] event=decision req=780
[device/event] event=decision req=780
[device/event] event=decision req=780
[device/event] event=decision req=780
[device/event] event=run_complete req=780
[device/event] event=freeze req=781
[device/event] event=freeze req=782
[device/event] event=reset req=783
[device/event] event=clocks req=784
[device/event] event=decision req=785
[device/event] event=decision req=785
[device/event] event=decision req=785
[device/event] event=decision req=785
[device/event] event=decision req=785
[device/event] event=decision req=785
[device/event] event=decision req=785
[device/event] event=decision req=785
[device/event] event=decision req=785
[device/event] event=decision req=785
[device/event] event=decision req=785
[device/event] event=decision req=785
[device/event] event=decision req=785
[device/event] event=decision req=785
[device/event] event=decision req=785
[device/event] event=decision req=785
[device/event] event=decision req=785
[device/event] event=decision req=785
[device/event] event=decision req=785
[device/event] event=decision req=785
[device/event] event=decision req=785
[device/event] event=decision req=785
[device/event] event=decision req=785
[device/event] event=decision req=785
[device/event] event=decision req=785
[device/event] event=decision req=785
[device/event] event=decision req=785
[device/event] event=decision req=785
[device/event] event=decision req=785
[device/event] event=decision req=785
[device/event] event=decision req=785
[device/event] event=decision req=785
[device/event] event=decision req=785
[device/event] event=decision req=785
[device/event] event=decision req=785
[device/event] event=decision req=785
[device/event] event=decision req=785
[device/event] event=decision req=785
[device/event] event=decision req=785
[device/event] event=decision req=785
[device/event] event=decision req=785
[device/event] event=decision req=785
[device/event] event=decision req=785
[device/event] event=decision req=785
[device/event] event=decision req=785
[device/event] event=decision req=785
[device/event] event=decision req=785
[device/event] event=decision req=785
[device/event] event=decision req=785
[device/event] event=decision req=785
[device/event] event=decision req=785
[device/event] event=decision req=785
[device/event] event=decision req=785
[device/event] event=decision req=785
[device/event] event=decision req=785
[device/event] event=decision req=785
[device/event] event=decision req=785
[device/event] event=decision req=785
[device/event] event=decision req=785
[device/event] event=decision req=785
[device/event] event=decision req=785
[device/event] event=decision req=785
[device/event] event=decision req=785
[device/event] event=decision req=785
[device/event] event=decision req=785
[device/event] event=decision req=785
[device/event] event=decision req=785
[device/event] event=decision req=785
[device/event] event=decision req=785
[device/event] event=decision req=785
[device/event] event=decision req=785
[device/event] event=decision req=785
[device/event] event=decision req=785
[device/event] event=decision req=785
[device/event] event=decision req=785
[device/event] event=decision req=785
[device/event] event=decision req=785
[device/event] event=decision req=785
[device/event] event=decision req=785
[device/event] event=decision req=785
[device/event] event=decision req=785
[device/event] event=decision req=785
[device/event] event=decision req=785
[device/event] event=decision req=785
[device/event] event=decision req=785
[device/event] event=decision req=785
[device/event] event=decision req=785
[device/event] event=decision req=785
[device/event] event=decision req=785
[device/event] event=decision req=785
[device/event] event=decision req=785
[device/event] event=decision req=785
[device/event] event=decision req=785
[device/event] event=decision req=785
[device/event] event=decision req=785
[device/event] event=decision req=785
[device/event] event=decision req=785
[device/event] event=decision req=785
[device/event] event=decision req=785
[device/event] event=decision req=785
[device/event] event=decision req=785
[device/event] event=decision req=785
[device/event] event=decision req=785
[device/event] event=decision req=785
[device/event] event=decision req=785
[device/event] event=decision req=785
[device/event] event=decision req=785
[device/event] event=decision req=785
[device/event] event=decision req=785
[device/event] event=decision req=785
[device/event] event=decision req=785
[device/event] event=decision req=785
[device/event] event=decision req=785
[device/event] event=decision req=785
[device/event] event=decision req=785
[device/event] event=decision req=785
[device/event] event=decision req=785
[device/event] event=decision req=785
[device/event] event=decision req=785
[device/event] event=decision req=785
[device/event] event=decision req=785
[device/event] event=decision req=785
[device/event] event=run_complete req=785
[device/event] event=reset req=786
[device/event] event=status req=787
[device/event] event=decision req=788
[device/event] event=status req=789
[device/event] event=reset req=790
[device/event] event=clocks req=791
[device/event] event=decision req=792
[device/event] event=decision req=792
[device/event] event=decision req=792
[device/event] event=decision req=792
[device/event] event=decision req=792
[device/event] event=decision req=792
[device/event] event=decision req=792
[device/event] event=decision req=792
[device/event] event=decision req=792
[device/event] event=decision req=792
[device/event] event=decision req=792
[device/event] event=decision req=792
[device/event] event=decision req=792
[device/event] event=decision req=792
[device/event] event=decision req=792
[device/event] event=decision req=792
[device/event] event=decision req=792
[device/event] event=decision req=792
[device/event] event=decision req=792
[device/event] event=decision req=792
[device/event] event=decision req=792
[device/event] event=decision req=792
[device/event] event=decision req=792
[device/event] event=decision req=792
[device/event] event=decision req=792
[device/event] event=decision req=792
[device/event] event=decision req=792
[device/event] event=decision req=792
[device/event] event=decision req=792
[device/event] event=decision req=792
[device/event] event=decision req=792
[device/event] event=decision req=792
[device/event] event=decision req=792
[device/event] event=decision req=792
[device/event] event=decision req=792
[device/event] event=decision req=792
[device/event] event=decision req=792
[device/event] event=decision req=792
[device/event] event=decision req=792
[device/event] event=decision req=792
[device/event] event=decision req=792
[device/event] event=decision req=792
[device/event] event=decision req=792
[device/event] event=decision req=792
[device/event] event=decision req=792
[device/event] event=decision req=792
[device/event] event=decision req=792
[device/event] event=decision req=792
[device/event] event=decision req=792
[device/event] event=decision req=792
[device/event] event=decision req=792
[device/event] event=decision req=792
[device/event] event=decision req=792
[device/event] event=decision req=792
[device/event] event=decision req=792
[device/event] event=decision req=792
[device/event] event=decision req=792
[device/event] event=decision req=792
[device/event] event=decision req=792
[device/event] event=decision req=792
[device/event] event=decision req=792
[device/event] event=decision req=792
[device/event] event=decision req=792
[device/event] event=decision req=792
[device/event] event=decision req=792
[device/event] event=decision req=792
[device/event] event=decision req=792
[device/event] event=decision req=792
[device/event] event=decision req=792
[device/event] event=decision req=792
[device/event] event=decision req=792
[device/event] event=decision req=792
[device/event] event=decision req=792
[device/event] event=decision req=792
[device/event] event=decision req=792
[device/event] event=decision req=792
[device/event] event=decision req=792
[device/event] event=decision req=792
[device/event] event=decision req=792
[device/event] event=decision req=792
[device/event] event=decision req=792
[device/event] event=decision req=792
[device/event] event=decision req=792
[device/event] event=decision req=792
[device/event] event=decision req=792
[device/event] event=decision req=792
[device/event] event=decision req=792
[device/event] event=decision req=792
[device/event] event=decision req=792
[device/event] event=decision req=792
[device/event] event=decision req=792
[device/event] event=decision req=792
[device/event] event=decision req=792
[device/event] event=decision req=792
[device/event] event=decision req=792
[device/event] event=decision req=792
[device/event] event=decision req=792
[device/event] event=decision req=792
[device/event] event=decision req=792
[device/event] event=decision req=792
[device/event] event=decision req=792
[device/event] event=decision req=792
[device/event] event=decision req=792
[device/event] event=decision req=792
[device/event] event=decision req=792
[device/event] event=decision req=792
[device/event] event=decision req=792
[device/event] event=decision req=792
[device/event] event=decision req=792
[device/event] event=decision req=792
[device/event] event=decision req=792
[device/event] event=decision req=792
[device/event] event=decision req=792
[device/event] event=decision req=792
[device/event] event=decision req=792
[device/event] event=decision req=792
[device/event] event=decision req=792
[device/event] event=decision req=792
[device/event] event=decision req=792
[device/event] event=decision req=792
[device/event] event=decision req=792
[device/event] event=decision req=792
[device/event] event=run_complete req=792
[device/event] event=freeze req=793
[device/event] event=freeze req=794
[device/event] event=reset req=795
[device/event] event=clocks req=796
[device/event] event=decision req=797
[device/event] event=decision req=797
[device/event] event=decision req=797
[device/event] event=decision req=797
[device/event] event=decision req=797
[device/event] event=decision req=797
[device/event] event=decision req=797
[device/event] event=decision req=797
[device/event] event=decision req=797
[device/event] event=decision req=797
[device/event] event=decision req=797
[device/event] event=decision req=797
[device/event] event=decision req=797
[device/event] event=decision req=797
[device/event] event=decision req=797
[device/event] event=decision req=797
[device/event] event=decision req=797
[device/event] event=decision req=797
[device/event] event=decision req=797
[device/event] event=decision req=797
[device/event] event=decision req=797
[device/event] event=decision req=797
[device/event] event=decision req=797
[device/event] event=decision req=797
[device/event] event=decision req=797
[device/event] event=decision req=797
[device/event] event=decision req=797
[device/event] event=decision req=797
[device/event] event=decision req=797
[device/event] event=decision req=797
[device/event] event=decision req=797
[device/event] event=decision req=797
[device/event] event=decision req=797
[device/event] event=decision req=797
[device/event] event=decision req=797
[device/event] event=decision req=797
[device/event] event=decision req=797
[device/event] event=decision req=797
[device/event] event=decision req=797
[device/event] event=decision req=797
[device/event] event=decision req=797
[device/event] event=decision req=797
[device/event] event=decision req=797
[device/event] event=decision req=797
[device/event] event=decision req=797
[device/event] event=decision req=797
[device/event] event=decision req=797
[device/event] event=decision req=797
[device/event] event=decision req=797
[device/event] event=decision req=797
[device/event] event=decision req=797
[device/event] event=decision req=797
[device/event] event=decision req=797
[device/event] event=decision req=797
[device/event] event=decision req=797
[device/event] event=decision req=797
[device/event] event=decision req=797
[device/event] event=decision req=797
[device/event] event=decision req=797
[device/event] event=decision req=797
[device/event] event=decision req=797
[device/event] event=decision req=797
[device/event] event=decision req=797
[device/event] event=decision req=797
[device/event] event=decision req=797
[device/event] event=decision req=797
[device/event] event=decision req=797
[device/event] event=decision req=797
[device/event] event=decision req=797
[device/event] event=decision req=797
[device/event] event=decision req=797
[device/event] event=decision req=797
[device/event] event=decision req=797
[device/event] event=decision req=797
[device/event] event=decision req=797
[device/event] event=decision req=797
[device/event] event=decision req=797
[device/event] event=decision req=797
[device/event] event=decision req=797
[device/event] event=decision req=797
[device/event] event=decision req=797
[device/event] event=decision req=797
[device/event] event=decision req=797
[device/event] event=decision req=797
[device/event] event=decision req=797
[device/event] event=decision req=797
[device/event] event=decision req=797
[device/event] event=decision req=797
[device/event] event=decision req=797
[device/event] event=decision req=797
[device/event] event=run_complete req=797
[device/event] event=reset req=798
[device/event] event=status req=799
[device/event] event=decision req=800
[device/event] event=status req=801
[device/event] event=reset req=802
[device/event] event=clocks req=803
[device/event] event=decision req=804
[device/event] event=decision req=804
[device/event] event=decision req=804
[device/event] event=decision req=804
[device/event] event=decision req=804
[device/event] event=decision req=804
[device/event] event=decision req=804
[device/event] event=decision req=804
[device/event] event=decision req=804
[device/event] event=decision req=804
[device/event] event=decision req=804
[device/event] event=decision req=804
[device/event] event=decision req=804
[device/event] event=decision req=804
[device/event] event=decision req=804
[device/event] event=decision req=804
[device/event] event=decision req=804
[device/event] event=decision req=804
[device/event] event=decision req=804
[device/event] event=decision req=804
[device/event] event=decision req=804
[device/event] event=decision req=804
[device/event] event=decision req=804
[device/event] event=decision req=804
[device/event] event=decision req=804
[device/event] event=decision req=804
[device/event] event=decision req=804
[device/event] event=decision req=804
[device/event] event=decision req=804
[device/event] event=decision req=804
[device/event] event=decision req=804
[device/event] event=decision req=804
[device/event] event=decision req=804
[device/event] event=decision req=804
[device/event] event=decision req=804
[device/event] event=decision req=804
[device/event] event=decision req=804
[device/event] event=decision req=804
[device/event] event=decision req=804
[device/event] event=decision req=804
[device/event] event=decision req=804
[device/event] event=decision req=804
[device/event] event=decision req=804
[device/event] event=decision req=804
[device/event] event=decision req=804
[device/event] event=decision req=804
[device/event] event=decision req=804
[device/event] event=decision req=804
[device/event] event=decision req=804
[device/event] event=decision req=804
[device/event] event=decision req=804
[device/event] event=decision req=804
[device/event] event=decision req=804
[device/event] event=decision req=804
[device/event] event=decision req=804
[device/event] event=decision req=804
[device/event] event=decision req=804
[device/event] event=decision req=804
[device/event] event=decision req=804
[device/event] event=decision req=804
[device/event] event=decision req=804
[device/event] event=decision req=804
[device/event] event=decision req=804
[device/event] event=decision req=804
[device/event] event=decision req=804
[device/event] event=decision req=804
[device/event] event=decision req=804
[device/event] event=decision req=804
[device/event] event=decision req=804
[device/event] event=decision req=804
[device/event] event=decision req=804
[device/event] event=decision req=804
[device/event] event=decision req=804
[device/event] event=decision req=804
[device/event] event=decision req=804
[device/event] event=decision req=804
[device/event] event=decision req=804
[device/event] event=decision req=804
[device/event] event=decision req=804
[device/event] event=decision req=804
[device/event] event=decision req=804
[device/event] event=decision req=804
[device/event] event=decision req=804
[device/event] event=decision req=804
[device/event] event=decision req=804
[device/event] event=decision req=804
[device/event] event=decision req=804
[device/event] event=decision req=804
[device/event] event=decision req=804
[device/event] event=decision req=804
[device/event] event=run_complete req=804
[device/event] event=freeze req=805
[device/event] event=freeze req=806
[device/event] event=reset req=807
[device/event] event=clocks req=808
[device/event] event=decision req=809
[device/event] event=decision req=809
[device/event] event=decision req=809
[device/event] event=decision req=809
[device/event] event=decision req=809
[device/event] event=decision req=809
[device/event] event=decision req=809
[device/event] event=decision req=809
[device/event] event=decision req=809
[device/event] event=decision req=809
[device/event] event=decision req=809
[device/event] event=decision req=809
[device/event] event=decision req=809
[device/event] event=decision req=809
[device/event] event=run_complete req=809
[device/event] event=reset req=810
[device/event] event=status req=811
[device/event] event=decision req=812
[device/event] event=status req=813
[device/event] event=reset req=814
[device/event] event=clocks req=815
[device/event] event=decision req=816
[device/event] event=decision req=816
[device/event] event=decision req=816
[device/event] event=decision req=816
[device/event] event=decision req=816
[device/event] event=decision req=816
[device/event] event=decision req=816
[device/event] event=decision req=816
[device/event] event=decision req=816
[device/event] event=decision req=816
[device/event] event=decision req=816
[device/event] event=decision req=816
[device/event] event=decision req=816
[device/event] event=decision req=816
[device/event] event=run_complete req=816
[device/event] event=freeze req=817
[device/event] event=freeze req=818
[device/event] event=reset req=819
[device/event] event=clocks req=820
[device/event] event=decision req=821
[device/event] event=decision req=821
[device/event] event=decision req=821
[device/event] event=decision req=821
[device/event] event=decision req=821
[device/event] event=decision req=821
[device/event] event=decision req=821
[device/event] event=decision req=821
[device/event] event=decision req=821
[device/event] event=decision req=821
[device/event] event=decision req=821
[device/event] event=decision req=821
[device/event] event=decision req=821
[device/event] event=decision req=821
[device/event] event=decision req=821
[device/event] event=decision req=821
[device/event] event=decision req=821
[device/event] event=decision req=821
[device/event] event=decision req=821
[device/event] event=decision req=821
[device/event] event=decision req=821
[device/event] event=decision req=821
[device/event] event=decision req=821
[device/event] event=decision req=821
[device/event] event=decision req=821
[device/event] event=decision req=821
[device/event] event=decision req=821
[device/event] event=decision req=821
[device/event] event=decision req=821
[device/event] event=decision req=821
[device/event] event=decision req=821
[device/event] event=decision req=821
[device/event] event=decision req=821
[device/event] event=decision req=821
[device/event] event=decision req=821
[device/event] event=decision req=821
[device/event] event=decision req=821
[device/event] event=decision req=821
[device/event] event=decision req=821
[device/event] event=decision req=821
[device/event] event=decision req=821
[device/event] event=decision req=821
[device/event] event=decision req=821
[device/event] event=decision req=821
[device/event] event=decision req=821
[device/event] event=decision req=821
[device/event] event=decision req=821
[device/event] event=decision req=821
[device/event] event=decision req=821
[device/event] event=decision req=821
[device/event] event=decision req=821
[device/event] event=decision req=821
[device/event] event=run_complete req=821
[device/event] event=reset req=822
[device/event] event=status req=823
[device/event] event=decision req=824
[device/event] event=status req=825
[device/raw-drop] eue_depth":0,"proposal_queue_depth":0,"control_queue_depth":0}
[device/event] event=reset req=827
[device/event] event=clocks req=828
[device/event] event=decision req=829
[device/event] event=decision req=829
[device/event] event=decision req=829
[device/event] event=decision req=829
[device/event] event=decision req=829
[device/event] event=decision req=829
[device/event] event=decision req=829
[device/event] event=decision req=829
[device/event] event=decision req=829
[device/event] event=decision req=829
[device/event] event=decision req=829
[device/event] event=decision req=829
[device/event] event=decision req=829
[device/event] event=decision req=829
[device/event] event=decision req=829
[device/event] event=decision req=829
[device/event] event=decision req=829
[device/event] event=decision req=829
[device/event] event=decision req=829
[device/event] event=decision req=829
[device/event] event=decision req=829
[device/event] event=decision req=829
[device/event] event=decision req=829
[device/event] event=decision req=829
[device/event] event=decision req=829
[device/event] event=decision req=829
[device/event] event=decision req=829
[device/event] event=decision req=829
[device/event] event=decision req=829
[device/event] event=decision req=829
[device/event] event=decision req=829
[device/event] event=decision req=829
[device/event] event=decision req=829
[device/event] event=decision req=829
[device/event] event=decision req=829
[device/event] event=decision req=829
[device/event] event=decision req=829
[device/event] event=decision req=829
[device/event] event=decision req=829
[device/event] event=decision req=829
[device/event] event=decision req=829
[device/event] event=decision req=829
[device/event] event=decision req=829
[device/event] event=decision req=829
[device/event] event=decision req=829
[device/event] event=decision req=829
[device/event] event=decision req=829
[device/event] event=decision req=829
[device/event] event=decision req=829
[device/event] event=decision req=829
[device/event] event=decision req=829
[device/event] event=decision req=829
[device/event] event=run_complete req=829
[device/event] event=freeze req=830
[device/event] event=freeze req=831
[device/event] event=reset req=832
[device/event] event=clocks req=833
[device/event] event=decision req=834
[device/event] event=decision req=834
[device/event] event=decision req=834
[device/event] event=decision req=834
[device/event] event=decision req=834
[device/event] event=decision req=834
[device/event] event=decision req=834
[device/event] event=decision req=834
[device/event] event=run_complete req=834
[device/event] event=reset req=835
[device/event] event=status req=836
[device/event] event=decision req=837
[device/event] event=status req=838
[device/event] event=reset req=839
[device/event] event=clocks req=840
[device/event] event=decision req=841
[device/event] event=decision req=841
[device/event] event=decision req=841
[device/event] event=decision req=841
[device/event] event=decision req=841
[device/event] event=decision req=841
[device/event] event=decision req=841
[device/event] event=decision req=841
[device/event] event=run_complete req=841
[device/event] event=freeze req=842
[device/event] event=freeze req=843
[device/event] event=reset req=844
[device/event] event=clocks req=845
[device/event] event=decision req=846
[device/event] event=decision req=846
[device/event] event=decision req=846
[device/event] event=decision req=846
[device/event] event=decision req=846
[device/event] event=decision req=846
[device/event] event=decision req=846
[device/event] event=decision req=846
[device/event] event=decision req=846
[device/event] event=decision req=846
[device/event] event=decision req=846
[device/event] event=decision req=846
[device/event] event=decision req=846
[device/event] event=decision req=846
[device/event] event=decision req=846
[device/event] event=decision req=846
[device/event] event=decision req=846
[device/event] event=decision req=846
[device/event] event=decision req=846
[device/event] event=decision req=846
[device/event] event=decision req=846
[device/event] event=decision req=846
[device/event] event=decision req=846
[device/event] event=decision req=846
[device/event] event=decision req=846
[device/event] event=decision req=846
[device/event] event=decision req=846
[device/event] event=decision req=846
[device/event] event=decision req=846
[device/event] event=decision req=846
[device/event] event=decision req=846
[device/event] event=decision req=846
[device/event] event=decision req=846
[device/event] event=decision req=846
[device/event] event=decision req=846
[device/event] event=decision req=846
[device/event] event=decision req=846
[device/event] event=decision req=846
[device/event] event=decision req=846
[device/event] event=decision req=846
[device/event] event=decision req=846
[device/event] event=decision req=846
[device/event] event=decision req=846
[device/event] event=decision req=846
[device/event] event=decision req=846
[device/event] event=decision req=846
[device/event] event=decision req=846
[device/event] event=decision req=846
[device/event] event=decision req=846
[device/event] event=decision req=846
[device/event] event=decision req=846
[device/event] event=decision req=846
[device/event] event=decision req=846
[device/event] event=decision req=846
[device/event] event=decision req=846
[device/event] event=decision req=846
[device/event] event=decision req=846
[device/event] event=decision req=846
[device/event] event=decision req=846
[device/event] event=decision req=846
[device/event] event=decision req=846
[device/event] event=decision req=846
[device/event] event=decision req=846
[device/event] event=decision req=846
[device/event] event=decision req=846
[device/event] event=decision req=846
[device/event] event=decision req=846
[device/event] event=decision req=846
[device/event] event=decision req=846
[device/event] event=decision req=846
[device/event] event=decision req=846
[device/event] event=decision req=846
[device/event] event=decision req=846
[device/event] event=decision req=846
[device/event] event=run_complete req=846
[device/event] event=reset req=847
[device/event] event=status req=848
[device/event] event=decision req=849
[device/event] event=status req=850
[device/event] event=reset req=851
[device/event] event=clocks req=852
[device/event] event=decision req=853
[device/event] event=decision req=853
[device/event] event=decision req=853
[device/event] event=decision req=853
[device/event] event=decision req=853
[device/event] event=decision req=853
[device/event] event=decision req=853
[device/event] event=decision req=853
[device/event] event=decision req=853
[device/event] event=decision req=853
[device/event] event=decision req=853
[device/event] event=decision req=853
[device/event] event=decision req=853
[device/event] event=decision req=853
[device/event] event=decision req=853
[device/event] event=decision req=853
[device/event] event=decision req=853
[device/event] event=decision req=853
[device/event] event=decision req=853
[device/event] event=decision req=853
[device/event] event=decision req=853
[device/event] event=decision req=853
[device/event] event=decision req=853
[device/event] event=decision req=853
[device/event] event=decision req=853
[device/event] event=decision req=853
[device/event] event=decision req=853
[device/event] event=decision req=853
[device/event] event=decision req=853
[device/event] event=decision req=853
[device/event] event=decision req=853
[device/event] event=decision req=853
[device/event] event=decision req=853
[device/event] event=decision req=853
[device/event] event=decision req=853
[device/event] event=decision req=853
[device/event] event=decision req=853
[device/event] event=decision req=853
[device/event] event=decision req=853
[device/event] event=decision req=853
[device/event] event=decision req=853
[device/event] event=decision req=853
[device/event] event=decision req=853
[device/event] event=decision req=853
[device/event] event=decision req=853
[device/event] event=decision req=853
[device/event] event=decision req=853
[device/event] event=decision req=853
[device/event] event=decision req=853
[device/event] event=decision req=853
[device/event] event=decision req=853
[device/event] event=decision req=853
[device/event] event=decision req=853
[device/event] event=decision req=853
[device/event] event=decision req=853
[device/event] event=decision req=853
[device/event] event=decision req=853
[device/event] event=decision req=853
[device/event] event=decision req=853
[device/event] event=decision req=853
[device/event] event=decision req=853
[device/event] event=decision req=853
[device/event] event=decision req=853
[device/event] event=decision req=853
[device/event] event=decision req=853
[device/event] event=decision req=853
[device/event] event=decision req=853
[device/event] event=decision req=853
[device/event] event=decision req=853
[device/event] event=decision req=853
[device/event] event=decision req=853
[device/event] event=decision req=853
[device/event] event=decision req=853
[device/event] event=decision req=853
[device/event] event=run_complete req=853
[device/event] event=freeze req=854
[device/event] event=freeze req=855
[device/event] event=reset req=856
[device/event] event=clocks req=857
[device/event] event=decision req=858
[device/event] event=decision req=858
[device/event] event=decision req=858
[device/event] event=decision req=858
[device/event] event=decision req=858
[device/event] event=decision req=858
[device/event] event=decision req=858
[device/event] event=decision req=858
[device/event] event=decision req=858
[device/event] event=decision req=858
[device/event] event=decision req=858
[device/event] event=decision req=858
[device/event] event=decision req=858
[device/event] event=decision req=858
[device/event] event=decision req=858
[device/event] event=decision req=858
[device/event] event=decision req=858
[device/event] event=decision req=858
[device/event] event=decision req=858
[device/event] event=decision req=858
[device/event] event=decision req=858
[device/event] event=decision req=858
[device/event] event=decision req=858
[device/event] event=decision req=858
[device/event] event=decision req=858
[device/event] event=decision req=858
[device/event] event=decision req=858
[device/event] event=decision req=858
[device/event] event=decision req=858
[device/event] event=decision req=858
[device/event] event=decision req=858
[device/event] event=decision req=858
[device/event] event=decision req=858
[device/event] event=decision req=858
[device/event] event=decision req=858
[device/event] event=decision req=858
[device/event] event=decision req=858
[device/event] event=decision req=858
[device/event] event=decision req=858
[device/event] event=decision req=858
[device/event] event=decision req=858
[device/event] event=decision req=858
[device/event] event=decision req=858
[device/event] event=decision req=858
[device/event] event=run_complete req=858
[device/event] event=reset req=859
[device/event] event=status req=860
[device/event] event=decision req=861
[device/event] event=status req=862
[device/event] event=reset req=863
[device/event] event=clocks req=864
[device/event] event=decision req=865
[device/event] event=decision req=865
[device/event] event=decision req=865
[device/event] event=decision req=865
[device/event] event=decision req=865
[device/event] event=decision req=865
[device/event] event=decision req=865
[device/event] event=decision req=865
[device/event] event=decision req=865
[device/event] event=decision req=865
[device/event] event=decision req=865
[device/event] event=decision req=865
[device/event] event=decision req=865
[device/event] event=decision req=865
[device/event] event=decision req=865
[device/event] event=decision req=865
[device/event] event=decision req=865
[device/event] event=decision req=865
[device/event] event=decision req=865
[device/event] event=decision req=865
[device/event] event=decision req=865
[device/event] event=decision req=865
[device/event] event=decision req=865
[device/event] event=decision req=865
[device/event] event=decision req=865
[device/event] event=decision req=865
[device/event] event=decision req=865
[device/event] event=decision req=865
[device/event] event=decision req=865
[device/event] event=decision req=865
[device/event] event=decision req=865
[device/event] event=decision req=865
[device/event] event=decision req=865
[device/event] event=decision req=865
[device/event] event=decision req=865
[device/event] event=decision req=865
[device/event] event=decision req=865
[device/event] event=decision req=865
[device/event] event=decision req=865
[device/event] event=decision req=865
[device/event] event=decision req=865
[device/event] event=decision req=865
[device/event] event=decision req=865
[device/event] event=decision req=865
[device/event] event=run_complete req=865
[device/event] event=freeze req=866
[device/event] event=freeze req=867
[device/event] event=reset req=868
[device/event] event=clocks req=869
[device/event] event=decision req=870
[device/event] event=decision req=870
[device/event] event=decision req=870
[device/event] event=decision req=870
[device/event] event=decision req=870
[device/event] event=decision req=870
[device/event] event=decision req=870
[device/event] event=decision req=870
[device/event] event=decision req=870
[device/event] event=decision req=870
[device/event] event=decision req=870
[device/event] event=decision req=870
[device/event] event=decision req=870
[device/event] event=decision req=870
[device/event] event=decision req=870
[device/event] event=decision req=870
[device/event] event=decision req=870
[device/event] event=decision req=870
[device/event] event=decision req=870
[device/event] event=decision req=870
[device/event] event=decision req=870
[device/event] event=decision req=870
[device/event] event=decision req=870
[device/event] event=decision req=870
[device/event] event=decision req=870
[device/event] event=decision req=870
[device/event] event=decision req=870
[device/event] event=decision req=870
[device/event] event=decision req=870
[device/event] event=decision req=870
[device/event] event=decision req=870
[device/event] event=decision req=870
[device/event] event=decision req=870
[device/event] event=decision req=870
[device/event] event=decision req=870
[device/event] event=decision req=870
[device/event] event=decision req=870
[device/event] event=decision req=870
[device/event] event=decision req=870
[device/event] event=decision req=870
[device/event] event=decision req=870
[device/event] event=decision req=870
[device/event] event=decision req=870
[device/event] event=decision req=870
[device/event] event=decision req=870
[device/event] event=decision req=870
[device/event] event=decision req=870
[device/event] event=decision req=870
[device/event] event=decision req=870
[device/event] event=decision req=870
[device/event] event=decision req=870
[device/event] event=decision req=870
[device/event] event=decision req=870
[device/event] event=decision req=870
[device/event] event=decision req=870
[device/event] event=decision req=870
[device/event] event=decision req=870
[device/event] event=decision req=870
[device/event] event=decision req=870
[device/event] event=decision req=870
[device/event] event=decision req=870
[device/event] event=decision req=870
[device/event] event=decision req=870
[device/event] event=decision req=870
[device/event] event=decision req=870
[device/event] event=decision req=870
[device/event] event=decision req=870
[device/event] event=decision req=870
[device/event] event=decision req=870
[device/event] event=decision req=870
[device/event] event=decision req=870
[device/event] event=decision req=870
[device/event] event=decision req=870
[device/event] event=decision req=870
[device/event] event=decision req=870
[device/event] event=decision req=870
[device/event] event=decision req=870
[device/event] event=decision req=870
[device/event] event=decision req=870
[device/event] event=decision req=870
[device/event] event=decision req=870
[device/event] event=decision req=870
[device/event] event=decision req=870
[device/event] event=decision req=870
[device/event] event=decision req=870
[device/event] event=decision req=870
[device/event] event=decision req=870
[device/event] event=decision req=870
[device/event] event=decision req=870
[device/event] event=decision req=870
[device/event] event=decision req=870
[device/event] event=decision req=870
[device/event] event=decision req=870
[device/event] event=decision req=870
[device/event] event=decision req=870
[device/event] event=decision req=870
[device/event] event=decision req=870
[device/event] event=decision req=870
[device/event] event=decision req=870
[device/event] event=decision req=870
[device/event] event=decision req=870
[device/event] event=decision req=870
[device/event] event=decision req=870
[device/event] event=decision req=870
[device/event] event=decision req=870
[device/event] event=decision req=870
[device/event] event=decision req=870
[device/event] event=decision req=870
[device/event] event=decision req=870
[device/event] event=decision req=870
[device/event] event=decision req=870
[device/event] event=decision req=870
[device/event] event=decision req=870
[device/event] event=decision req=870
[device/event] event=decision req=870
[device/event] event=decision req=870
[device/event] event=decision req=870
[device/event] event=decision req=870
[device/event] event=decision req=870
[device/event] event=decision req=870
[device/event] event=decision req=870
[device/event] event=decision req=870
[device/event] event=decision req=870
[device/event] event=decision req=870
[device/event] event=run_complete req=870
[device/event] event=reset req=871
[device/event] event=status req=872
[device/event] event=decision req=873
[device/event] event=status req=874
[device/event] event=reset req=875
[device/event] event=clocks req=876
[device/event] event=decision req=877
[device/event] event=decision req=877
[device/event] event=decision req=877
[device/event] event=decision req=877
[device/event] event=decision req=877
[device/event] event=decision req=877
[device/event] event=decision req=877
[device/event] event=decision req=877
[device/event] event=decision req=877
[device/event] event=decision req=877
[device/event] event=decision req=877
[device/event] event=decision req=877
[device/event] event=decision req=877
[device/event] event=decision req=877
[device/event] event=decision req=877
[device/event] event=decision req=877
[device/event] event=decision req=877
[device/event] event=decision req=877
[device/event] event=decision req=877
[device/event] event=decision req=877
[device/event] event=decision req=877
[device/event] event=decision req=877
[device/event] event=decision req=877
[device/event] event=decision req=877
[device/event] event=decision req=877
[device/event] event=decision req=877
[device/event] event=decision req=877
[device/event] event=decision req=877
[device/event] event=decision req=877
[device/event] event=decision req=877
[device/event] event=decision req=877
[device/event] event=decision req=877
[device/event] event=decision req=877
[device/event] event=decision req=877
[device/event] event=decision req=877
[device/event] event=decision req=877
[device/event] event=decision req=877
[device/event] event=decision req=877
[device/event] event=decision req=877
[device/event] event=decision req=877
[device/event] event=decision req=877
[device/event] event=decision req=877
[device/event] event=decision req=877
[device/event] event=decision req=877
[device/event] event=decision req=877
[device/event] event=decision req=877
[device/event] event=decision req=877
[device/event] event=decision req=877
[device/event] event=decision req=877
[device/event] event=decision req=877
[device/event] event=decision req=877
[device/event] event=decision req=877
[device/event] event=decision req=877
[device/event] event=decision req=877
[device/event] event=decision req=877
[device/event] event=decision req=877
[device/event] event=decision req=877
[device/event] event=decision req=877
[device/event] event=decision req=877
[device/event] event=decision req=877
[device/event] event=decision req=877
[device/event] event=decision req=877
[device/event] event=decision req=877
[device/event] event=decision req=877
[device/event] event=decision req=877
[device/event] event=decision req=877
[device/event] event=decision req=877
[device/event] event=decision req=877
[device/event] event=decision req=877
[device/event] event=decision req=877
[device/event] event=decision req=877
[device/event] event=decision req=877
[device/event] event=decision req=877
[device/event] event=decision req=877
[device/event] event=decision req=877
[device/event] event=decision req=877
[device/event] event=decision req=877
[device/event] event=decision req=877
[device/event] event=decision req=877
[device/event] event=decision req=877
[device/event] event=decision req=877
[device/event] event=decision req=877
[device/event] event=decision req=877
[device/event] event=decision req=877
[device/event] event=decision req=877
[device/event] event=decision req=877
[device/event] event=decision req=877
[device/event] event=decision req=877
[device/event] event=decision req=877
[device/event] event=decision req=877
[device/event] event=decision req=877
[device/event] event=decision req=877
[device/event] event=decision req=877
[device/event] event=decision req=877
[device/event] event=decision req=877
[device/event] event=decision req=877
[device/event] event=decision req=877
[device/event] event=decision req=877
[device/event] event=decision req=877
[device/event] event=decision req=877
[device/event] event=decision req=877
[device/event] event=decision req=877
[device/event] event=decision req=877
[device/event] event=decision req=877
[device/event] event=decision req=877
[device/event] event=decision req=877
[device/event] event=decision req=877
[device/event] event=decision req=877
[device/event] event=decision req=877
[device/event] event=decision req=877
[device/event] event=decision req=877
[device/event] event=decision req=877
[device/event] event=decision req=877
[device/event] event=decision req=877
[device/event] event=decision req=877
[device/event] event=decision req=877
[device/event] event=decision req=877
[device/event] event=decision req=877
[device/event] event=decision req=877
[device/event] event=decision req=877
[device/event] event=decision req=877
[device/event] event=decision req=877
[device/event] event=decision req=877
[device/event] event=decision req=877
[device/event] event=run_complete req=877
[device/event] event=freeze req=878
[device/event] event=freeze req=879
[device/event] event=reset req=880
[device/event] event=clocks req=881
[device/event] event=decision req=882
[device/event] event=decision req=882
[device/event] event=decision req=882
[device/event] event=decision req=882
[device/event] event=decision req=882
[device/event] event=decision req=882
[device/event] event=decision req=882
[device/event] event=decision req=882
[device/event] event=decision req=882
[device/event] event=decision req=882
[device/event] event=decision req=882
[device/event] event=decision req=882
[device/event] event=decision req=882
[device/event] event=decision req=882
[device/event] event=decision req=882
[device/event] event=decision req=882
[device/event] event=decision req=882
[device/event] event=decision req=882
[device/event] event=decision req=882
[device/event] event=decision req=882
[device/event] event=decision req=882
[device/event] event=decision req=882
[device/event] event=decision req=882
[device/event] event=decision req=882
[device/event] event=decision req=882
[device/event] event=decision req=882
[device/event] event=decision req=882
[device/event] event=decision req=882
[device/event] event=decision req=882
[device/event] event=decision req=882
[device/event] event=decision req=882
[device/event] event=decision req=882
[device/event] event=decision req=882
[device/event] event=decision req=882
[device/event] event=decision req=882
[device/event] event=decision req=882
[device/event] event=decision req=882
[device/event] event=decision req=882
[device/event] event=decision req=882
[device/event] event=decision req=882
[device/event] event=decision req=882
[device/event] event=decision req=882
[device/event] event=decision req=882
[device/event] event=decision req=882
[device/event] event=decision req=882
[device/event] event=decision req=882
[device/event] event=decision req=882
[device/event] event=decision req=882
[device/event] event=decision req=882
[device/event] event=decision req=882
[device/event] event=decision req=882
[device/event] event=decision req=882
[device/event] event=run_complete req=882
[device/event] event=reset req=883
[device/event] event=status req=884
[device/event] event=decision req=885
[device/event] event=status req=886
[device/event] event=reset req=887
[device/event] event=clocks req=888
[device/event] event=decision req=889
[device/event] event=decision req=889
[device/event] event=decision req=889
[device/event] event=decision req=889
[device/event] event=decision req=889
[device/event] event=decision req=889
[device/event] event=decision req=889
[device/event] event=decision req=889
[device/event] event=decision req=889
[device/event] event=decision req=889
[device/event] event=decision req=889
[device/event] event=decision req=889
[device/event] event=decision req=889
[device/event] event=decision req=889
[device/event] event=decision req=889
[device/event] event=decision req=889
[device/event] event=decision req=889
[device/event] event=decision req=889
[device/event] event=decision req=889
[device/event] event=decision req=889
[device/event] event=decision req=889
[device/event] event=decision req=889
[device/event] event=decision req=889
[device/event] event=decision req=889
[device/event] event=decision req=889
[device/event] event=decision req=889
[device/event] event=decision req=889
[device/event] event=decision req=889
[device/event] event=decision req=889
[device/event] event=decision req=889
[device/event] event=decision req=889
[device/event] event=decision req=889
[device/event] event=decision req=889
[device/event] event=decision req=889
[device/event] event=decision req=889
[device/event] event=decision req=889
[device/event] event=decision req=889
[device/event] event=decision req=889
[device/event] event=decision req=889
[device/event] event=decision req=889
[device/event] event=decision req=889
[device/event] event=decision req=889
[device/event] event=decision req=889
[device/event] event=decision req=889
[device/event] event=decision req=889
[device/event] event=decision req=889
[device/event] event=decision req=889
[device/event] event=decision req=889
[device/event] event=decision req=889
[device/event] event=decision req=889
[device/event] event=decision req=889
[device/event] event=decision req=889
[device/event] event=run_complete req=889
[device/event] event=freeze req=890
[device/event] event=freeze req=891
[device/event] event=reset req=892
[device/event] event=clocks req=893
[device/event] event=decision req=894
[device/event] event=decision req=894
[device/event] event=decision req=894
[device/event] event=decision req=894
[device/event] event=decision req=894
[device/event] event=decision req=894
[device/event] event=decision req=894
[device/event] event=decision req=894
[device/event] event=decision req=894
[device/event] event=decision req=894
[device/event] event=decision req=894
[device/event] event=decision req=894
[device/event] event=decision req=894
[device/event] event=decision req=894
[device/event] event=decision req=894
[device/event] event=decision req=894
[device/event] event=decision req=894
[device/event] event=decision req=894
[device/event] event=decision req=894
[device/event] event=decision req=894
[device/event] event=decision req=894
[device/event] event=decision req=894
[device/event] event=decision req=894
[device/event] event=decision req=894
[device/event] event=decision req=894
[device/event] event=decision req=894
[device/event] event=decision req=894
[device/event] event=decision req=894
[device/event] event=decision req=894
[device/event] event=decision req=894
[device/event] event=decision req=894
[device/event] event=decision req=894
[device/event] event=decision req=894
[device/event] event=decision req=894
[device/event] event=decision req=894
[device/event] event=decision req=894
[device/event] event=decision req=894
[device/event] event=decision req=894
[device/event] event=decision req=894
[device/event] event=decision req=894
[device/event] event=decision req=894
[device/event] event=decision req=894
[device/event] event=decision req=894
[device/event] event=decision req=894
[device/event] event=decision req=894
[device/event] event=decision req=894
[device/event] event=decision req=894
[device/event] event=decision req=894
[device/event] event=decision req=894
[device/event] event=decision req=894
[device/event] event=decision req=894
[device/event] event=decision req=894
[device/event] event=decision req=894
[device/event] event=decision req=894
[device/event] event=decision req=894
[device/event] event=decision req=894
[device/event] event=decision req=894
[device/event] event=decision req=894
[device/event] event=decision req=894
[device/event] event=decision req=894
[device/event] event=decision req=894
[device/event] event=decision req=894
[device/event] event=decision req=894
[device/event] event=decision req=894
[device/event] event=decision req=894
[device/event] event=decision req=894
[device/event] event=decision req=894
[device/event] event=decision req=894
[device/event] event=decision req=894
[device/event] event=decision req=894
[device/event] event=decision req=894
[device/event] event=decision req=894
[device/event] event=decision req=894
[device/event] event=decision req=894
[device/event] event=run_complete req=894
[device/event] event=reset req=895
[device/event] event=status req=896
[device/event] event=decision req=897
[device/event] event=status req=898
[device/event] event=reset req=899
[device/event] event=clocks req=900
[device/event] event=decision req=901
[device/event] event=decision req=901
[device/event] event=decision req=901
[device/event] event=decision req=901
[device/event] event=decision req=901
[device/event] event=decision req=901
[device/event] event=decision req=901
[device/event] event=decision req=901
[device/event] event=decision req=901
[device/event] event=decision req=901
[device/event] event=decision req=901
[device/event] event=decision req=901
[device/event] event=decision req=901
[device/event] event=decision req=901
[device/event] event=decision req=901
[device/event] event=decision req=901
[device/event] event=decision req=901
[device/event] event=decision req=901
[device/event] event=decision req=901
[device/event] event=decision req=901
[device/event] event=decision req=901
[device/event] event=decision req=901
[device/event] event=decision req=901
[device/event] event=decision req=901
[device/event] event=decision req=901
[device/event] event=decision req=901
[device/event] event=decision req=901
[device/event] event=decision req=901
[device/event] event=decision req=901
[device/event] event=decision req=901
[device/event] event=decision req=901
[device/event] event=decision req=901
[device/event] event=decision req=901
[device/event] event=decision req=901
[device/event] event=decision req=901
[device/event] event=decision req=901
[device/event] event=decision req=901
[device/event] event=decision req=901
[device/event] event=decision req=901
[device/event] event=decision req=901
[device/event] event=decision req=901
[device/event] event=decision req=901
[device/event] event=decision req=901
[device/event] event=decision req=901
[device/event] event=decision req=901
[device/event] event=decision req=901
[device/event] event=decision req=901
[device/event] event=decision req=901
[device/event] event=decision req=901
[device/event] event=decision req=901
[device/event] event=decision req=901
[device/event] event=decision req=901
[device/event] event=decision req=901
[device/event] event=decision req=901
[device/event] event=decision req=901
[device/event] event=decision req=901
[device/event] event=decision req=901
[device/event] event=decision req=901
[device/event] event=decision req=901
[device/event] event=decision req=901
[device/event] event=decision req=901
[device/event] event=decision req=901
[device/event] event=decision req=901
[device/event] event=decision req=901
[device/event] event=decision req=901
[device/event] event=decision req=901
[device/event] event=decision req=901
[device/event] event=decision req=901
[device/event] event=decision req=901
[device/event] event=decision req=901
[device/event] event=decision req=901
[device/event] event=decision req=901
[device/event] event=decision req=901
[device/event] event=decision req=901
[device/event] event=run_complete req=901
[device/event] event=freeze req=902
[device/event] event=freeze req=903
[device/event] event=reset req=904
[device/event] event=clocks req=905
[device/event] event=decision req=906
[device/event] event=decision req=906
[device/event] event=decision req=906
[device/event] event=decision req=906
[device/event] event=decision req=906
[device/event] event=decision req=906
[device/event] event=decision req=906
[device/event] event=decision req=906
[device/event] event=decision req=906
[device/event] event=decision req=906
[device/event] event=decision req=906
[device/event] event=decision req=906
[device/event] event=decision req=906
[device/event] event=decision req=906
[device/event] event=decision req=906
[device/event] event=decision req=906
[device/event] event=decision req=906
[device/event] event=decision req=906
[device/event] event=decision req=906
[device/event] event=decision req=906
[device/event] event=decision req=906
[device/event] event=decision req=906
[device/event] event=decision req=906
[device/event] event=decision req=906
[device/event] event=decision req=906
[device/event] event=decision req=906
[device/event] event=decision req=906
[device/event] event=decision req=906
[device/event] event=decision req=906
[device/event] event=decision req=906
[device/event] event=decision req=906
[device/event] event=decision req=906
[device/event] event=decision req=906
[device/event] event=decision req=906
[device/event] event=decision req=906
[device/event] event=decision req=906
[device/event] event=decision req=906
[device/event] event=decision req=906
[device/event] event=decision req=906
[device/event] event=decision req=906
[device/event] event=decision req=906
[device/event] event=decision req=906
[device/event] event=decision req=906
[device/event] event=decision req=906
[device/event] event=decision req=906
[device/event] event=decision req=906
[device/event] event=decision req=906
[device/event] event=decision req=906
[device/event] event=decision req=906
[device/event] event=decision req=906
[device/event] event=decision req=906
[device/event] event=decision req=906
[device/event] event=decision req=906
[device/event] event=decision req=906
[device/event] event=decision req=906
[device/event] event=decision req=906
[device/event] event=decision req=906
[device/event] event=decision req=906
[device/event] event=decision req=906
[device/event] event=decision req=906
[device/event] event=decision req=906
[device/event] event=decision req=906
[device/event] event=decision req=906
[device/event] event=decision req=906
[device/event] event=decision req=906
[device/event] event=decision req=906
[device/event] event=decision req=906
[device/event] event=decision req=906
[device/event] event=decision req=906
[device/event] event=decision req=906
[device/event] event=decision req=906
[device/event] event=decision req=906
[device/event] event=decision req=906
[device/event] event=decision req=906
[device/event] event=run_complete req=906
[device/event] event=reset req=907
[device/event] event=status req=908
[device/event] event=decision req=909
[device/event] event=status req=910
[device/event] event=reset req=911
[device/event] event=clocks req=912
[device/event] event=decision req=913
[device/event] event=decision req=913
[device/event] event=decision req=913
[device/event] event=decision req=913
[device/event] event=decision req=913
[device/event] event=decision req=913
[device/event] event=decision req=913
[device/event] event=decision req=913
[device/event] event=decision req=913
[device/event] event=decision req=913
[device/event] event=decision req=913
[device/event] event=decision req=913
[device/event] event=decision req=913
[device/event] event=decision req=913
[device/event] event=decision req=913
[device/event] event=decision req=913
[device/event] event=decision req=913
[device/event] event=decision req=913
[device/event] event=decision req=913
[device/event] event=decision req=913
[device/event] event=decision req=913
[device/event] event=decision req=913
[device/event] event=decision req=913
[device/event] event=decision req=913
[device/event] event=decision req=913
[device/event] event=decision req=913
[device/event] event=decision req=913
[device/event] event=decision req=913
[device/event] event=decision req=913
[device/event] event=decision req=913
[device/event] event=decision req=913
[device/event] event=decision req=913
[device/event] event=decision req=913
[device/event] event=decision req=913
[device/event] event=decision req=913
[device/event] event=decision req=913
[device/event] event=decision req=913
[device/event] event=decision req=913
[device/event] event=decision req=913
[device/event] event=decision req=913
[device/event] event=decision req=913
[device/event] event=decision req=913
[device/event] event=decision req=913
[device/event] event=decision req=913
[device/event] event=decision req=913
[device/event] event=decision req=913
[device/event] event=decision req=913
[device/event] event=decision req=913
[device/event] event=decision req=913
[device/event] event=decision req=913
[device/event] event=decision req=913
[device/event] event=decision req=913
[device/event] event=decision req=913
[device/event] event=decision req=913
[device/event] event=decision req=913
[device/event] event=decision req=913
[device/event] event=decision req=913
[device/event] event=decision req=913
[device/event] event=decision req=913
[device/event] event=decision req=913
[device/event] event=decision req=913
[device/event] event=decision req=913
[device/event] event=decision req=913
[device/event] event=decision req=913
[device/event] event=decision req=913
[device/event] event=decision req=913
[device/event] event=decision req=913
[device/event] event=decision req=913
[device/event] event=decision req=913
[device/event] event=decision req=913
[device/event] event=decision req=913
[device/event] event=decision req=913
[device/event] event=decision req=913
[device/event] event=decision req=913
[device/event] event=run_complete req=913
[device/event] event=freeze req=914
[device/event] event=freeze req=915
[device/event] event=reset req=916
[device/event] event=clocks req=917
[device/event] event=decision req=918
[device/event] event=decision req=918
[device/event] event=decision req=918
[device/event] event=decision req=918
[device/event] event=decision req=918
[device/event] event=decision req=918
[device/event] event=decision req=918
[device/event] event=decision req=918
[device/event] event=decision req=918
[device/event] event=decision req=918
[device/event] event=decision req=918
[device/event] event=decision req=918
[device/event] event=decision req=918
[device/event] event=decision req=918
[device/event] event=decision req=918
[device/event] event=decision req=918
[device/event] event=run_complete req=918
[device/event] event=reset req=919
[device/event] event=status req=920
[device/event] event=decision req=921
[device/event] event=status req=922
[device/event] event=reset req=923
[device/event] event=clocks req=924
[device/event] event=decision req=925
[device/event] event=decision req=925
[device/event] event=decision req=925
[device/event] event=decision req=925
[device/event] event=decision req=925
[device/event] event=decision req=925
[device/event] event=decision req=925
[device/event] event=decision req=925
[device/event] event=decision req=925
[device/event] event=decision req=925
[device/event] event=decision req=925
[device/event] event=decision req=925
[device/event] event=decision req=925
[device/event] event=decision req=925
[device/event] event=decision req=925
[device/event] event=decision req=925
[device/event] event=run_complete req=925
[device/event] event=freeze req=926
[device/event] event=freeze req=927
[device/event] event=reset req=928
[device/event] event=clocks req=929
[device/event] event=decision req=930
[device/event] event=decision req=930
[device/event] event=decision req=930
[device/event] event=decision req=930
[device/event] event=decision req=930
[device/event] event=decision req=930
[device/event] event=decision req=930
[device/event] event=decision req=930
[device/event] event=decision req=930
[device/event] event=decision req=930
[device/event] event=decision req=930
[device/event] event=decision req=930
[device/event] event=decision req=930
[device/event] event=decision req=930
[device/event] event=decision req=930
[device/event] event=decision req=930
[device/event] event=decision req=930
[device/event] event=decision req=930
[device/event] event=decision req=930
[device/event] event=decision req=930
[device/event] event=decision req=930
[device/event] event=decision req=930
[device/event] event=decision req=930
[device/event] event=decision req=930
[device/event] event=decision req=930
[device/event] event=decision req=930
[device/event] event=decision req=930
[device/event] event=decision req=930
[device/event] event=decision req=930
[device/event] event=decision req=930
[device/event] event=decision req=930
[device/event] event=decision req=930
[device/event] event=decision req=930
[device/event] event=decision req=930
[device/event] event=decision req=930
[device/event] event=decision req=930
[device/event] event=decision req=930
[device/event] event=decision req=930
[device/event] event=decision req=930
[device/event] event=decision req=930
[device/event] event=decision req=930
[device/event] event=decision req=930
[device/event] event=decision req=930
[device/event] event=decision req=930
[device/event] event=decision req=930
[device/event] event=decision req=930
[device/event] event=decision req=930
[device/event] event=decision req=930
[device/event] event=decision req=930
[device/event] event=decision req=930
[device/event] event=decision req=930
[device/event] event=decision req=930
[device/event] event=decision req=930
[device/event] event=decision req=930
[device/event] event=decision req=930
[device/event] event=decision req=930
[device/event] event=decision req=930
[device/event] event=decision req=930
[device/event] event=decision req=930
[device/event] event=decision req=930
[device/event] event=decision req=930
[device/event] event=decision req=930
[device/event] event=decision req=930
[device/event] event=decision req=930
[device/event] event=decision req=930
[device/event] event=decision req=930
[device/event] event=decision req=930
[device/event] event=decision req=930
[device/event] event=decision req=930
[device/event] event=decision req=930
[device/event] event=decision req=930
[device/event] event=decision req=930
[device/event] event=decision req=930
[device/event] event=decision req=930
[device/event] event=decision req=930
[device/event] event=decision req=930
[device/event] event=decision req=930
[device/event] event=decision req=930
[device/event] event=decision req=930
[device/event] event=decision req=930
[device/event] event=decision req=930
[device/event] event=decision req=930
[device/event] event=decision req=930
[device/event] event=decision req=930
[device/event] event=decision req=930
[device/event] event=decision req=930
[device/event] event=decision req=930
[device/event] event=decision req=930
[device/event] event=decision req=930
[device/event] event=decision req=930
[device/event] event=decision req=930
[device/event] event=decision req=930
[device/event] event=decision req=930
[device/event] event=decision req=930
[device/event] event=run_complete req=930
[device/event] event=reset req=931
[device/event] event=status req=932
[device/event] event=decision req=933
[device/event] event=status req=934
[device/event] event=reset req=935
[device/event] event=clocks req=936
[device/event] event=decision req=937
[device/event] event=decision req=937
[device/event] event=decision req=937
[device/event] event=decision req=937
[device/event] event=decision req=937
[device/event] event=decision req=937
[device/event] event=decision req=937
[device/event] event=decision req=937
[device/event] event=decision req=937
[device/event] event=decision req=937
[device/event] event=decision req=937
[device/event] event=decision req=937
[device/event] event=decision req=937
[device/event] event=decision req=937
[device/event] event=decision req=937
[device/event] event=decision req=937
[device/event] event=decision req=937
[device/event] event=decision req=937
[device/event] event=decision req=937
[device/event] event=decision req=937
[device/event] event=decision req=937
[device/event] event=decision req=937
[device/event] event=decision req=937
[device/event] event=decision req=937
[device/event] event=decision req=937
[device/event] event=decision req=937
[device/event] event=decision req=937
[device/event] event=decision req=937
[device/event] event=decision req=937
[device/event] event=decision req=937
[device/event] event=decision req=937
[device/event] event=decision req=937
[device/event] event=decision req=937
[device/event] event=decision req=937
[device/event] event=decision req=937
[device/event] event=decision req=937
[device/event] event=decision req=937
[device/event] event=decision req=937
[device/event] event=decision req=937
[device/event] event=decision req=937
[device/event] event=decision req=937
[device/event] event=decision req=937
[device/event] event=decision req=937
[device/event] event=decision req=937
[device/event] event=decision req=937
[device/event] event=decision req=937
[device/event] event=decision req=937
[device/event] event=decision req=937
[device/event] event=decision req=937
[device/event] event=decision req=937
[device/event] event=decision req=937
[device/event] event=decision req=937
[device/event] event=decision req=937
[device/event] event=decision req=937
[device/event] event=decision req=937
[device/event] event=decision req=937
[device/event] event=decision req=937
[device/event] event=decision req=937
[device/event] event=decision req=937
[device/event] event=decision req=937
[device/event] event=decision req=937
[device/event] event=decision req=937
[device/event] event=decision req=937
[device/event] event=decision req=937
[device/event] event=decision req=937
[device/event] event=decision req=937
[device/event] event=decision req=937
[device/event] event=decision req=937
[device/event] event=decision req=937
[device/event] event=decision req=937
[device/event] event=decision req=937
[device/event] event=decision req=937
[device/event] event=decision req=937
[device/event] event=decision req=937
[device/event] event=decision req=937
[device/event] event=decision req=937
[device/event] event=decision req=937
[device/event] event=decision req=937
[device/event] event=decision req=937
[device/event] event=decision req=937
[device/event] event=decision req=937
[device/event] event=decision req=937
[device/event] event=decision req=937
[device/event] event=decision req=937
[device/event] event=decision req=937
[device/event] event=decision req=937
[device/event] event=decision req=937
[device/event] event=decision req=937
[device/event] event=decision req=937
[device/event] event=decision req=937
[device/event] event=decision req=937
[device/event] event=decision req=937
[device/event] event=decision req=937
[device/event] event=decision req=937
[device/event] event=run_complete req=937
[device/event] event=freeze req=938
[device/event] event=freeze req=939
[device/event] event=reset req=940
[device/event] event=clocks req=941
[device/event] event=decision req=942
[device/event] event=decision req=942
[device/event] event=decision req=942
[device/event] event=decision req=942
[device/event] event=decision req=942
[device/event] event=decision req=942
[device/event] event=decision req=942
[device/event] event=decision req=942
[device/event] event=decision req=942
[device/event] event=decision req=942
[device/event] event=decision req=942
[device/event] event=decision req=942
[device/event] event=decision req=942
[device/event] event=decision req=942
[device/event] event=decision req=942
[device/event] event=decision req=942
[device/event] event=decision req=942
[device/event] event=decision req=942
[device/event] event=decision req=942
[device/event] event=decision req=942
[device/event] event=decision req=942
[device/event] event=decision req=942
[device/event] event=decision req=942
[device/event] event=decision req=942
[device/event] event=decision req=942
[device/event] event=decision req=942
[device/event] event=decision req=942
[device/event] event=decision req=942
[device/event] event=decision req=942
[device/event] event=decision req=942
[device/event] event=decision req=942
[device/event] event=decision req=942
[device/event] event=decision req=942
[device/event] event=decision req=942
[device/event] event=decision req=942
[device/event] event=decision req=942
[device/event] event=decision req=942
[device/event] event=decision req=942
[device/event] event=decision req=942
[device/event] event=decision req=942
[device/event] event=decision req=942
[device/event] event=decision req=942
[device/event] event=decision req=942
[device/event] event=decision req=942
[device/event] event=decision req=942
[device/event] event=decision req=942
[device/event] event=decision req=942
[device/event] event=decision req=942
[device/event] event=decision req=942
[device/event] event=decision req=942
[device/event] event=decision req=942
[device/event] event=decision req=942
[device/event] event=decision req=942
[device/event] event=decision req=942
[device/event] event=decision req=942
[device/event] event=decision req=942
[device/event] event=decision req=942
[device/event] event=decision req=942
[device/event] event=decision req=942
[device/event] event=decision req=942
[device/event] event=decision req=942
[device/event] event=decision req=942
[device/event] event=decision req=942
[device/event] event=decision req=942
[device/event] event=decision req=942
[device/event] event=decision req=942
[device/event] event=decision req=942
[device/event] event=decision req=942
[device/event] event=decision req=942
[device/event] event=decision req=942
[device/event] event=decision req=942
[device/event] event=decision req=942
[device/event] event=decision req=942
[device/event] event=decision req=942
[device/event] event=decision req=942
[device/event] event=decision req=942
[device/event] event=decision req=942
[device/event] event=decision req=942
[device/event] event=decision req=942
[device/event] event=decision req=942
[device/event] event=decision req=942
[device/event] event=decision req=942
[device/event] event=decision req=942
[device/event] event=decision req=942
[device/event] event=decision req=942
[device/event] event=decision req=942
[device/event] event=decision req=942
[device/event] event=decision req=942
[device/event] event=decision req=942
[device/event] event=decision req=942
[device/event] event=decision req=942
[device/event] event=decision req=942
[device/event] event=decision req=942
[device/event] event=decision req=942
[device/event] event=run_complete req=942
[device/event] event=reset req=943
[device/event] event=status req=944
[device/event] event=decision req=945
[device/event] event=status req=946
[device/event] event=reset req=947
[device/event] event=clocks req=948
[device/event] event=decision req=949
[device/event] event=decision req=949
[device/event] event=decision req=949
[device/event] event=decision req=949
[device/event] event=decision req=949
[device/event] event=decision req=949
[device/event] event=decision req=949
[device/event] event=decision req=949
[device/event] event=decision req=949
[device/event] event=decision req=949
[device/event] event=decision req=949
[device/event] event=decision req=949
[device/event] event=decision req=949
[device/event] event=decision req=949
[device/event] event=decision req=949
[device/event] event=decision req=949
[device/event] event=decision req=949
[device/event] event=decision req=949
[device/event] event=decision req=949
[device/event] event=decision req=949
[device/event] event=decision req=949
[device/event] event=decision req=949
[device/event] event=decision req=949
[device/event] event=decision req=949
[device/event] event=decision req=949
[device/event] event=decision req=949
[device/event] event=decision req=949
[device/event] event=decision req=949
[device/event] event=decision req=949
[device/event] event=decision req=949
[device/event] event=decision req=949
[device/event] event=decision req=949
[device/event] event=decision req=949
[device/event] event=decision req=949
[device/event] event=decision req=949
[device/event] event=decision req=949
[device/event] event=decision req=949
[device/event] event=decision req=949
[device/event] event=decision req=949
[device/event] event=decision req=949
[device/event] event=decision req=949
[device/event] event=decision req=949
[device/event] event=decision req=949
[device/event] event=decision req=949
[device/event] event=decision req=949
[device/event] event=decision req=949
[device/event] event=decision req=949
[device/event] event=decision req=949
[device/event] event=decision req=949
[device/event] event=decision req=949
[device/event] event=decision req=949
[device/event] event=decision req=949
[device/event] event=decision req=949
[device/event] event=decision req=949
[device/event] event=decision req=949
[device/event] event=decision req=949
[device/event] event=decision req=949
[device/event] event=decision req=949
[device/event] event=decision req=949
[device/event] event=decision req=949
[device/event] event=decision req=949
[device/event] event=decision req=949
[device/event] event=decision req=949
[device/event] event=decision req=949
[device/event] event=decision req=949
[device/event] event=decision req=949
[device/event] event=decision req=949
[device/event] event=decision req=949
[device/event] event=decision req=949
[device/event] event=decision req=949
[device/event] event=decision req=949
[device/event] event=decision req=949
[device/event] event=decision req=949
[device/event] event=decision req=949
[device/event] event=decision req=949
[device/event] event=decision req=949
[device/event] event=decision req=949
[device/event] event=decision req=949
[device/event] event=decision req=949
[device/event] event=decision req=949
[device/event] event=decision req=949
[device/event] event=decision req=949
[device/event] event=decision req=949
[device/event] event=decision req=949
[device/event] event=decision req=949
[device/event] event=decision req=949
[device/event] event=decision req=949
[device/event] event=decision req=949
[device/event] event=decision req=949
[device/event] event=decision req=949
[device/event] event=decision req=949
[device/event] event=decision req=949
[device/event] event=decision req=949
[device/event] event=decision req=949
[device/event] event=run_complete req=949
[device/event] event=freeze req=950
[device/event] event=freeze req=951
[device/event] event=reset req=952
[device/event] event=clocks req=953
[device/event] event=decision req=954
[device/event] event=decision req=954
[device/event] event=decision req=954
[device/event] event=decision req=954
[device/event] event=decision req=954
[device/event] event=decision req=954
[device/event] event=decision req=954
[device/event] event=decision req=954
[device/event] event=decision req=954
[device/event] event=decision req=954
[device/event] event=decision req=954
[device/event] event=decision req=954
[device/event] event=decision req=954
[device/event] event=decision req=954
[device/event] event=decision req=954
[device/event] event=decision req=954
[device/event] event=decision req=954
[device/event] event=decision req=954
[device/event] event=decision req=954
[device/event] event=decision req=954
[device/event] event=decision req=954
[device/event] event=decision req=954
[device/event] event=decision req=954
[device/event] event=decision req=954
[device/event] event=decision req=954
[device/event] event=decision req=954
[device/event] event=decision req=954
[device/event] event=decision req=954
[device/event] event=decision req=954
[device/event] event=decision req=954
[device/event] event=decision req=954
[device/event] event=decision req=954
[device/event] event=decision req=954
[device/event] event=decision req=954
[device/event] event=decision req=954
[device/event] event=decision req=954
[device/event] event=decision req=954
[device/event] event=decision req=954
[device/event] event=decision req=954
[device/event] event=decision req=954
[device/event] event=decision req=954
[device/event] event=decision req=954
[device/event] event=decision req=954
[device/event] event=decision req=954
[device/event] event=decision req=954
[device/event] event=decision req=954
[device/event] event=decision req=954
[device/event] event=decision req=954
[device/event] event=decision req=954
[device/event] event=decision req=954
[device/event] event=decision req=954
[device/event] event=decision req=954
[device/event] event=decision req=954
[device/event] event=decision req=954
[device/event] event=decision req=954
[device/event] event=decision req=954
[device/event] event=decision req=954
[device/event] event=decision req=954
[device/event] event=decision req=954
[device/event] event=decision req=954
[device/event] event=decision req=954
[device/event] event=decision req=954
[device/event] event=decision req=954
[device/event] event=decision req=954
[device/event] event=decision req=954
[device/event] event=decision req=954
[device/event] event=decision req=954
[device/event] event=decision req=954
[device/event] event=decision req=954
[device/event] event=decision req=954
[device/event] event=decision req=954
[device/event] event=decision req=954
[device/event] event=decision req=954
[device/event] event=decision req=954
[device/event] event=decision req=954
[device/event] event=decision req=954
[device/event] event=decision req=954
[device/event] event=decision req=954
[device/event] event=decision req=954
[device/event] event=decision req=954
[device/event] event=decision req=954
[device/event] event=decision req=954
[device/event] event=decision req=954
[device/event] event=decision req=954
[device/event] event=decision req=954
[device/event] event=decision req=954
[device/event] event=decision req=954
[device/event] event=decision req=954
[device/event] event=decision req=954
[device/event] event=decision req=954
[device/event] event=decision req=954
[device/event] event=decision req=954
[device/event] event=decision req=954
[device/event] event=decision req=954
[device/event] event=decision req=954
[device/event] event=decision req=954
[device/event] event=decision req=954
[device/event] event=decision req=954
[device/event] event=decision req=954
[device/event] event=decision req=954
[device/event] event=decision req=954
[device/event] event=decision req=954
[device/event] event=decision req=954
[device/event] event=decision req=954
[device/event] event=decision req=954
[device/event] event=decision req=954
[device/event] event=decision req=954
[device/event] event=decision req=954
[device/event] event=decision req=954
[device/event] event=decision req=954
[device/event] event=decision req=954
[device/event] event=decision req=954
[device/event] event=decision req=954
[device/event] event=decision req=954
[device/event] event=decision req=954
[device/event] event=decision req=954
[device/event] event=decision req=954
[device/event] event=decision req=954
[device/event] event=decision req=954
[device/event] event=decision req=954
[device/event] event=decision req=954
[device/event] event=decision req=954
[device/event] event=decision req=954
[device/event] event=decision req=954
[device/event] event=decision req=954
[device/event] event=decision req=954
[device/event] event=decision req=954
[device/event] event=decision req=954
[device/event] event=decision req=954
[device/event] event=decision req=954
[device/event] event=decision req=954
[device/event] event=decision req=954
[device/event] event=decision req=954
[device/event] event=decision req=954
[device/event] event=decision req=954
[device/event] event=decision req=954
[device/event] event=decision req=954
[device/event] event=decision req=954
[device/event] event=decision req=954
[device/event] event=decision req=954
[device/event] event=decision req=954
[device/event] event=decision req=954
[device/event] event=decision req=954
[device/event] event=decision req=954
[device/event] event=decision req=954
[device/event] event=decision req=954
[device/event] event=decision req=954
[device/event] event=decision req=954
[device/event] event=decision req=954
[device/event] event=decision req=954
[device/event] event=decision req=954
[device/event] event=decision req=954
[device/event] event=decision req=954
[device/event] event=decision req=954
[device/event] event=decision req=954
[device/event] event=decision req=954
[device/event] event=decision req=954
[device/event] event=decision req=954
[device/event] event=decision req=954
[device/event] event=decision req=954
[device/event] event=run_complete req=954
[device/event] event=reset req=955
[device/event] event=status req=956
[device/event] event=decision req=957
[device/event] event=status req=958
[device/event] event=reset req=959
[device/event] event=clocks req=960
[device/event] event=decision req=961
[device/event] event=decision req=961
[device/event] event=decision req=961
[device/event] event=decision req=961
[device/event] event=decision req=961
[device/event] event=decision req=961
[device/event] event=decision req=961
[device/event] event=decision req=961
[device/event] event=decision req=961
[device/event] event=decision req=961
[device/event] event=decision req=961
[device/event] event=decision req=961
[device/event] event=decision req=961
[device/event] event=decision req=961
[device/event] event=decision req=961
[device/event] event=decision req=961
[device/event] event=decision req=961
[device/event] event=decision req=961
[device/event] event=decision req=961
[device/event] event=decision req=961
[device/event] event=decision req=961
[device/event] event=decision req=961
[device/event] event=decision req=961
[device/event] event=decision req=961
[device/event] event=decision req=961
[device/event] event=decision req=961
[device/event] event=decision req=961
[device/event] event=decision req=961
[device/event] event=decision req=961
[device/event] event=decision req=961
[device/event] event=decision req=961
[device/event] event=decision req=961
[device/event] event=decision req=961
[device/event] event=decision req=961
[device/event] event=decision req=961
[device/event] event=decision req=961
[device/event] event=decision req=961
[device/event] event=decision req=961
[device/event] event=decision req=961
[device/event] event=decision req=961
[device/event] event=decision req=961
[device/event] event=decision req=961
[device/event] event=decision req=961
[device/event] event=decision req=961
[device/event] event=decision req=961
[device/event] event=decision req=961
[device/event] event=decision req=961
[device/event] event=decision req=961
[device/event] event=decision req=961
[device/event] event=decision req=961
[device/event] event=decision req=961
[device/event] event=decision req=961
[device/event] event=decision req=961
[device/event] event=decision req=961
[device/event] event=decision req=961
[device/event] event=decision req=961
[device/event] event=decision req=961
[device/event] event=decision req=961
[device/event] event=decision req=961
[device/event] event=decision req=961
[device/event] event=decision req=961
[device/event] event=decision req=961
[device/event] event=decision req=961
[device/event] event=decision req=961
[device/event] event=decision req=961
[device/event] event=decision req=961
[device/event] event=decision req=961
[device/event] event=decision req=961
[device/event] event=decision req=961
[device/event] event=decision req=961
[device/event] event=decision req=961
[device/event] event=decision req=961
[device/event] event=decision req=961
[device/event] event=decision req=961
[device/event] event=decision req=961
[device/event] event=decision req=961
[device/event] event=decision req=961
[device/event] event=decision req=961
[device/event] event=decision req=961
[device/event] event=decision req=961
[device/event] event=decision req=961
[device/event] event=decision req=961
[device/event] event=decision req=961
[device/event] event=decision req=961
[device/event] event=decision req=961
[device/event] event=decision req=961
[device/event] event=decision req=961
[device/event] event=decision req=961
[device/event] event=decision req=961
[device/event] event=decision req=961
[device/event] event=decision req=961
[device/event] event=decision req=961
[device/event] event=decision req=961
[device/event] event=decision req=961
[device/event] event=decision req=961
[device/event] event=decision req=961
[device/event] event=decision req=961
[device/event] event=decision req=961
[device/event] event=decision req=961
[device/event] event=decision req=961
[device/event] event=decision req=961
[device/event] event=decision req=961
[device/event] event=decision req=961
[device/event] event=decision req=961
[device/event] event=decision req=961
[device/event] event=decision req=961
[device/event] event=decision req=961
[device/event] event=decision req=961
[device/event] event=decision req=961
[device/event] event=decision req=961
[device/event] event=decision req=961
[device/event] event=decision req=961
[device/event] event=decision req=961
[device/event] event=decision req=961
[device/event] event=decision req=961
[device/event] event=decision req=961
[device/event] event=decision req=961
[device/event] event=decision req=961
[device/event] event=decision req=961
[device/event] event=decision req=961
[device/event] event=decision req=961
[device/event] event=decision req=961
[device/event] event=decision req=961
[device/event] event=decision req=961
[device/event] event=decision req=961
[device/event] event=decision req=961
[device/event] event=decision req=961
[device/event] event=decision req=961
[device/event] event=decision req=961
[device/event] event=decision req=961
[device/event] event=decision req=961
[device/event] event=decision req=961
[device/event] event=decision req=961
[device/event] event=decision req=961
[device/event] event=decision req=961
[device/event] event=decision req=961
[device/event] event=decision req=961
[device/event] event=decision req=961
[device/event] event=decision req=961
[device/event] event=decision req=961
[device/event] event=decision req=961
[device/event] event=decision req=961
[device/event] event=decision req=961
[device/event] event=decision req=961
[device/event] event=decision req=961
[device/event] event=decision req=961
[device/event] event=decision req=961
[device/event] event=decision req=961
[device/event] event=decision req=961
[device/event] event=decision req=961
[device/event] event=decision req=961
[device/event] event=decision req=961
[device/event] event=decision req=961
[device/event] event=decision req=961
[device/event] event=decision req=961
[device/event] event=decision req=961
[device/event] event=decision req=961
[device/event] event=decision req=961
[device/event] event=decision req=961
[device/event] event=decision req=961
[device/event] event=run_complete req=961
[device/event] event=freeze req=962
[device/event] event=freeze req=963
[device/event] event=reset req=964
[device/event] event=clocks req=965
[device/event] event=decision req=966
[device/event] event=decision req=966
[device/event] event=run_complete req=966
[device/event] event=reset req=967
[device/event] event=status req=968
[device/event] event=decision req=969
[device/event] event=status req=970
[device/event] event=reset req=971
[device/event] event=clocks req=972
[device/event] event=decision req=973
[device/event] event=decision req=973
[device/event] event=run_complete req=973
[device/event] event=freeze req=974
[device/event] event=freeze req=975
[device/event] event=reset req=976
[device/event] event=clocks req=977
[device/event] event=decision req=978
[device/event] event=decision req=978
[device/event] event=decision req=978
[device/event] event=decision req=978
[device/event] event=decision req=978
[device/event] event=decision req=978
[device/event] event=decision req=978
[device/event] event=decision req=978
[device/event] event=decision req=978
[device/event] event=decision req=978
[device/event] event=decision req=978
[device/event] event=decision req=978
[device/event] event=decision req=978
[device/event] event=decision req=978
[device/event] event=decision req=978
[device/event] event=decision req=978
[device/event] event=decision req=978
[device/event] event=decision req=978
[device/event] event=decision req=978
[device/event] event=decision req=978
[device/event] event=decision req=978
[device/event] event=decision req=978
[device/event] event=decision req=978
[device/event] event=decision req=978
[device/event] event=decision req=978
[device/event] event=decision req=978
[device/event] event=decision req=978
[device/event] event=decision req=978
[device/event] event=decision req=978
[device/event] event=decision req=978
[device/event] event=decision req=978
[device/event] event=decision req=978
[device/event] event=decision req=978
[device/event] event=decision req=978
[device/event] event=decision req=978
[device/event] event=decision req=978
[device/event] event=decision req=978
[device/event] event=decision req=978
[device/event] event=decision req=978
[device/event] event=decision req=978
[device/event] event=decision req=978
[device/event] event=decision req=978
[device/event] event=decision req=978
[device/event] event=decision req=978
[device/event] event=decision req=978
[device/event] event=decision req=978
[device/event] event=decision req=978
[device/event] event=decision req=978
[device/event] event=decision req=978
[device/event] event=decision req=978
[device/event] event=decision req=978
[device/event] event=decision req=978
[device/event] event=decision req=978
[device/event] event=decision req=978
[device/event] event=decision req=978
[device/event] event=decision req=978
[device/event] event=decision req=978
[device/event] event=decision req=978
[device/event] event=decision req=978
[device/event] event=decision req=978
[device/event] event=decision req=978
[device/event] event=decision req=978
[device/event] event=decision req=978
[device/event] event=decision req=978
[device/event] event=decision req=978
[device/event] event=decision req=978
[device/event] event=decision req=978
[device/event] event=decision req=978
[device/event] event=decision req=978
[device/event] event=decision req=978
[device/event] event=decision req=978
[device/event] event=decision req=978
[device/event] event=decision req=978
[device/event] event=decision req=978
[device/event] event=decision req=978
[device/event] event=decision req=978
[device/event] event=decision req=978
[device/event] event=decision req=978
[device/event] event=decision req=978
[device/event] event=decision req=978
[device/event] event=decision req=978
[device/event] event=decision req=978
[device/event] event=decision req=978
[device/event] event=decision req=978
[device/event] event=decision req=978
[device/event] event=decision req=978
[device/event] event=decision req=978
[device/event] event=decision req=978
[device/event] event=decision req=978
[device/event] event=decision req=978
[device/event] event=decision req=978
[device/event] event=decision req=978
[device/event] event=decision req=978
[device/event] event=decision req=978
[device/event] event=decision req=978
[device/event] event=decision req=978
[device/event] event=decision req=978
[device/event] event=decision req=978
[device/event] event=decision req=978
[device/event] event=decision req=978
[device/event] event=decision req=978
[device/event] event=decision req=978
[device/event] event=decision req=978
[device/event] event=decision req=978
[device/event] event=run_complete req=978
[device/event] event=reset req=979
[device/event] event=status req=980
[device/event] event=decision req=981
[device/event] event=status req=982
[device/event] event=reset req=983
[device/event] event=clocks req=984
[device/event] event=decision req=985
[device/event] event=decision req=985
[device/event] event=decision req=985
[device/event] event=decision req=985
[device/event] event=decision req=985
[device/event] event=decision req=985
[device/event] event=decision req=985
[device/event] event=decision req=985
[device/event] event=decision req=985
[device/event] event=decision req=985
[device/event] event=decision req=985
[device/event] event=decision req=985
[device/event] event=decision req=985
[device/event] event=decision req=985
[device/event] event=decision req=985
[device/event] event=decision req=985
[device/event] event=decision req=985
[device/event] event=decision req=985
[device/event] event=decision req=985
[device/event] event=decision req=985
[device/event] event=decision req=985
[device/event] event=decision req=985
[device/event] event=decision req=985
[device/event] event=decision req=985
[device/event] event=decision req=985
[device/event] event=decision req=985
[device/event] event=decision req=985
[device/event] event=decision req=985
[device/event] event=decision req=985
[device/event] event=decision req=985
[device/event] event=decision req=985
[device/event] event=decision req=985
[device/event] event=decision req=985
[device/event] event=decision req=985
[device/event] event=decision req=985
[device/event] event=decision req=985
[device/event] event=decision req=985
[device/event] event=decision req=985
[device/event] event=decision req=985
[device/event] event=decision req=985
[device/event] event=decision req=985
[device/event] event=decision req=985
[device/event] event=decision req=985
[device/event] event=decision req=985
[device/event] event=decision req=985
[device/event] event=decision req=985
[device/event] event=decision req=985
[device/event] event=decision req=985
[device/event] event=decision req=985
[device/event] event=decision req=985
[device/event] event=decision req=985
[device/event] event=decision req=985
[device/event] event=decision req=985
[device/event] event=decision req=985
[device/event] event=decision req=985
[device/event] event=decision req=985
[device/event] event=decision req=985
[device/event] event=decision req=985
[device/event] event=decision req=985
[device/event] event=decision req=985
[device/event] event=decision req=985
[device/event] event=decision req=985
[device/event] event=decision req=985
[device/event] event=decision req=985
[device/event] event=decision req=985
[device/event] event=decision req=985
[device/event] event=decision req=985
[device/event] event=decision req=985
[device/event] event=decision req=985
[device/event] event=decision req=985
[device/event] event=decision req=985
[device/event] event=decision req=985
[device/event] event=decision req=985
[device/event] event=decision req=985
[device/event] event=decision req=985
[device/event] event=decision req=985
[device/event] event=decision req=985
[device/event] event=decision req=985
[device/event] event=decision req=985
[device/event] event=decision req=985
[device/event] event=decision req=985
[device/event] event=decision req=985
[device/event] event=decision req=985
[device/event] event=decision req=985
[device/event] event=decision req=985
[device/event] event=decision req=985
[device/event] event=decision req=985
[device/event] event=decision req=985
[device/event] event=decision req=985
[device/event] event=decision req=985
[device/event] event=decision req=985
[device/event] event=decision req=985
[device/event] event=decision req=985
[device/event] event=decision req=985
[device/event] event=decision req=985
[device/event] event=decision req=985
[device/event] event=decision req=985
[device/event] event=decision req=985
[device/event] event=decision req=985
[device/event] event=decision req=985
[device/event] event=decision req=985
[device/event] event=decision req=985
[device/event] event=decision req=985
[device/event] event=decision req=985
[device/event] event=run_complete req=985
[device/event] event=freeze req=986
[device/event] event=freeze req=987
[device/event] event=reset req=988
[device/event] event=clocks req=989
[device/event] event=decision req=990
[device/event] event=decision req=990
[device/event] event=decision req=990
[device/event] event=decision req=990
[device/event] event=decision req=990
[device/event] event=decision req=990
[device/event] event=decision req=990
[device/event] event=decision req=990
[device/event] event=decision req=990
[device/event] event=decision req=990
[device/event] event=decision req=990
[device/event] event=decision req=990
[device/event] event=decision req=990
[device/event] event=decision req=990
[device/event] event=decision req=990
[device/event] event=decision req=990
[device/event] event=decision req=990
[device/event] event=decision req=990
[device/event] event=decision req=990
[device/event] event=decision req=990
[device/event] event=decision req=990
[device/event] event=decision req=990
[device/event] event=decision req=990
[device/event] event=decision req=990
[device/event] event=decision req=990
[device/event] event=decision req=990
[device/event] event=decision req=990
[device/event] event=decision req=990
[device/event] event=decision req=990
[device/event] event=decision req=990
[device/event] event=decision req=990
[device/event] event=decision req=990
[device/event] event=decision req=990
[device/event] event=decision req=990
[device/event] event=decision req=990
[device/event] event=decision req=990
[device/event] event=decision req=990
[device/event] event=decision req=990
[device/event] event=decision req=990
[device/event] event=decision req=990
[device/event] event=decision req=990
[device/event] event=decision req=990
[device/event] event=decision req=990
[device/event] event=decision req=990
[device/event] event=decision req=990
[device/event] event=decision req=990
[device/event] event=decision req=990
[device/event] event=decision req=990
[device/event] event=decision req=990
[device/event] event=decision req=990
[device/event] event=decision req=990
[device/event] event=decision req=990
[device/event] event=decision req=990
[device/event] event=decision req=990
[device/event] event=decision req=990
[device/event] event=decision req=990
[device/event] event=decision req=990
[device/event] event=decision req=990
[device/event] event=decision req=990
[device/event] event=decision req=990
[device/event] event=decision req=990
[device/event] event=decision req=990
[device/event] event=decision req=990
[device/event] event=decision req=990
[device/event] event=decision req=990
[device/event] event=decision req=990
[device/event] event=decision req=990
[device/event] event=decision req=990
[device/event] event=decision req=990
[device/event] event=decision req=990
[device/event] event=decision req=990
[device/event] event=decision req=990
[device/event] event=decision req=990
[device/event] event=decision req=990
[device/event] event=decision req=990
[device/event] event=decision req=990
[device/event] event=decision req=990
[device/event] event=decision req=990
[device/event] event=decision req=990
[device/event] event=decision req=990
[device/event] event=decision req=990
[device/event] event=decision req=990
[device/event] event=decision req=990
[device/event] event=decision req=990
[device/event] event=decision req=990
[device/event] event=decision req=990
[device/event] event=decision req=990
[device/event] event=decision req=990
[device/event] event=decision req=990
[device/event] event=decision req=990
[device/event] event=decision req=990
[device/event] event=decision req=990
[device/event] event=decision req=990
[device/event] event=decision req=990
[device/event] event=decision req=990
[device/event] event=decision req=990
[device/event] event=decision req=990
[device/event] event=decision req=990
[device/event] event=decision req=990
[device/event] event=decision req=990
[device/event] event=decision req=990
[device/event] event=decision req=990
[device/event] event=decision req=990
[device/event] event=decision req=990
[device/event] event=decision req=990
[device/event] event=decision req=990
[device/event] event=decision req=990
[device/event] event=decision req=990
[device/event] event=decision req=990
[device/event] event=decision req=990
[device/event] event=decision req=990
[device/event] event=decision req=990
[device/event] event=decision req=990
[device/event] event=decision req=990
[device/event] event=decision req=990
[device/event] event=decision req=990
[device/event] event=decision req=990
[device/event] event=decision req=990
[device/event] event=decision req=990
[device/event] event=decision req=990
[device/event] event=decision req=990
[device/event] event=decision req=990
[device/event] event=decision req=990
[device/event] event=decision req=990
[device/event] event=decision req=990
[device/event] event=decision req=990
[device/event] event=decision req=990
[device/event] event=decision req=990
[device/event] event=decision req=990
[device/event] event=decision req=990
[device/event] event=decision req=990
[device/event] event=decision req=990
[device/event] event=decision req=990
[device/event] event=decision req=990
[device/event] event=decision req=990
[device/event] event=decision req=990
[device/event] event=decision req=990
[device/event] event=decision req=990
[device/event] event=decision req=990
[device/event] event=decision req=990
[device/event] event=decision req=990
[device/event] event=decision req=990
[device/event] event=decision req=990
[device/event] event=decision req=990
[device/event] event=decision req=990
[device/event] event=decision req=990
[device/event] event=decision req=990
[device/event] event=decision req=990
[device/event] event=decision req=990
[device/event] event=decision req=990
[device/event] event=decision req=990
[device/event] event=decision req=990
[device/event] event=decision req=990
[device/event] event=decision req=990
[device/event] event=run_complete req=990
[device/event] event=reset req=991
[device/event] event=status req=992
[device/event] event=decision req=993
[device/event] event=status req=994
[device/event] event=reset req=995
[device/event] event=clocks req=996
[device/event] event=decision req=997
[device/event] event=decision req=997
[device/event] event=decision req=997
[device/event] event=decision req=997
[device/event] event=decision req=997
[device/event] event=decision req=997
[device/event] event=decision req=997
[device/event] event=decision req=997
[device/event] event=decision req=997
[device/event] event=decision req=997
[device/event] event=decision req=997
[device/event] event=decision req=997
[device/event] event=decision req=997
[device/event] event=decision req=997
[device/event] event=decision req=997
[device/event] event=decision req=997
[device/event] event=decision req=997
[device/event] event=decision req=997
[device/event] event=decision req=997
[device/event] event=decision req=997
[device/event] event=decision req=997
[device/event] event=decision req=997
[device/event] event=decision req=997
[device/event] event=decision req=997
[device/event] event=decision req=997
[device/event] event=decision req=997
[device/event] event=decision req=997
[device/event] event=decision req=997
[device/event] event=decision req=997
[device/event] event=decision req=997
[device/event] event=decision req=997
[device/event] event=decision req=997
[device/event] event=decision req=997
[device/event] event=decision req=997
[device/event] event=decision req=997
[device/event] event=decision req=997
[device/event] event=decision req=997
[device/event] event=decision req=997
[device/event] event=decision req=997
[device/event] event=decision req=997
[device/event] event=decision req=997
[device/event] event=decision req=997
[device/event] event=decision req=997
[device/event] event=decision req=997
[device/event] event=decision req=997
[device/event] event=decision req=997
[device/event] event=decision req=997
[device/event] event=decision req=997
[device/event] event=decision req=997
[device/event] event=decision req=997
[device/event] event=decision req=997
[device/event] event=decision req=997
[device/event] event=decision req=997
[device/event] event=decision req=997
[device/event] event=decision req=997
[device/event] event=decision req=997
[device/event] event=decision req=997
[device/event] event=decision req=997
[device/event] event=decision req=997
[device/event] event=decision req=997
[device/event] event=decision req=997
[device/event] event=decision req=997
[device/event] event=decision req=997
[device/event] event=decision req=997
[device/event] event=decision req=997
[device/event] event=decision req=997
[device/event] event=decision req=997
[device/event] event=decision req=997
[device/event] event=decision req=997
[device/event] event=decision req=997
[device/event] event=decision req=997
[device/event] event=decision req=997
[device/event] event=decision req=997
[device/event] event=decision req=997
[device/event] event=decision req=997
[device/event] event=decision req=997
[device/event] event=decision req=997
[device/event] event=decision req=997
[device/event] event=decision req=997
[device/event] event=decision req=997
[device/event] event=decision req=997
[device/event] event=decision req=997
[device/event] event=decision req=997
[device/event] event=decision req=997
[device/event] event=decision req=997
[device/event] event=decision req=997
[device/event] event=decision req=997
[device/event] event=decision req=997
[device/event] event=decision req=997
[device/event] event=decision req=997
[device/event] event=decision req=997
[device/event] event=decision req=997
[device/event] event=decision req=997
[device/event] event=decision req=997
[device/event] event=decision req=997
[device/event] event=decision req=997
[device/event] event=decision req=997
[device/event] event=decision req=997
[device/event] event=decision req=997
[device/event] event=decision req=997
[device/event] event=decision req=997
[device/event] event=decision req=997
[device/event] event=decision req=997
[device/event] event=decision req=997
[device/event] event=decision req=997
[device/event] event=decision req=997
[device/event] event=decision req=997
[device/event] event=decision req=997
[device/event] event=decision req=997
[device/event] event=decision req=997
[device/event] event=decision req=997
[device/event] event=decision req=997
[device/event] event=decision req=997
[device/event] event=decision req=997
[device/event] event=decision req=997
[device/event] event=decision req=997
[device/event] event=decision req=997
[device/event] event=decision req=997
[device/event] event=decision req=997
[device/event] event=decision req=997
[device/event] event=decision req=997
[device/event] event=decision req=997
[device/event] event=decision req=997
[device/event] event=decision req=997
[device/event] event=decision req=997
[device/event] event=decision req=997
[device/event] event=decision req=997
[device/event] event=decision req=997
[device/event] event=decision req=997
[device/event] event=decision req=997
[device/event] event=decision req=997
[device/event] event=decision req=997
[device/event] event=decision req=997
[device/event] event=decision req=997
[device/event] event=decision req=997
[device/event] event=decision req=997
[device/event] event=decision req=997
[device/event] event=decision req=997
[device/event] event=decision req=997
[device/event] event=decision req=997
[device/event] event=decision req=997
[device/event] event=decision req=997
[device/event] event=decision req=997
[device/event] event=decision req=997
[device/event] event=decision req=997
[device/event] event=decision req=997
[device/event] event=decision req=997
[device/event] event=decision req=997
[device/event] event=decision req=997
[device/event] event=decision req=997
[device/event] event=decision req=997
[device/event] event=decision req=997
[device/event] event=decision req=997
[device/event] event=decision req=997
[device/event] event=run_complete req=997
[device/event] event=freeze req=998
[device/event] event=freeze req=999
[device/event] event=reset req=1000
[device/event] event=clocks req=1001
[device/event] event=decision req=1002
[device/event] event=decision req=1002
[device/event] event=decision req=1002
[device/event] event=decision req=1002
[device/event] event=decision req=1002
[device/event] event=decision req=1002
[device/event] event=decision req=1002
[device/event] event=decision req=1002
[device/event] event=decision req=1002
[device/event] event=decision req=1002
[device/event] event=decision req=1002
[device/event] event=decision req=1002
[device/event] event=decision req=1002
[device/event] event=decision req=1002
[device/event] event=decision req=1002
[device/event] event=decision req=1002
[device/event] event=decision req=1002
[device/event] event=decision req=1002
[device/event] event=decision req=1002
[device/event] event=decision req=1002
[device/event] event=decision req=1002
[device/event] event=decision req=1002
[device/event] event=decision req=1002
[device/event] event=decision req=1002
[device/event] event=decision req=1002
[device/event] event=decision req=1002
[device/event] event=decision req=1002
[device/event] event=decision req=1002
[device/event] event=decision req=1002
[device/event] event=decision req=1002
[device/event] event=run_complete req=1002
[device/event] event=reset req=1003
[device/event] event=status req=1004
[device/event] event=decision req=1005
[device/event] event=status req=1006
[device/event] event=reset req=1007
[device/event] event=clocks req=1008
[device/event] event=decision req=1009
[device/event] event=decision req=1009
[device/event] event=decision req=1009
[device/event] event=decision req=1009
[device/event] event=decision req=1009
[device/event] event=decision req=1009
[device/event] event=decision req=1009
[device/event] event=decision req=1009
[device/event] event=decision req=1009
[device/event] event=decision req=1009
[device/event] event=decision req=1009
[device/event] event=decision req=1009
[device/event] event=decision req=1009
[device/event] event=decision req=1009
[device/event] event=decision req=1009
[device/event] event=decision req=1009
[device/event] event=decision req=1009
[device/event] event=decision req=1009
[device/event] event=decision req=1009
[device/event] event=decision req=1009
[device/event] event=decision req=1009
[device/event] event=decision req=1009
[device/event] event=decision req=1009
[device/event] event=decision req=1009
[device/event] event=decision req=1009
[device/event] event=decision req=1009
[device/event] event=decision req=1009
[device/event] event=decision req=1009
[device/event] event=decision req=1009
[device/event] event=decision req=1009
[device/event] event=run_complete req=1009
[device/event] event=freeze req=1010
[device/event] event=freeze req=1011
[device/event] event=reset req=1012
[device/event] event=clocks req=1013
[device/event] event=decision req=1014
[device/event] event=decision req=1014
[device/event] event=decision req=1014
[device/event] event=decision req=1014
[device/event] event=decision req=1014
[device/event] event=decision req=1014
[device/event] event=decision req=1014
[device/event] event=decision req=1014
[device/event] event=decision req=1014
[device/event] event=decision req=1014
[device/event] event=decision req=1014
[device/event] event=decision req=1014
[device/event] event=decision req=1014
[device/event] event=decision req=1014
[device/event] event=decision req=1014
[device/event] event=decision req=1014
[device/event] event=decision req=1014
[device/event] event=decision req=1014
[device/event] event=decision req=1014
[device/event] event=decision req=1014
[device/event] event=decision req=1014
[device/event] event=decision req=1014
[device/event] event=decision req=1014
[device/event] event=decision req=1014
[device/event] event=decision req=1014
[device/event] event=decision req=1014
[device/event] event=decision req=1014
[device/event] event=decision req=1014
[device/event] event=decision req=1014
[device/event] event=decision req=1014
[device/event] event=decision req=1014
[device/event] event=decision req=1014
[device/event] event=decision req=1014
[device/event] event=decision req=1014
[device/event] event=decision req=1014
[device/event] event=decision req=1014
[device/event] event=decision req=1014
[device/event] event=decision req=1014
[device/event] event=decision req=1014
[device/event] event=decision req=1014
[device/event] event=decision req=1014
[device/event] event=decision req=1014
[device/event] event=decision req=1014
[device/event] event=decision req=1014
[device/event] event=decision req=1014
[device/event] event=decision req=1014
[device/event] event=decision req=1014
[device/event] event=decision req=1014
[device/event] event=decision req=1014
[device/event] event=decision req=1014
[device/event] event=decision req=1014
[device/event] event=decision req=1014
[device/event] event=decision req=1014
[device/event] event=decision req=1014
[device/event] event=decision req=1014
[device/event] event=decision req=1014
[device/event] event=decision req=1014
[device/event] event=decision req=1014
[device/event] event=decision req=1014
[device/event] event=decision req=1014
[device/event] event=decision req=1014
[device/event] event=decision req=1014
[device/event] event=decision req=1014
[device/event] event=decision req=1014
[device/event] event=decision req=1014
[device/event] event=decision req=1014
[device/event] event=decision req=1014
[device/event] event=decision req=1014
[device/event] event=decision req=1014
[device/event] event=decision req=1014
[device/event] event=decision req=1014
[device/event] event=decision req=1014
[device/event] event=decision req=1014
[device/event] event=decision req=1014
[device/event] event=decision req=1014
[device/event] event=decision req=1014
[device/event] event=decision req=1014
[device/event] event=decision req=1014
[device/event] event=decision req=1014
[device/event] event=decision req=1014
[device/event] event=decision req=1014
[device/event] event=decision req=1014
[device/event] event=decision req=1014
[device/event] event=decision req=1014
[device/event] event=decision req=1014
[device/event] event=decision req=1014
[device/event] event=decision req=1014
[device/event] event=decision req=1014
[device/event] event=decision req=1014
[device/event] event=decision req=1014
[device/event] event=decision req=1014
[device/event] event=decision req=1014
[device/event] event=decision req=1014
[device/event] event=decision req=1014
[device/event] event=decision req=1014
[device/event] event=decision req=1014
[device/event] event=decision req=1014
[device/event] event=decision req=1014
[device/event] event=decision req=1014
[device/event] event=decision req=1014
[device/event] event=decision req=1014
[device/event] event=decision req=1014
[device/event] event=decision req=1014
[device/event] event=decision req=1014
[device/event] event=decision req=1014
[device/event] event=decision req=1014
[device/event] event=decision req=1014
[device/event] event=decision req=1014
[device/event] event=decision req=1014
[device/event] event=decision req=1014
[device/event] event=decision req=1014
[device/event] event=decision req=1014
[device/event] event=decision req=1014
[device/event] event=decision req=1014
[device/event] event=decision req=1014
[device/event] event=decision req=1014
[device/event] event=decision req=1014
[device/event] event=decision req=1014
[device/event] event=run_complete req=1014
[device/event] event=reset req=1015
[device/event] event=status req=1016
[device/event] event=decision req=1017
[device/event] event=status req=1018
[device/event] event=reset req=1019
[device/event] event=clocks req=1020
[device/event] event=decision req=1021
[device/event] event=decision req=1021
[device/event] event=decision req=1021
[device/event] event=decision req=1021
[device/event] event=decision req=1021
[device/event] event=decision req=1021
[device/event] event=decision req=1021
[device/event] event=decision req=1021
[device/event] event=decision req=1021
[device/event] event=decision req=1021
[device/event] event=decision req=1021
[device/event] event=decision req=1021
[device/event] event=decision req=1021
[device/event] event=decision req=1021
[device/event] event=decision req=1021
[device/event] event=decision req=1021
[device/event] event=decision req=1021
[device/event] event=decision req=1021
[device/event] event=decision req=1021
[device/event] event=decision req=1021
[device/event] event=decision req=1021
[device/event] event=decision req=1021
[device/event] event=decision req=1021
[device/event] event=decision req=1021
[device/event] event=decision req=1021
[device/event] event=decision req=1021
[device/event] event=decision req=1021
[device/event] event=decision req=1021
[device/event] event=decision req=1021
[device/event] event=decision req=1021
[device/event] event=decision req=1021
[device/event] event=decision req=1021
[device/event] event=decision req=1021
[device/event] event=decision req=1021
[device/event] event=decision req=1021
[device/event] event=decision req=1021
[device/event] event=decision req=1021
[device/event] event=decision req=1021
[device/event] event=decision req=1021
[device/event] event=decision req=1021
[device/event] event=decision req=1021
[device/event] event=decision req=1021
[device/event] event=decision req=1021
[device/event] event=decision req=1021
[device/event] event=decision req=1021
[device/event] event=decision req=1021
[device/event] event=decision req=1021
[device/event] event=decision req=1021
[device/event] event=decision req=1021
[device/event] event=decision req=1021
[device/event] event=decision req=1021
[device/event] event=decision req=1021
[device/event] event=decision req=1021
[device/event] event=decision req=1021
[device/event] event=decision req=1021
[device/event] event=decision req=1021
[device/event] event=decision req=1021
[device/event] event=decision req=1021
[device/event] event=decision req=1021
[device/event] event=decision req=1021
[device/event] event=decision req=1021
[device/event] event=decision req=1021
[device/event] event=decision req=1021
[device/event] event=decision req=1021
[device/event] event=decision req=1021
[device/event] event=decision req=1021
[device/event] event=decision req=1021
[device/event] event=decision req=1021
[device/event] event=decision req=1021
[device/event] event=decision req=1021
[device/event] event=decision req=1021
[device/event] event=decision req=1021
[device/event] event=decision req=1021
[device/event] event=decision req=1021
[device/event] event=decision req=1021
[device/event] event=decision req=1021
[device/event] event=decision req=1021
[device/event] event=decision req=1021
[device/event] event=decision req=1021
[device/event] event=decision req=1021
[device/event] event=decision req=1021
[device/event] event=decision req=1021
[device/event] event=decision req=1021
[device/event] event=decision req=1021
[device/event] event=decision req=1021
[device/event] event=decision req=1021
[device/event] event=decision req=1021
[device/event] event=decision req=1021
[device/event] event=decision req=1021
[device/event] event=decision req=1021
[device/event] event=decision req=1021
[device/event] event=decision req=1021
[device/event] event=decision req=1021
[device/event] event=decision req=1021
[device/event] event=decision req=1021
[device/event] event=decision req=1021
[device/event] event=decision req=1021
[device/event] event=decision req=1021
[device/event] event=decision req=1021
[device/event] event=decision req=1021
[device/event] event=decision req=1021
[device/event] event=decision req=1021
[device/event] event=decision req=1021
[device/event] event=decision req=1021
[device/event] event=decision req=1021
[device/event] event=decision req=1021
[device/event] event=decision req=1021
[device/event] event=decision req=1021
[device/event] event=decision req=1021
[device/event] event=decision req=1021
[device/event] event=decision req=1021
[device/event] event=decision req=1021
[device/event] event=decision req=1021
[device/event] event=decision req=1021
[device/event] event=decision req=1021
[device/event] event=decision req=1021
[device/event] event=decision req=1021
[device/event] event=decision req=1021
[device/event] event=run_complete req=1021
[device/event] event=freeze req=1022
[device/event] event=freeze req=1023
[device/event] event=reset req=1024
[device/event] event=clocks req=1025
[device/event] event=decision req=1026
[device/event] event=decision req=1026
[device/event] event=decision req=1026
[device/event] event=decision req=1026
[device/event] event=decision req=1026
[device/event] event=decision req=1026
[device/event] event=decision req=1026
[device/event] event=decision req=1026
[device/event] event=decision req=1026
[device/event] event=decision req=1026
[device/event] event=decision req=1026
[device/event] event=decision req=1026
[device/event] event=decision req=1026
[device/event] event=decision req=1026
[device/event] event=decision req=1026
[device/event] event=decision req=1026
[device/event] event=decision req=1026
[device/event] event=decision req=1026
[device/event] event=decision req=1026
[device/event] event=decision req=1026
[device/event] event=decision req=1026
[device/event] event=decision req=1026
[device/event] event=decision req=1026
[device/event] event=decision req=1026
[device/event] event=decision req=1026
[device/event] event=decision req=1026
[device/event] event=decision req=1026
[device/event] event=decision req=1026
[device/event] event=decision req=1026
[device/event] event=decision req=1026
[device/event] event=decision req=1026
[device/event] event=decision req=1026
[device/event] event=decision req=1026
[device/event] event=decision req=1026
[device/event] event=decision req=1026
[device/event] event=decision req=1026
[device/event] event=decision req=1026
[device/event] event=decision req=1026
[device/event] event=decision req=1026
[device/event] event=decision req=1026
[device/event] event=decision req=1026
[device/event] event=decision req=1026
[device/event] event=decision req=1026
[device/event] event=decision req=1026
[device/event] event=decision req=1026
[device/event] event=decision req=1026
[device/event] event=decision req=1026
[device/event] event=decision req=1026
[device/event] event=decision req=1026
[device/event] event=decision req=1026
[device/event] event=decision req=1026
[device/event] event=decision req=1026
[device/event] event=decision req=1026
[device/event] event=decision req=1026
[device/event] event=decision req=1026
[device/event] event=decision req=1026
[device/event] event=decision req=1026
[device/event] event=decision req=1026
[device/event] event=decision req=1026
[device/event] event=decision req=1026
[device/event] event=decision req=1026
[device/event] event=decision req=1026
[device/event] event=decision req=1026
[device/event] event=decision req=1026
[device/event] event=decision req=1026
[device/event] event=decision req=1026
[device/event] event=decision req=1026
[device/event] event=decision req=1026
[device/event] event=decision req=1026
[device/event] event=decision req=1026
[device/event] event=decision req=1026
[device/event] event=decision req=1026
[device/event] event=decision req=1026
[device/event] event=decision req=1026
[device/event] event=decision req=1026
[device/event] event=decision req=1026
[device/event] event=decision req=1026
[device/event] event=decision req=1026
[device/event] event=decision req=1026
[device/event] event=decision req=1026
[device/event] event=decision req=1026
[device/event] event=decision req=1026
[device/event] event=decision req=1026
[device/event] event=decision req=1026
[device/event] event=decision req=1026
[device/event] event=decision req=1026
[device/event] event=decision req=1026
[device/event] event=decision req=1026
[device/event] event=decision req=1026
[device/event] event=decision req=1026
[device/event] event=decision req=1026
[device/event] event=decision req=1026
[device/event] event=decision req=1026
[device/event] event=decision req=1026
[device/event] event=decision req=1026
[device/event] event=decision req=1026
[device/event] event=decision req=1026
[device/event] event=decision req=1026
[device/event] event=decision req=1026
[device/event] event=decision req=1026
[device/event] event=decision req=1026
[device/event] event=decision req=1026
[device/event] event=decision req=1026
[device/event] event=decision req=1026
[device/event] event=decision req=1026
[device/event] event=decision req=1026
[device/event] event=decision req=1026
[device/event] event=decision req=1026
[device/event] event=decision req=1026
[device/event] event=decision req=1026
[device/event] event=decision req=1026
[device/event] event=decision req=1026
[device/event] event=decision req=1026
[device/event] event=decision req=1026
[device/event] event=run_complete req=1026
[device/event] event=reset req=1027
[device/event] event=status req=1028
[device/event] event=decision req=1029
[device/event] event=status req=1030
[device/event] event=reset req=1031
[device/event] event=clocks req=1032
[device/event] event=decision req=1033
[device/event] event=decision req=1033
[device/event] event=decision req=1033
[device/event] event=decision req=1033
[device/event] event=decision req=1033
[device/event] event=decision req=1033
[device/event] event=decision req=1033
[device/event] event=decision req=1033
[device/event] event=decision req=1033
[device/event] event=decision req=1033
[device/event] event=decision req=1033
[device/event] event=decision req=1033
[device/event] event=decision req=1033
[device/event] event=decision req=1033
[device/event] event=decision req=1033
[device/event] event=decision req=1033
[device/event] event=decision req=1033
[device/event] event=decision req=1033
[device/event] event=decision req=1033
[device/event] event=decision req=1033
[device/event] event=decision req=1033
[device/event] event=decision req=1033
[device/event] event=decision req=1033
[device/event] event=decision req=1033
[device/event] event=decision req=1033
[device/event] event=decision req=1033
[device/event] event=decision req=1033
[device/event] event=decision req=1033
[device/event] event=decision req=1033
[device/event] event=decision req=1033
[device/event] event=decision req=1033
[device/event] event=decision req=1033
[device/event] event=decision req=1033
[device/event] event=decision req=1033
[device/event] event=decision req=1033
[device/event] event=decision req=1033
[device/event] event=decision req=1033
[device/event] event=decision req=1033
[device/event] event=decision req=1033
[device/event] event=decision req=1033
[device/event] event=decision req=1033
[device/event] event=decision req=1033
[device/event] event=decision req=1033
[device/event] event=decision req=1033
[device/event] event=decision req=1033
[device/event] event=decision req=1033
[device/event] event=decision req=1033
[device/event] event=decision req=1033
[device/event] event=decision req=1033
[device/event] event=decision req=1033
[device/event] event=decision req=1033
[device/event] event=decision req=1033
[device/event] event=decision req=1033
[device/event] event=decision req=1033
[device/event] event=decision req=1033
[device/event] event=decision req=1033
[device/event] event=decision req=1033
[device/event] event=decision req=1033
[device/event] event=decision req=1033
[device/event] event=decision req=1033
[device/event] event=decision req=1033
[device/event] event=decision req=1033
[device/event] event=decision req=1033
[device/event] event=decision req=1033
[device/event] event=decision req=1033
[device/event] event=decision req=1033
[device/event] event=decision req=1033
[device/event] event=decision req=1033
[device/event] event=decision req=1033
[device/event] event=decision req=1033
[device/event] event=decision req=1033
[device/event] event=decision req=1033
[device/event] event=decision req=1033
[device/event] event=decision req=1033
[device/event] event=decision req=1033
[device/event] event=decision req=1033
[device/event] event=decision req=1033
[device/event] event=decision req=1033
[device/event] event=decision req=1033
[device/event] event=decision req=1033
[device/event] event=decision req=1033
[device/event] event=decision req=1033
[device/event] event=decision req=1033
[device/event] event=decision req=1033
[device/event] event=decision req=1033
[device/event] event=decision req=1033
[device/event] event=decision req=1033
[device/event] event=decision req=1033
[device/event] event=decision req=1033
[device/event] event=decision req=1033
[device/event] event=decision req=1033
[device/event] event=decision req=1033
[device/event] event=decision req=1033
[device/event] event=decision req=1033
[device/event] event=decision req=1033
[device/event] event=decision req=1033
[device/event] event=decision req=1033
[device/event] event=decision req=1033
[device/event] event=decision req=1033
[device/event] event=decision req=1033
[device/event] event=decision req=1033
[device/event] event=decision req=1033
[device/event] event=decision req=1033
[device/event] event=decision req=1033
[device/event] event=decision req=1033
[device/event] event=decision req=1033
[device/event] event=decision req=1033
[device/event] event=decision req=1033
[device/event] event=decision req=1033
[device/event] event=decision req=1033
[device/event] event=decision req=1033
[device/event] event=decision req=1033
[device/event] event=decision req=1033
[device/event] event=decision req=1033
[device/event] event=run_complete req=1033
[device/event] event=freeze req=1034
[device/event] event=freeze req=1035
[device/event] event=reset req=1036
[device/event] event=clocks req=1037
[device/event] event=decision req=1038
[device/event] event=decision req=1038
[device/event] event=decision req=1038
[device/event] event=decision req=1038
[device/event] event=decision req=1038
[device/event] event=decision req=1038
[device/event] event=decision req=1038
[device/event] event=decision req=1038
[device/event] event=decision req=1038
[device/event] event=decision req=1038
[device/event] event=decision req=1038
[device/event] event=decision req=1038
[device/event] event=decision req=1038
[device/event] event=decision req=1038
[device/event] event=decision req=1038
[device/event] event=decision req=1038
[device/event] event=decision req=1038
[device/event] event=decision req=1038
[device/event] event=decision req=1038
[device/event] event=decision req=1038
[device/event] event=decision req=1038
[device/event] event=decision req=1038
[device/event] event=decision req=1038
[device/event] event=decision req=1038
[device/event] event=decision req=1038
[device/event] event=decision req=1038
[device/event] event=decision req=1038
[device/event] event=decision req=1038
[device/event] event=decision req=1038
[device/event] event=decision req=1038
[device/event] event=decision req=1038
[device/event] event=decision req=1038
[device/event] event=decision req=1038
[device/event] event=decision req=1038
[device/event] event=decision req=1038
[device/event] event=decision req=1038
[device/event] event=decision req=1038
[device/event] event=decision req=1038
[device/event] event=decision req=1038
[device/event] event=decision req=1038
[device/event] event=decision req=1038
[device/event] event=decision req=1038
[device/event] event=decision req=1038
[device/event] event=decision req=1038
[device/event] event=decision req=1038
[device/event] event=decision req=1038
[device/event] event=decision req=1038
[device/event] event=decision req=1038
[device/event] event=decision req=1038
[device/event] event=decision req=1038
[device/event] event=decision req=1038
[device/event] event=decision req=1038
[device/event] event=decision req=1038
[device/event] event=decision req=1038
[device/event] event=decision req=1038
[device/event] event=decision req=1038
[device/event] event=decision req=1038
[device/event] event=decision req=1038
[device/event] event=decision req=1038
[device/event] event=decision req=1038
[device/event] event=decision req=1038
[device/event] event=decision req=1038
[device/event] event=decision req=1038
[device/event] event=decision req=1038
[device/event] event=decision req=1038
[device/event] event=decision req=1038
[device/event] event=decision req=1038
[device/event] event=decision req=1038
[device/event] event=decision req=1038
[device/event] event=decision req=1038
[device/event] event=decision req=1038
[device/event] event=decision req=1038
[device/event] event=decision req=1038
[device/event] event=decision req=1038
[device/event] event=decision req=1038
[device/event] event=decision req=1038
[device/event] event=decision req=1038
[device/event] event=decision req=1038
[device/event] event=decision req=1038
[device/event] event=decision req=1038
[device/event] event=decision req=1038
[device/event] event=decision req=1038
[device/event] event=decision req=1038
[device/event] event=decision req=1038
[device/event] event=decision req=1038
[device/event] event=decision req=1038
[device/event] event=decision req=1038
[device/event] event=decision req=1038
[device/event] event=decision req=1038
[device/event] event=decision req=1038
[device/event] event=decision req=1038
[device/event] event=decision req=1038
[device/event] event=decision req=1038
[device/event] event=decision req=1038
[device/event] event=decision req=1038
[device/event] event=decision req=1038
[device/event] event=decision req=1038
[device/event] event=decision req=1038
[device/event] event=decision req=1038
[device/event] event=decision req=1038
[device/event] event=decision req=1038
[device/event] event=decision req=1038
[device/event] event=decision req=1038
[device/event] event=decision req=1038
[device/event] event=decision req=1038
[device/event] event=decision req=1038
[device/event] event=decision req=1038
[device/event] event=decision req=1038
[device/event] event=decision req=1038
[device/event] event=decision req=1038
[device/event] event=decision req=1038
[device/event] event=decision req=1038
[device/event] event=decision req=1038
[device/event] event=decision req=1038
[device/event] event=decision req=1038
[device/event] event=decision req=1038
[device/event] event=decision req=1038
[device/event] event=decision req=1038
[device/event] event=decision req=1038
[device/event] event=decision req=1038
[device/event] event=run_complete req=1038
[device/event] event=reset req=1039
[device/event] event=status req=1040
[device/event] event=decision req=1041
[device/event] event=status req=1042
[device/event] event=reset req=1043
[device/event] event=clocks req=1044
[device/event] event=decision req=1045
[device/event] event=decision req=1045
[device/event] event=decision req=1045
[device/event] event=decision req=1045
[device/event] event=decision req=1045
[device/event] event=decision req=1045
[device/event] event=decision req=1045
[device/event] event=decision req=1045
[device/event] event=decision req=1045
[device/event] event=decision req=1045
[device/event] event=decision req=1045
[device/event] event=decision req=1045
[device/event] event=decision req=1045
[device/event] event=decision req=1045
[device/event] event=decision req=1045
[device/event] event=decision req=1045
[device/event] event=decision req=1045
[device/event] event=decision req=1045
[device/event] event=decision req=1045
[device/event] event=decision req=1045
[device/event] event=decision req=1045
[device/event] event=decision req=1045
[device/event] event=decision req=1045
[device/event] event=decision req=1045
[device/event] event=decision req=1045
[device/event] event=decision req=1045
[device/event] event=decision req=1045
[device/event] event=decision req=1045
[device/event] event=decision req=1045
[device/event] event=decision req=1045
[device/event] event=decision req=1045
[device/event] event=decision req=1045
[device/event] event=decision req=1045
[device/event] event=decision req=1045
[device/event] event=decision req=1045
[device/event] event=decision req=1045
[device/event] event=decision req=1045
[device/event] event=decision req=1045
[device/event] event=decision req=1045
[device/event] event=decision req=1045
[device/event] event=decision req=1045
[device/event] event=decision req=1045
[device/event] event=decision req=1045
[device/event] event=decision req=1045
[device/event] event=decision req=1045
[device/event] event=decision req=1045
[device/event] event=decision req=1045
[device/event] event=decision req=1045
[device/event] event=decision req=1045
[device/event] event=decision req=1045
[device/event] event=decision req=1045
[device/event] event=decision req=1045
[device/event] event=decision req=1045
[device/event] event=decision req=1045
[device/event] event=decision req=1045
[device/event] event=decision req=1045
[device/event] event=decision req=1045
[device/event] event=decision req=1045
[device/event] event=decision req=1045
[device/event] event=decision req=1045
[device/event] event=decision req=1045
[device/event] event=decision req=1045
[device/event] event=decision req=1045
[device/event] event=decision req=1045
[device/event] event=decision req=1045
[device/event] event=decision req=1045
[device/event] event=decision req=1045
[device/event] event=decision req=1045
[device/event] event=decision req=1045
[device/event] event=decision req=1045
[device/event] event=decision req=1045
[device/event] event=decision req=1045
[device/event] event=decision req=1045
[device/event] event=decision req=1045
[device/event] event=decision req=1045
[device/event] event=decision req=1045
[device/event] event=decision req=1045
[device/event] event=decision req=1045
[device/event] event=decision req=1045
[device/event] event=decision req=1045
[device/event] event=decision req=1045
[device/event] event=decision req=1045
[device/event] event=decision req=1045
[device/event] event=decision req=1045
[device/event] event=decision req=1045
[device/event] event=decision req=1045
[device/event] event=decision req=1045
[device/event] event=decision req=1045
[device/event] event=decision req=1045
[device/event] event=decision req=1045
[device/event] event=decision req=1045
[device/event] event=decision req=1045
[device/event] event=decision req=1045
[device/event] event=decision req=1045
[device/event] event=decision req=1045
[device/event] event=decision req=1045
[device/event] event=decision req=1045
[device/event] event=decision req=1045
[device/event] event=decision req=1045
[device/event] event=decision req=1045
[device/event] event=decision req=1045
[device/event] event=decision req=1045
[device/event] event=decision req=1045
[device/event] event=decision req=1045
[device/event] event=decision req=1045
[device/event] event=decision req=1045
[device/event] event=decision req=1045
[device/event] event=decision req=1045
[device/event] event=decision req=1045
[device/event] event=decision req=1045
[device/event] event=decision req=1045
[device/event] event=decision req=1045
[device/event] event=decision req=1045
[device/event] event=decision req=1045
[device/event] event=decision req=1045
[device/event] event=decision req=1045
[device/event] event=decision req=1045
[device/event] event=decision req=1045
[device/event] event=decision req=1045
[device/event] event=decision req=1045
[device/event] event=run_complete req=1045
[device/event] event=freeze req=1046
[device/event] event=freeze req=1047
[device/event] event=reset req=1048
[device/event] event=clocks req=1049
[device/event] event=decision req=1050
[device/event] event=decision req=1050
[device/event] event=decision req=1050
[device/event] event=decision req=1050
[device/event] event=decision req=1050
[device/event] event=decision req=1050
[device/event] event=decision req=1050
[device/event] event=decision req=1050
[device/event] event=decision req=1050
[device/event] event=decision req=1050
[device/event] event=decision req=1050
[device/event] event=decision req=1050
[device/event] event=decision req=1050
[device/event] event=decision req=1050
[device/event] event=decision req=1050
[device/event] event=decision req=1050
[device/event] event=decision req=1050
[device/event] event=decision req=1050
[device/event] event=decision req=1050
[device/event] event=decision req=1050
[device/event] event=decision req=1050
[device/event] event=decision req=1050
[device/event] event=decision req=1050
[device/event] event=decision req=1050
[device/event] event=decision req=1050
[device/event] event=decision req=1050
[device/event] event=decision req=1050
[device/event] event=decision req=1050
[device/event] event=decision req=1050
[device/event] event=decision req=1050
[device/event] event=decision req=1050
[device/event] event=decision req=1050
[device/event] event=decision req=1050
[device/event] event=decision req=1050
[device/event] event=decision req=1050
[device/event] event=decision req=1050
[device/event] event=decision req=1050
[device/event] event=decision req=1050
[device/event] event=decision req=1050
[device/event] event=decision req=1050
[device/event] event=decision req=1050
[device/event] event=decision req=1050
[device/event] event=decision req=1050
[device/event] event=decision req=1050
[device/event] event=decision req=1050
[device/raw-drop] al_hash":"19f39e25853574c1c55c02a5e7232944d034bd64500ee878b14e43{"event":"decision","request_id":1050,"origin":"internal","committed":true,"reason":"NONE","proposal_hash":"5c4c1eaae1475b49bc7cb572a835bb924ca3c204d6135b7a7f74ef39cc409943","certificate_hash":"22ca6a8a41a883780b375e44225cdeeba749771e2732bcc6c0ce1a8dca055b
[device/event] event=decision req=1050
[device/event] event=decision req=1050
[device/event] event=decision req=1050
[device/event] event=decision req=1050
[device/event] event=decision req=1050
[device/event] event=decision req=1050
[device/event] event=decision req=1050
[device/event] event=decision req=1050
[device/event] event=decision req=1050
[device/event] event=decision req=1050
[device/event] event=decision req=1050
[device/event] event=decision req=1050
[device/event] event=decision req=1050
[device/event] event=decision req=1050
[device/event] event=decision req=1050
[device/event] event=decision req=1050
[device/event] event=decision req=1050
[device/event] event=decision req=1050
[device/event] event=decision req=1050
[device/event] event=decision req=1050
[device/event] event=decision req=1050
[device/event] event=decision req=1050
[device/event] event=decision req=1050
[device/event] event=decision req=1050
[device/event] event=decision req=1050
[device/event] event=decision req=1050
[device/event] event=decision req=1050
[device/event] event=decision req=1050
[device/event] event=decision req=1050
[device/event] event=decision req=1050
[device/event] event=decision req=1050
[device/event] event=decision req=1050
[device/event] event=decision req=1050
[device/event] event=decision req=1050
[device/event] event=decision req=1050
[device/event] event=decision req=1050
[device/event] event=decision req=1050
[device/event] event=decision req=1050
[device/event] event=decision req=1050
[device/event] event=decision req=1050
[device/event] event=decision req=1050
[device/event] event=decision req=1050
[device/event] event=decision req=1050
[device/event] event=decision req=1050
[device/event] event=decision req=1050
[device/event] event=decision req=1050
[device/event] event=decision req=1050
[device/event] event=decision req=1050
[device/event] event=decision req=1050
[device/event] event=decision req=1050
[device/event] event=decision req=1050
[device/event] event=decision req=1050
[device/event] event=decision req=1050
[device/event] event=decision req=1050
[device/event] event=decision req=1050
[device/event] event=decision req=1050
[device/event] event=decision req=1050
[device/event] event=decision req=1050
[device/event] event=decision req=1050
[device/event] event=decision req=1050
[device/event] event=decision req=1050
[device/event] event=decision req=1050
[device/event] event=decision req=1050
[device/event] event=decision req=1050
[device/event] event=decision req=1050
[device/event] event=decision req=1050
[device/event] event=decision req=1050
[device/event] event=decision req=1050
[device/event] event=decision req=1050
[device/event] event=decision req=1050
[device/event] event=decision req=1050
[device/event] event=decision req=1050
[device/event] event=decision req=1050
[device/event] event=decision req=1050
[device/event] event=decision req=1050
[device/event] event=decision req=1050
[device/event] event=decision req=1050
[device/event] event=decision req=1050
[device/event] event=decision req=1050
[device/event] event=decision req=1050
[device/event] event=decision req=1050
[device/event] event=decision req=1050
[device/event] event=decision req=1050
[device/event] event=decision req=1050
[device/event] event=run_complete req=1050
[device/event] event=reset req=1051
[device/event] event=status req=1052
[device/event] event=decision req=1053
[device/event] event=status req=1054
[device/event] event=reset req=1055
[device/event] event=clocks req=1056
[device/event] event=decision req=1057
[device/event] event=decision req=1057
[device/event] event=decision req=1057
[device/event] event=decision req=1057
[device/event] event=decision req=1057
[device/event] event=decision req=1057
[device/event] event=decision req=1057
[device/event] event=decision req=1057
[device/event] event=decision req=1057
[device/event] event=decision req=1057
[device/event] event=decision req=1057
[device/event] event=decision req=1057
[device/event] event=decision req=1057
[device/event] event=decision req=1057
[device/event] event=decision req=1057
[device/event] event=decision req=1057
[device/event] event=decision req=1057
[device/event] event=decision req=1057
[device/event] event=decision req=1057
[device/event] event=decision req=1057
[device/event] event=decision req=1057
[device/event] event=decision req=1057
[device/event] event=decision req=1057
[device/event] event=decision req=1057
[device/event] event=decision req=1057
[device/event] event=decision req=1057
[device/event] event=decision req=1057
[device/event] event=decision req=1057
[device/event] event=decision req=1057
[device/event] event=decision req=1057
[device/event] event=decision req=1057
[device/event] event=decision req=1057
[device/event] event=decision req=1057
[device/event] event=decision req=1057
[device/event] event=decision req=1057
[device/event] event=decision req=1057
[device/event] event=decision req=1057
[device/event] event=decision req=1057
[device/event] event=decision req=1057
[device/event] event=decision req=1057
[device/event] event=decision req=1057
[device/event] event=decision req=1057
[device/event] event=decision req=1057
[device/event] event=decision req=1057
[device/event] event=decision req=1057
[device/event] event=decision req=1057
[device/event] event=decision req=1057
[device/event] event=decision req=1057
[device/event] event=decision req=1057
[device/event] event=decision req=1057
[device/event] event=decision req=1057
[device/event] event=decision req=1057
[device/event] event=decision req=1057
[device/event] event=decision req=1057
[device/event] event=decision req=1057
[device/event] event=decision req=1057
[device/event] event=decision req=1057
[device/event] event=decision req=1057
[device/event] event=decision req=1057
[device/event] event=decision req=1057
[device/event] event=decision req=1057
[device/event] event=decision req=1057
[device/event] event=decision req=1057
[device/event] event=decision req=1057
[device/event] event=decision req=1057
[device/event] event=decision req=1057
[device/event] event=decision req=1057
[device/event] event=decision req=1057
[device/event] event=decision req=1057
[device/event] event=decision req=1057
[device/event] event=decision req=1057
[device/event] event=decision req=1057
[device/event] event=decision req=1057
[device/event] event=decision req=1057
[device/event] event=decision req=1057
[device/event] event=decision req=1057
[device/event] event=decision req=1057
[device/event] event=decision req=1057
[device/event] event=decision req=1057
[device/event] event=decision req=1057
[device/event] event=decision req=1057
[device/event] event=decision req=1057
[device/event] event=decision req=1057
[device/event] event=decision req=1057
[device/event] event=decision req=1057
[device/event] event=decision req=1057
[device/event] event=decision req=1057
[device/event] event=decision req=1057
[device/event] event=decision req=1057
[device/event] event=decision req=1057
[device/event] event=decision req=1057
[device/event] event=decision req=1057
[device/event] event=decision req=1057
[device/event] event=decision req=1057
[device/event] event=decision req=1057
[device/event] event=decision req=1057
[device/event] event=decision req=1057
[device/event] event=decision req=1057
[device/event] event=decision req=1057
[device/event] event=decision req=1057
[device/event] event=decision req=1057
[device/event] event=decision req=1057
[device/event] event=decision req=1057
[device/event] event=decision req=1057
[device/event] event=decision req=1057
[device/event] event=decision req=1057
[device/event] event=decision req=1057
[device/event] event=decision req=1057
[device/event] event=decision req=1057
[device/event] event=decision req=1057
[device/event] event=decision req=1057
[device/event] event=decision req=1057
[device/event] event=decision req=1057
[device/event] event=decision req=1057
[device/event] event=decision req=1057
[device/event] event=decision req=1057
[device/event] event=decision req=1057
[device/event] event=decision req=1057
[device/event] event=decision req=1057
[device/event] event=decision req=1057
[device/event] event=decision req=1057
[device/event] event=decision req=1057
[device/event] event=decision req=1057
[device/event] event=decision req=1057
[device/event] event=decision req=1057
[device/event] event=decision req=1057
[device/event] event=decision req=1057
[device/event] event=decision req=1057
[device/event] event=decision req=1057
[device/event] event=decision req=1057
[device/event] event=decision req=1057
[device/event] event=decision req=1057
[device/event] event=run_complete req=1057
[device/event] event=freeze req=1058
[device/event] event=freeze req=1059
[device/event] event=reset req=1060
[device/event] event=clocks req=1061
[device/event] event=decision req=1062
[device/event] event=decision req=1062
[device/event] event=decision req=1062
[device/event] event=decision req=1062
[device/event] event=decision req=1062
[device/event] event=decision req=1062
[device/event] event=decision req=1062
[device/event] event=decision req=1062
[device/event] event=decision req=1062
[device/event] event=decision req=1062
[device/event] event=decision req=1062
[device/event] event=decision req=1062
[device/event] event=decision req=1062
[device/event] event=decision req=1062
[device/event] event=decision req=1062
[device/event] event=decision req=1062
[device/event] event=decision req=1062
[device/event] event=decision req=1062
[device/event] event=decision req=1062
[device/event] event=decision req=1062
[device/event] event=decision req=1062
[device/event] event=decision req=1062
[device/event] event=decision req=1062
[device/event] event=decision req=1062
[device/event] event=decision req=1062
[device/event] event=decision req=1062
[device/event] event=decision req=1062
[device/event] event=decision req=1062
[device/event] event=decision req=1062
[device/event] event=decision req=1062
[device/event] event=decision req=1062
[device/event] event=decision req=1062
[device/event] event=decision req=1062
[device/event] event=decision req=1062
[device/event] event=decision req=1062
[device/event] event=decision req=1062
[device/event] event=decision req=1062
[device/event] event=decision req=1062
[device/event] event=decision req=1062
[device/event] event=decision req=1062
[device/event] event=decision req=1062
[device/event] event=decision req=1062
[device/event] event=decision req=1062
[device/event] event=decision req=1062
[device/event] event=run_complete req=1062
[device/event] event=reset req=1063
[device/event] event=status req=1064
[device/event] event=decision req=1065
[device/event] event=status req=1066
[device/event] event=reset req=1067
[device/event] event=clocks req=1068
[device/event] event=decision req=1069
[device/event] event=decision req=1069
[device/event] event=decision req=1069
[device/event] event=decision req=1069
[device/event] event=decision req=1069
[device/event] event=decision req=1069
[device/event] event=decision req=1069
[device/event] event=decision req=1069
[device/event] event=decision req=1069
[device/event] event=decision req=1069
[device/event] event=decision req=1069
[device/event] event=decision req=1069
[device/event] event=decision req=1069
[device/event] event=decision req=1069
[device/event] event=decision req=1069
[device/event] event=decision req=1069
[device/event] event=decision req=1069
[device/event] event=decision req=1069
[device/event] event=decision req=1069
[device/event] event=decision req=1069
[device/event] event=decision req=1069
[device/event] event=decision req=1069
[device/event] event=decision req=1069
[device/event] event=decision req=1069
[device/event] event=decision req=1069
[device/event] event=decision req=1069
[device/event] event=decision req=1069
[device/event] event=decision req=1069
[device/event] event=decision req=1069
[device/event] event=decision req=1069
[device/event] event=decision req=1069
[device/event] event=decision req=1069
[device/event] event=decision req=1069
[device/event] event=decision req=1069
[device/event] event=decision req=1069
[device/event] event=decision req=1069
[device/event] event=decision req=1069
[device/event] event=decision req=1069
[device/event] event=decision req=1069
[device/event] event=decision req=1069
[device/event] event=decision req=1069
[device/event] event=decision req=1069
[device/event] event=decision req=1069
[device/event] event=decision req=1069
[device/event] event=run_complete req=1069
[device/event] event=freeze req=1070
[device/event] event=freeze req=1071
[device/raw-drop] :false,"proposer_stall_ms":0,"proposal_timeout_ms":5000,"work_queue_depth":0,"proposal_queue_depth":0,"control_queue_depth":0}
[device/event] event=reset req=1073
[device/event] event=clocks req=1074
[device/event] event=decision req=1075
[device/event] event=decision req=1075
[device/event] event=decision req=1075
[device/event] event=decision req=1075
[device/event] event=decision req=1075
[device/event] event=decision req=1075
[device/event] event=decision req=1075
[device/event] event=decision req=1075
[device/event] event=decision req=1075
[device/event] event=decision req=1075
[device/event] event=decision req=1075
[device/event] event=decision req=1075
[device/event] event=decision req=1075
[device/event] event=decision req=1075
[device/event] event=decision req=1075
[device/event] event=decision req=1075
[device/event] event=decision req=1075
[device/event] event=decision req=1075
[device/event] event=decision req=1075
[device/event] event=decision req=1075
[device/event] event=decision req=1075
[device/event] event=decision req=1075
[device/event] event=decision req=1075
[device/event] event=decision req=1075
[device/event] event=decision req=1075
[device/event] event=decision req=1075
[device/event] event=decision req=1075
[device/event] event=decision req=1075
[device/event] event=decision req=1075
[device/event] event=decision req=1075
[device/event] event=decision req=1075
[device/event] event=decision req=1075
[device/event] event=decision req=1075
[device/event] event=decision req=1075
[device/event] event=decision req=1075
[device/event] event=decision req=1075
[device/event] event=decision req=1075
[device/event] event=decision req=1075
[device/event] event=decision req=1075
[device/event] event=decision req=1075
[device/event] event=decision req=1075
[device/event] event=decision req=1075
[device/event] event=decision req=1075
[device/event] event=decision req=1075
[device/event] event=decision req=1075
[device/event] event=decision req=1075
[device/event] event=decision req=1075
[device/event] event=decision req=1075
[device/event] event=decision req=1075
[device/event] event=decision req=1075
[device/event] event=decision req=1075
[device/event] event=decision req=1075
[device/event] event=decision req=1075
[device/event] event=decision req=1075
[device/event] event=decision req=1075
[device/event] event=decision req=1075
[device/event] event=decision req=1075
[device/event] event=decision req=1075
[device/event] event=decision req=1075
[device/event] event=decision req=1075
[device/event] event=decision req=1075
[device/event] event=decision req=1075
[device/event] event=decision req=1075
[device/event] event=decision req=1075
[device/event] event=decision req=1075
[device/event] event=decision req=1075
[device/event] event=decision req=1075
[device/event] event=decision req=1075
[device/event] event=decision req=1075
[device/event] event=decision req=1075
[device/event] event=decision req=1075
[device/event] event=decision req=1075
[device/event] event=decision req=1075
[device/event] event=decision req=1075
[device/event] event=decision req=1075
[device/event] event=decision req=1075
[device/event] event=decision req=1075
[device/event] event=decision req=1075
[device/event] event=decision req=1075
[device/event] event=decision req=1075
[device/event] event=run_complete req=1075
[device/event] event=reset req=1076
[device/event] event=status req=1077
[device/event] event=decision req=1078
[device/event] event=status req=1079
[device/event] event=reset req=1080
[device/event] event=clocks req=1081
[device/event] event=decision req=1082
[device/event] event=decision req=1082
[device/event] event=decision req=1082
[device/event] event=decision req=1082
[device/event] event=decision req=1082
[device/event] event=decision req=1082
[device/event] event=decision req=1082
[device/event] event=decision req=1082
[device/event] event=decision req=1082
[device/event] event=decision req=1082
[device/event] event=decision req=1082
[device/event] event=decision req=1082
[device/event] event=decision req=1082
[device/event] event=decision req=1082
[device/event] event=decision req=1082
[device/event] event=decision req=1082
[device/event] event=decision req=1082
[device/event] event=decision req=1082
[device/event] event=decision req=1082
[device/event] event=decision req=1082
[device/event] event=decision req=1082
[device/event] event=decision req=1082
[device/event] event=decision req=1082
[device/event] event=decision req=1082
[device/event] event=decision req=1082
[device/event] event=decision req=1082
[device/event] event=decision req=1082
[device/event] event=decision req=1082
[device/event] event=decision req=1082
[device/event] event=decision req=1082
[device/event] event=decision req=1082
[device/event] event=decision req=1082
[device/event] event=decision req=1082
[device/event] event=decision req=1082
[device/event] event=decision req=1082
[device/event] event=decision req=1082
[device/event] event=decision req=1082
[device/event] event=decision req=1082
[device/event] event=decision req=1082
[device/event] event=decision req=1082
[device/event] event=decision req=1082
[device/event] event=decision req=1082
[device/event] event=decision req=1082
[device/event] event=decision req=1082
[device/event] event=decision req=1082
[device/event] event=decision req=1082
[device/event] event=decision req=1082
[device/event] event=decision req=1082
[device/event] event=decision req=1082
[device/event] event=decision req=1082
[device/event] event=decision req=1082
[device/event] event=decision req=1082
[device/event] event=decision req=1082
[device/event] event=decision req=1082
[device/event] event=decision req=1082
[device/event] event=decision req=1082
[device/event] event=decision req=1082
[device/event] event=decision req=1082
[device/event] event=decision req=1082
[device/event] event=decision req=1082
[device/event] event=decision req=1082
[device/event] event=decision req=1082
[device/event] event=decision req=1082
[device/event] event=decision req=1082
[device/event] event=decision req=1082
[device/event] event=decision req=1082
[device/event] event=decision req=1082
[device/event] event=decision req=1082
[device/event] event=decision req=1082
[device/event] event=decision req=1082
[device/event] event=decision req=1082
[device/event] event=decision req=1082
[device/event] event=decision req=1082
[device/event] event=decision req=1082
[device/event] event=decision req=1082
[device/event] event=decision req=1082
[device/event] event=decision req=1082
[device/event] event=decision req=1082
[device/event] event=decision req=1082
[device/event] event=decision req=1082
[device/event] event=run_complete req=1082
[device/event] event=freeze req=1083
[device/event] event=freeze req=1084
[device/event] event=reset req=1085
[device/event] event=clocks req=1086
[device/event] event=decision req=1087
[device/event] event=decision req=1087
[device/event] event=decision req=1087
[device/event] event=decision req=1087
[device/event] event=decision req=1087
[device/event] event=decision req=1087
[device/event] event=run_complete req=1087
[device/event] event=reset req=1088
[device/event] event=status req=1089
[device/event] event=decision req=1090
[device/event] event=status req=1091
[device/event] event=reset req=1092
[device/event] event=clocks req=1093
[device/event] event=decision req=1094
[device/event] event=decision req=1094
[device/event] event=decision req=1094
[device/event] event=decision req=1094
[device/event] event=decision req=1094
[device/event] event=decision req=1094
[device/event] event=run_complete req=1094
[device/event] event=freeze req=1095
[device/event] event=freeze req=1096
[device/event] event=reset req=1097
[device/event] event=clocks req=1098
[device/event] event=decision req=1099
[device/event] event=decision req=1099
[device/event] event=decision req=1099
[device/event] event=decision req=1099
[device/event] event=decision req=1099
[device/event] event=decision req=1099
[device/event] event=decision req=1099
[device/event] event=decision req=1099
[device/event] event=decision req=1099
[device/event] event=decision req=1099
[device/event] event=decision req=1099
[device/event] event=decision req=1099
[device/event] event=decision req=1099
[device/event] event=decision req=1099
[device/event] event=decision req=1099
[device/event] event=decision req=1099
[device/event] event=decision req=1099
[device/event] event=decision req=1099
[device/event] event=decision req=1099
[device/event] event=decision req=1099
[device/event] event=decision req=1099
[device/event] event=decision req=1099
[device/event] event=decision req=1099
[device/event] event=decision req=1099
[device/event] event=decision req=1099
[device/event] event=decision req=1099
[device/event] event=decision req=1099
[device/event] event=decision req=1099
[device/event] event=decision req=1099
[device/event] event=decision req=1099
[device/event] event=decision req=1099
[device/event] event=decision req=1099
[device/event] event=decision req=1099
[device/event] event=decision req=1099
[device/event] event=decision req=1099
[device/event] event=decision req=1099
[device/event] event=decision req=1099
[device/event] event=decision req=1099
[device/event] event=decision req=1099
[device/event] event=decision req=1099
[device/event] event=decision req=1099
[device/event] event=decision req=1099
[device/event] event=decision req=1099
[device/event] event=decision req=1099
[device/event] event=run_complete req=1099
[device/event] event=reset req=1100
[device/event] event=status req=1101
[device/event] event=decision req=1102
[device/event] event=status req=1103
[device/event] event=reset req=1104
[device/event] event=clocks req=1105
[device/event] event=decision req=1106
[device/event] event=decision req=1106
[device/event] event=decision req=1106
[device/event] event=decision req=1106
[device/event] event=decision req=1106
[device/event] event=decision req=1106
[device/event] event=decision req=1106
[device/event] event=decision req=1106
[device/event] event=decision req=1106
[device/event] event=decision req=1106
[device/event] event=decision req=1106
[device/event] event=decision req=1106
[device/event] event=decision req=1106
[device/event] event=decision req=1106
[device/event] event=decision req=1106
[device/event] event=decision req=1106
[device/event] event=decision req=1106
[device/event] event=decision req=1106
[device/event] event=decision req=1106
[device/event] event=decision req=1106
[device/event] event=decision req=1106
[device/event] event=decision req=1106
[device/event] event=decision req=1106
[device/event] event=decision req=1106
[device/event] event=decision req=1106
[device/event] event=decision req=1106
[device/event] event=decision req=1106
[device/event] event=decision req=1106
[device/event] event=decision req=1106
[device/event] event=decision req=1106
[device/event] event=decision req=1106
[device/event] event=decision req=1106
[device/event] event=decision req=1106
[device/event] event=decision req=1106
[device/event] event=decision req=1106
[device/event] event=decision req=1106
[device/event] event=decision req=1106
[device/event] event=decision req=1106
[device/event] event=decision req=1106
[device/event] event=decision req=1106
[device/event] event=decision req=1106
[device/event] event=decision req=1106
[device/event] event=decision req=1106
[device/event] event=decision req=1106
[device/event] event=run_complete req=1106
[device/event] event=freeze req=1107
[device/event] event=freeze req=1108
[device/event] event=reset req=1109
[device/event] event=clocks req=1110
[device/event] event=decision req=1111
[device/event] event=decision req=1111
[device/event] event=decision req=1111
[device/event] event=decision req=1111
[device/event] event=decision req=1111
[device/event] event=decision req=1111
[device/event] event=decision req=1111
[device/event] event=decision req=1111
[device/event] event=decision req=1111
[device/event] event=decision req=1111
[device/event] event=decision req=1111
[device/event] event=decision req=1111
[device/event] event=decision req=1111
[device/event] event=decision req=1111
[device/event] event=decision req=1111
[device/event] event=decision req=1111
[device/event] event=decision req=1111
[device/event] event=decision req=1111
[device/event] event=decision req=1111
[device/event] event=decision req=1111
[device/event] event=decision req=1111
[device/event] event=decision req=1111
[device/event] event=decision req=1111
[device/event] event=decision req=1111
[device/event] event=decision req=1111
[device/event] event=decision req=1111
[device/event] event=decision req=1111
[device/event] event=decision req=1111
[device/event] event=decision req=1111
[device/event] event=decision req=1111
[device/event] event=decision req=1111
[device/event] event=decision req=1111
[device/event] event=decision req=1111
[device/event] event=decision req=1111
[device/event] event=decision req=1111
[device/event] event=decision req=1111
[device/event] event=decision req=1111
[device/event] event=decision req=1111
[device/event] event=decision req=1111
[device/event] event=decision req=1111
[device/event] event=decision req=1111
[device/event] event=decision req=1111
[device/event] event=decision req=1111
[device/event] event=decision req=1111
[device/event] event=decision req=1111
[device/event] event=decision req=1111
[device/event] event=decision req=1111
[device/event] event=decision req=1111
[device/event] event=decision req=1111
[device/event] event=decision req=1111
[device/event] event=decision req=1111
[device/event] event=decision req=1111
[device/event] event=decision req=1111
[device/event] event=decision req=1111
[device/event] event=decision req=1111
[device/event] event=decision req=1111
[device/event] event=decision req=1111
[device/event] event=decision req=1111
[device/event] event=decision req=1111
[device/event] event=decision req=1111
[device/event] event=decision req=1111
[device/event] event=decision req=1111
[device/event] event=decision req=1111
[device/event] event=decision req=1111
[device/event] event=decision req=1111
[device/event] event=decision req=1111
[device/event] event=decision req=1111
[device/event] event=decision req=1111
[device/event] event=decision req=1111
[device/event] event=decision req=1111
[device/event] event=decision req=1111
[device/event] event=decision req=1111
[device/event] event=decision req=1111
[device/event] event=decision req=1111
[device/event] event=decision req=1111
[device/event] event=decision req=1111
[device/event] event=decision req=1111
[device/event] event=decision req=1111
[device/event] event=run_complete req=1111
[device/event] event=reset req=1112
[device/event] event=status req=1113
[device/event] event=decision req=1114
[device/event] event=status req=1115
[device/event] event=reset req=1116
[device/event] event=clocks req=1117
[device/event] event=decision req=1118
[device/event] event=decision req=1118
[device/event] event=decision req=1118
[device/event] event=decision req=1118
[device/event] event=decision req=1118
[device/event] event=decision req=1118
[device/event] event=decision req=1118
[device/event] event=decision req=1118
[device/event] event=decision req=1118
[device/event] event=decision req=1118
[device/event] event=decision req=1118
[device/event] event=decision req=1118
[device/event] event=decision req=1118
[device/event] event=decision req=1118
[device/event] event=decision req=1118
[device/event] event=decision req=1118
[device/event] event=decision req=1118
[device/event] event=decision req=1118
[device/event] event=decision req=1118
[device/event] event=decision req=1118
[device/event] event=decision req=1118
[device/event] event=decision req=1118
[device/event] event=decision req=1118
[device/event] event=decision req=1118
[device/event] event=decision req=1118
[device/event] event=decision req=1118
[device/event] event=decision req=1118
[device/event] event=decision req=1118
[device/event] event=decision req=1118
[device/event] event=decision req=1118
[device/event] event=decision req=1118
[device/event] event=decision req=1118
[device/event] event=decision req=1118
[device/event] event=decision req=1118
[device/event] event=decision req=1118
[device/event] event=decision req=1118
[device/event] event=decision req=1118
[device/event] event=decision req=1118
[device/event] event=decision req=1118
[device/event] event=decision req=1118
[device/event] event=decision req=1118
[device/event] event=decision req=1118
[device/event] event=decision req=1118
[device/event] event=decision req=1118
[device/event] event=decision req=1118
[device/event] event=decision req=1118
[device/event] event=decision req=1118
[device/event] event=decision req=1118
[device/event] event=decision req=1118
[device/event] event=decision req=1118
[device/event] event=decision req=1118
[device/event] event=decision req=1118
[device/event] event=decision req=1118
[device/event] event=decision req=1118
[device/event] event=decision req=1118
[device/event] event=decision req=1118
[device/event] event=decision req=1118
[device/event] event=decision req=1118
[device/event] event=decision req=1118
[device/event] event=decision req=1118
[device/event] event=decision req=1118
[device/event] event=decision req=1118
[device/event] event=decision req=1118
[device/event] event=decision req=1118
[device/event] event=decision req=1118
[device/event] event=decision req=1118
[device/event] event=decision req=1118
[device/event] event=decision req=1118
[device/event] event=decision req=1118
[device/event] event=decision req=1118
[device/event] event=decision req=1118
[device/event] event=decision req=1118
[device/event] event=decision req=1118
[device/event] event=decision req=1118
[device/event] event=decision req=1118
[device/event] event=decision req=1118
[device/event] event=decision req=1118
[device/event] event=decision req=1118
[device/event] event=run_complete req=1118
[device/event] event=freeze req=1119
[device/event] event=freeze req=1120
[device/event] event=reset req=1121
[device/event] event=clocks req=1122
[device/event] event=decision req=1123
[device/event] event=decision req=1123
[device/event] event=decision req=1123
[device/event] event=decision req=1123
[device/event] event=decision req=1123
[device/event] event=decision req=1123
[device/event] event=decision req=1123
[device/event] event=decision req=1123
[device/event] event=decision req=1123
[device/event] event=decision req=1123
[device/event] event=decision req=1123
[device/event] event=decision req=1123
[device/event] event=decision req=1123
[device/event] event=decision req=1123
[device/event] event=decision req=1123
[device/event] event=decision req=1123
[device/event] event=decision req=1123
[device/event] event=decision req=1123
[device/event] event=decision req=1123
[device/event] event=decision req=1123
[device/event] event=decision req=1123
[device/event] event=decision req=1123
[device/event] event=decision req=1123
[device/event] event=decision req=1123
[device/event] event=decision req=1123
[device/event] event=decision req=1123
[device/event] event=decision req=1123
[device/event] event=decision req=1123
[device/event] event=decision req=1123
[device/event] event=decision req=1123
[device/event] event=decision req=1123
[device/event] event=decision req=1123
[device/event] event=decision req=1123
[device/event] event=decision req=1123
[device/event] event=decision req=1123
[device/event] event=decision req=1123
[device/event] event=decision req=1123
[device/event] event=decision req=1123
[device/event] event=decision req=1123
[device/event] event=decision req=1123
[device/event] event=decision req=1123
[device/event] event=decision req=1123
[device/event] event=decision req=1123
[device/event] event=decision req=1123
[device/event] event=decision req=1123
[device/event] event=decision req=1123
[device/event] event=decision req=1123
[device/event] event=decision req=1123
[device/event] event=decision req=1123
[device/event] event=decision req=1123
[device/event] event=decision req=1123
[device/event] event=decision req=1123
[device/event] event=decision req=1123
[device/event] event=decision req=1123
[device/event] event=decision req=1123
[device/event] event=decision req=1123
[device/event] event=decision req=1123
[device/event] event=decision req=1123
[device/event] event=decision req=1123
[device/event] event=decision req=1123
[device/event] event=decision req=1123
[device/event] event=decision req=1123
[device/event] event=decision req=1123
[device/event] event=decision req=1123
[device/event] event=decision req=1123
[device/event] event=decision req=1123
[device/event] event=decision req=1123
[device/event] event=decision req=1123
[device/event] event=decision req=1123
[device/event] event=decision req=1123
[device/event] event=decision req=1123
[device/event] event=decision req=1123
[device/event] event=decision req=1123
[device/event] event=decision req=1123
[device/event] event=decision req=1123
[device/event] event=decision req=1123
[device/event] event=decision req=1123
[device/event] event=decision req=1123
[device/event] event=decision req=1123
[device/event] event=decision req=1123
[device/event] event=decision req=1123
[device/event] event=decision req=1123
[device/event] event=decision req=1123
[device/event] event=decision req=1123
[device/event] event=decision req=1123
[device/event] event=decision req=1123
[device/event] event=decision req=1123
[device/event] event=decision req=1123
[device/event] event=decision req=1123
[device/event] event=decision req=1123
[device/event] event=decision req=1123
[device/event] event=decision req=1123
[device/event] event=decision req=1123
[device/event] event=decision req=1123
[device/event] event=decision req=1123
[device/event] event=decision req=1123
[device/event] event=decision req=1123
[device/event] event=decision req=1123
[device/event] event=decision req=1123
[device/event] event=decision req=1123
[device/event] event=decision req=1123
[device/event] event=decision req=1123
[device/event] event=decision req=1123
[device/event] event=decision req=1123
[device/event] event=decision req=1123
[device/event] event=decision req=1123
[device/event] event=run_complete req=1123
[device/event] event=reset req=1124
[device/event] event=status req=1125
[device/event] event=decision req=1126
[device/event] event=status req=1127
[device/event] event=reset req=1128
[device/event] event=clocks req=1129
[device/event] event=decision req=1130
[device/event] event=decision req=1130
[device/event] event=decision req=1130
[device/event] event=decision req=1130
[device/event] event=decision req=1130
[device/event] event=decision req=1130
[device/event] event=decision req=1130
[device/event] event=decision req=1130
[device/event] event=decision req=1130
[device/event] event=decision req=1130
[device/event] event=decision req=1130
[device/event] event=decision req=1130
[device/event] event=decision req=1130
[device/event] event=decision req=1130
[device/event] event=decision req=1130
[device/event] event=decision req=1130
[device/event] event=decision req=1130
[device/event] event=decision req=1130
[device/event] event=decision req=1130
[device/event] event=decision req=1130
[device/event] event=decision req=1130
[device/event] event=decision req=1130
[device/event] event=decision req=1130
[device/event] event=decision req=1130
[device/event] event=decision req=1130
[device/event] event=decision req=1130
[device/event] event=decision req=1130
[device/event] event=decision req=1130
[device/event] event=decision req=1130
[device/event] event=decision req=1130
[device/event] event=decision req=1130
[device/event] event=decision req=1130
[device/event] event=decision req=1130
[device/event] event=decision req=1130
[device/event] event=decision req=1130
[device/event] event=decision req=1130
[device/event] event=decision req=1130
[device/event] event=decision req=1130
[device/event] event=decision req=1130
[device/event] event=decision req=1130
[device/event] event=decision req=1130
[device/event] event=decision req=1130
[device/event] event=decision req=1130
[device/event] event=decision req=1130
[device/event] event=decision req=1130
[device/event] event=decision req=1130
[device/event] event=decision req=1130
[device/event] event=decision req=1130
[device/event] event=decision req=1130
[device/event] event=decision req=1130
[device/event] event=decision req=1130
[device/event] event=decision req=1130
[device/event] event=decision req=1130
[device/event] event=decision req=1130
[device/event] event=decision req=1130
[device/event] event=decision req=1130
[device/event] event=decision req=1130
[device/event] event=decision req=1130
[device/event] event=decision req=1130
[device/event] event=decision req=1130
[device/event] event=decision req=1130
[device/event] event=decision req=1130
[device/event] event=decision req=1130
[device/event] event=decision req=1130
[device/event] event=decision req=1130
[device/event] event=decision req=1130
[device/event] event=decision req=1130
[device/event] event=decision req=1130
[device/event] event=decision req=1130
[device/event] event=decision req=1130
[device/event] event=decision req=1130
[device/event] event=decision req=1130
[device/event] event=decision req=1130
[device/event] event=decision req=1130
[device/event] event=decision req=1130
[device/event] event=decision req=1130
[device/event] event=decision req=1130
[device/event] event=decision req=1130
[device/event] event=decision req=1130
[device/event] event=decision req=1130
[device/event] event=decision req=1130
[device/event] event=decision req=1130
[device/event] event=decision req=1130
[device/event] event=decision req=1130
[device/event] event=decision req=1130
[device/event] event=decision req=1130
[device/event] event=decision req=1130
[device/event] event=decision req=1130
[device/event] event=decision req=1130
[device/event] event=decision req=1130
[device/event] event=decision req=1130
[device/event] event=decision req=1130
[device/event] event=decision req=1130
[device/event] event=decision req=1130
[device/event] event=decision req=1130
[device/event] event=decision req=1130
[device/event] event=decision req=1130
[device/event] event=decision req=1130
[device/event] event=decision req=1130
[device/event] event=decision req=1130
[device/event] event=decision req=1130
[device/event] event=decision req=1130
[device/event] event=decision req=1130
[device/event] event=decision req=1130
[device/event] event=decision req=1130
[device/event] event=decision req=1130
[device/event] event=run_complete req=1130
[device/event] event=freeze req=1131
[device/event] event=freeze req=1132
[device/event] event=reset req=1133
[device/event] event=clocks req=1134
[device/event] event=decision req=1135
[device/event] event=decision req=1135
[device/event] event=decision req=1135
[device/event] event=decision req=1135
[device/event] event=decision req=1135
[device/event] event=decision req=1135
[device/event] event=decision req=1135
[device/event] event=decision req=1135
[device/event] event=decision req=1135
[device/event] event=decision req=1135
[device/event] event=decision req=1135
[device/event] event=decision req=1135
[device/event] event=decision req=1135
[device/event] event=decision req=1135
[device/event] event=decision req=1135
[device/event] event=decision req=1135
[device/event] event=decision req=1135
[device/event] event=decision req=1135
[device/event] event=decision req=1135
[device/event] event=decision req=1135
[device/event] event=decision req=1135
[device/event] event=decision req=1135
[device/event] event=decision req=1135
[device/event] event=decision req=1135
[device/event] event=decision req=1135
[device/event] event=decision req=1135
[device/event] event=decision req=1135
[device/event] event=decision req=1135
[device/event] event=decision req=1135
[device/event] event=decision req=1135
[device/event] event=decision req=1135
[device/event] event=decision req=1135
[device/event] event=decision req=1135
[device/event] event=decision req=1135
[device/event] event=decision req=1135
[device/event] event=decision req=1135
[device/event] event=decision req=1135
[device/event] event=decision req=1135
[device/event] event=decision req=1135
[device/event] event=decision req=1135
[device/event] event=decision req=1135
[device/event] event=decision req=1135
[device/event] event=decision req=1135
[device/event] event=decision req=1135
[device/event] event=decision req=1135
[device/event] event=decision req=1135
[device/event] event=decision req=1135
[device/event] event=decision req=1135
[device/event] event=decision req=1135
[device/event] event=decision req=1135
[device/event] event=decision req=1135
[device/event] event=decision req=1135
[device/event] event=decision req=1135
[device/event] event=decision req=1135
[device/event] event=decision req=1135
[device/event] event=decision req=1135
[device/event] event=decision req=1135
[device/event] event=decision req=1135
[device/event] event=decision req=1135
[device/event] event=decision req=1135
[device/event] event=decision req=1135
[device/event] event=decision req=1135
[device/event] event=decision req=1135
[device/event] event=decision req=1135
[device/event] event=decision req=1135
[device/event] event=decision req=1135
[device/event] event=decision req=1135
[device/event] event=decision req=1135
[device/event] event=decision req=1135
[device/event] event=decision req=1135
[device/event] event=decision req=1135
[device/event] event=decision req=1135
[device/event] event=decision req=1135
[device/event] event=decision req=1135
[device/event] event=decision req=1135
[device/event] event=decision req=1135
[device/event] event=decision req=1135
[device/event] event=decision req=1135
[device/event] event=decision req=1135
[device/event] event=decision req=1135
[device/event] event=decision req=1135
[device/event] event=decision req=1135
[device/event] event=decision req=1135
[device/event] event=decision req=1135
[device/event] event=decision req=1135
[device/event] event=decision req=1135
[device/event] event=decision req=1135
[device/event] event=decision req=1135
[device/event] event=decision req=1135
[device/event] event=decision req=1135
[device/event] event=decision req=1135
[device/event] event=decision req=1135
[device/event] event=decision req=1135
[device/event] event=decision req=1135
[device/event] event=decision req=1135
[device/event] event=decision req=1135
[device/event] event=decision req=1135
[device/event] event=decision req=1135
[device/event] event=run_complete req=1135
[device/event] event=reset req=1136
[device/event] event=status req=1137
[device/event] event=decision req=1138
[device/event] event=status req=1139
[device/event] event=reset req=1140
[device/event] event=clocks req=1141
[device/event] event=decision req=1142
[device/event] event=decision req=1142
[device/event] event=decision req=1142
[device/event] event=decision req=1142
[device/event] event=decision req=1142
[device/event] event=decision req=1142
[device/event] event=decision req=1142
[device/event] event=decision req=1142
[device/event] event=decision req=1142
[device/event] event=decision req=1142
[device/event] event=decision req=1142
[device/event] event=decision req=1142
[device/event] event=decision req=1142
[device/event] event=decision req=1142
[device/event] event=decision req=1142
[device/event] event=decision req=1142
[device/event] event=decision req=1142
[device/event] event=decision req=1142
[device/event] event=decision req=1142
[device/event] event=decision req=1142
[device/event] event=decision req=1142
[device/event] event=decision req=1142
[device/event] event=decision req=1142
[device/event] event=decision req=1142
[device/event] event=decision req=1142
[device/event] event=decision req=1142
[device/event] event=decision req=1142
[device/event] event=decision req=1142
[device/event] event=decision req=1142
[device/event] event=decision req=1142
[device/event] event=decision req=1142
[device/event] event=decision req=1142
[device/event] event=decision req=1142
[device/event] event=decision req=1142
[device/event] event=decision req=1142
[device/event] event=decision req=1142
[device/event] event=decision req=1142
[device/event] event=decision req=1142
[device/event] event=decision req=1142
[device/event] event=decision req=1142
[device/event] event=decision req=1142
[device/event] event=decision req=1142
[device/event] event=decision req=1142
[device/event] event=decision req=1142
[device/event] event=decision req=1142
[device/event] event=decision req=1142
[device/event] event=decision req=1142
[device/event] event=decision req=1142
[device/event] event=decision req=1142
[device/event] event=decision req=1142
[device/event] event=decision req=1142
[device/event] event=decision req=1142
[device/event] event=decision req=1142
[device/event] event=decision req=1142
[device/event] event=decision req=1142
[device/event] event=decision req=1142
[device/event] event=decision req=1142
[device/event] event=decision req=1142
[device/event] event=decision req=1142
[device/event] event=decision req=1142
[device/event] event=decision req=1142
[device/event] event=decision req=1142
[device/event] event=decision req=1142
[device/event] event=decision req=1142
[device/event] event=decision req=1142
[device/event] event=decision req=1142
[device/event] event=decision req=1142
[device/event] event=decision req=1142
[device/event] event=decision req=1142
[device/event] event=decision req=1142
[device/event] event=decision req=1142
[device/event] event=decision req=1142
[device/event] event=decision req=1142
[device/event] event=decision req=1142
[device/event] event=decision req=1142
[device/event] event=decision req=1142
[device/event] event=decision req=1142
[device/event] event=decision req=1142
[device/event] event=decision req=1142
[device/event] event=decision req=1142
[device/event] event=decision req=1142
[device/event] event=decision req=1142
[device/event] event=decision req=1142
[device/event] event=decision req=1142
[device/event] event=decision req=1142
[device/event] event=decision req=1142
[device/event] event=decision req=1142
[device/event] event=decision req=1142
[device/event] event=decision req=1142
[device/event] event=decision req=1142
[device/event] event=decision req=1142
[device/event] event=decision req=1142
[device/event] event=decision req=1142
[device/event] event=decision req=1142
[device/event] event=decision req=1142
[device/event] event=decision req=1142
[device/event] event=decision req=1142
[device/event] event=decision req=1142
[device/event] event=run_complete req=1142
[device/event] event=freeze req=1143
[device/event] event=freeze req=1144
[device/event] event=reset req=1145
[device/event] event=clocks req=1146
[device/event] event=decision req=1147
[device/event] event=decision req=1147
[device/event] event=decision req=1147
[device/event] event=decision req=1147
[device/event] event=decision req=1147
[device/event] event=decision req=1147
[device/event] event=decision req=1147
[device/event] event=decision req=1147
[device/event] event=decision req=1147
[device/event] event=decision req=1147
[device/event] event=decision req=1147
[device/event] event=decision req=1147
[device/event] event=decision req=1147
[device/event] event=decision req=1147
[device/event] event=decision req=1147
[device/event] event=decision req=1147
[device/event] event=decision req=1147
[device/event] event=decision req=1147
[device/event] event=decision req=1147
[device/event] event=decision req=1147
[device/event] event=decision req=1147
[device/event] event=decision req=1147
[device/event] event=decision req=1147
[device/event] event=decision req=1147
[device/event] event=decision req=1147
[device/event] event=decision req=1147
[device/event] event=decision req=1147
[device/event] event=decision req=1147
[device/event] event=decision req=1147
[device/event] event=decision req=1147
[device/event] event=decision req=1147
[device/event] event=decision req=1147
[device/event] event=decision req=1147
[device/event] event=decision req=1147
[device/event] event=decision req=1147
[device/event] event=decision req=1147
[device/event] event=decision req=1147
[device/event] event=decision req=1147
[device/event] event=decision req=1147
[device/event] event=decision req=1147
[device/event] event=decision req=1147
[device/event] event=decision req=1147
[device/event] event=decision req=1147
[device/event] event=decision req=1147
[device/event] event=decision req=1147
[device/event] event=decision req=1147
[device/event] event=decision req=1147
[device/event] event=decision req=1147
[device/event] event=decision req=1147
[device/event] event=decision req=1147
[device/event] event=decision req=1147
[device/event] event=decision req=1147
[device/event] event=decision req=1147
[device/event] event=decision req=1147
[device/event] event=decision req=1147
[device/event] event=decision req=1147
[device/event] event=decision req=1147
[device/event] event=decision req=1147
[device/event] event=decision req=1147
[device/event] event=decision req=1147
[device/event] event=decision req=1147
[device/event] event=decision req=1147
[device/event] event=decision req=1147
[device/event] event=decision req=1147
[device/event] event=decision req=1147
[device/event] event=decision req=1147
[device/event] event=decision req=1147
[device/event] event=decision req=1147
[device/event] event=decision req=1147
[device/event] event=decision req=1147
[device/event] event=decision req=1147
[device/event] event=decision req=1147
[device/event] event=decision req=1147
[device/event] event=decision req=1147
[device/event] event=decision req=1147
[device/event] event=decision req=1147
[device/event] event=decision req=1147
[device/event] event=decision req=1147
[device/event] event=decision req=1147
[device/event] event=decision req=1147
[device/event] event=decision req=1147
[device/event] event=decision req=1147
[device/event] event=decision req=1147
[device/event] event=decision req=1147
[device/event] event=decision req=1147
[device/event] event=decision req=1147
[device/event] event=decision req=1147
[device/event] event=decision req=1147
[device/event] event=decision req=1147
[device/event] event=decision req=1147
[device/event] event=decision req=1147
[device/event] event=decision req=1147
[device/event] event=decision req=1147
[device/event] event=decision req=1147
[device/event] event=decision req=1147
[device/event] event=decision req=1147
[device/event] event=decision req=1147
[device/event] event=decision req=1147
[device/event] event=decision req=1147
[device/event] event=decision req=1147
[device/event] event=decision req=1147
[device/event] event=decision req=1147
[device/event] event=decision req=1147
[device/event] event=decision req=1147
[device/event] event=decision req=1147
[device/event] event=decision req=1147
[device/event] event=decision req=1147
[device/event] event=decision req=1147
[device/event] event=decision req=1147
[device/event] event=decision req=1147
[device/event] event=decision req=1147
[device/event] event=decision req=1147
[device/event] event=decision req=1147
[device/event] event=decision req=1147
[device/event] event=decision req=1147
[device/event] event=decision req=1147
[device/event] event=decision req=1147
[device/event] event=decision req=1147
[device/event] event=decision req=1147
[device/event] event=decision req=1147
[device/event] event=decision req=1147
[device/event] event=decision req=1147
[device/event] event=run_complete req=1147
[device/event] event=reset req=1148
[device/event] event=status req=1149
[device/event] event=decision req=1150
[device/event] event=status req=1151
[device/event] event=reset req=1152
[device/event] event=clocks req=1153
[device/event] event=decision req=1154
[device/event] event=decision req=1154
[device/event] event=decision req=1154
[device/event] event=decision req=1154
[device/event] event=decision req=1154
[device/event] event=decision req=1154
[device/event] event=decision req=1154
[device/event] event=decision req=1154
[device/event] event=decision req=1154
[device/event] event=decision req=1154
[device/event] event=decision req=1154
[device/event] event=decision req=1154
[device/event] event=decision req=1154
[device/event] event=decision req=1154
[device/event] event=decision req=1154
[device/event] event=decision req=1154
[device/event] event=decision req=1154
[device/event] event=decision req=1154
[device/event] event=decision req=1154
[device/event] event=decision req=1154
[device/event] event=decision req=1154
[device/event] event=decision req=1154
[device/event] event=decision req=1154
[device/event] event=decision req=1154
[device/event] event=decision req=1154
[device/event] event=decision req=1154
[device/event] event=decision req=1154
[device/event] event=decision req=1154
[device/event] event=decision req=1154
[device/event] event=decision req=1154
[device/event] event=decision req=1154
[device/event] event=decision req=1154
[device/event] event=decision req=1154
[device/event] event=decision req=1154
[device/event] event=decision req=1154
[device/event] event=decision req=1154
[device/event] event=decision req=1154
[device/event] event=decision req=1154
[device/event] event=decision req=1154
[device/event] event=decision req=1154
[device/event] event=decision req=1154
[device/event] event=decision req=1154
[device/event] event=decision req=1154
[device/event] event=decision req=1154
[device/event] event=decision req=1154
[device/event] event=decision req=1154
[device/event] event=decision req=1154
[device/event] event=decision req=1154
[device/event] event=decision req=1154
[device/event] event=decision req=1154
[device/event] event=decision req=1154
[device/event] event=decision req=1154
[device/event] event=decision req=1154
[device/event] event=decision req=1154
[device/event] event=decision req=1154
[device/event] event=decision req=1154
[device/event] event=decision req=1154
[device/event] event=decision req=1154
[device/event] event=decision req=1154
[device/event] event=decision req=1154
[device/event] event=decision req=1154
[device/event] event=decision req=1154
[device/event] event=decision req=1154
[device/event] event=decision req=1154
[device/event] event=decision req=1154
[device/event] event=decision req=1154
[device/event] event=decision req=1154
[device/event] event=decision req=1154
[device/event] event=decision req=1154
[device/event] event=decision req=1154
[device/event] event=decision req=1154
[device/event] event=decision req=1154
[device/event] event=decision req=1154
[device/event] event=decision req=1154
[device/event] event=decision req=1154
[device/event] event=decision req=1154
[device/event] event=decision req=1154
[device/event] event=decision req=1154
[device/event] event=decision req=1154
[device/event] event=decision req=1154
[device/event] event=decision req=1154
[device/event] event=decision req=1154
[device/event] event=decision req=1154
[device/event] event=decision req=1154
[device/event] event=decision req=1154
[device/event] event=decision req=1154
[device/event] event=decision req=1154
[device/event] event=decision req=1154
[device/event] event=decision req=1154
[device/event] event=decision req=1154
[device/event] event=decision req=1154
[device/event] event=decision req=1154
[device/event] event=decision req=1154
[device/event] event=decision req=1154
[device/event] event=decision req=1154
[device/event] event=decision req=1154
[device/event] event=decision req=1154
[device/event] event=decision req=1154
[device/event] event=decision req=1154
[device/event] event=decision req=1154
[device/event] event=decision req=1154
[device/event] event=decision req=1154
[device/event] event=decision req=1154
[device/event] event=decision req=1154
[device/event] event=decision req=1154
[device/event] event=decision req=1154
[device/event] event=decision req=1154
[device/event] event=decision req=1154
[device/event] event=decision req=1154
[device/event] event=decision req=1154
[device/event] event=decision req=1154
[device/event] event=decision req=1154
[device/event] event=decision req=1154
[device/event] event=decision req=1154
[device/event] event=decision req=1154
[device/event] event=decision req=1154
[device/event] event=decision req=1154
[device/event] event=decision req=1154
[device/event] event=decision req=1154
[device/event] event=decision req=1154
[device/event] event=decision req=1154
[device/event] event=decision req=1154
[device/event] event=run_complete req=1154
[device/event] event=freeze req=1155
[device/event] event=freeze req=1156
[device/event] event=reset req=1157
[device/event] event=clocks req=1158
[device/event] event=decision req=1159
[device/event] event=decision req=1159
[device/event] event=decision req=1159
[device/event] event=decision req=1159
[device/event] event=decision req=1159
[device/event] event=decision req=1159
[device/event] event=run_complete req=1159
[device/event] event=reset req=1160
[device/event] event=status req=1161
[device/event] event=decision req=1162
[device/event] event=status req=1163
[device/event] event=reset req=1164
[device/event] event=clocks req=1165
[device/event] event=decision req=1166
[device/event] event=decision req=1166
[device/event] event=decision req=1166
[device/event] event=decision req=1166
[device/event] event=decision req=1166
[device/event] event=decision req=1166
[device/event] event=run_complete req=1166
[device/event] event=freeze req=1167
[device/event] event=freeze req=1168
[device/event] event=reset req=1169
[device/event] event=clocks req=1170
[device/event] event=decision req=1171
[device/event] event=decision req=1171
[device/event] event=decision req=1171
[device/event] event=decision req=1171
[device/event] event=decision req=1171
[device/event] event=decision req=1171
[device/event] event=decision req=1171
[device/event] event=decision req=1171
[device/event] event=decision req=1171
[device/event] event=decision req=1171
[device/event] event=decision req=1171
[device/event] event=decision req=1171
[device/event] event=decision req=1171
[device/event] event=decision req=1171
[device/event] event=decision req=1171
[device/event] event=decision req=1171
[device/event] event=decision req=1171
[device/event] event=decision req=1171
[device/event] event=decision req=1171
[device/event] event=decision req=1171
[device/event] event=decision req=1171
[device/event] event=decision req=1171
[device/event] event=decision req=1171
[device/event] event=decision req=1171
[device/event] event=decision req=1171
[device/event] event=decision req=1171
[device/event] event=decision req=1171
[device/event] event=decision req=1171
[device/event] event=decision req=1171
[device/event] event=decision req=1171
[device/event] event=decision req=1171
[device/event] event=decision req=1171
[device/event] event=decision req=1171
[device/event] event=decision req=1171
[device/event] event=decision req=1171
[device/event] event=decision req=1171
[device/event] event=decision req=1171
[device/event] event=decision req=1171
[device/event] event=decision req=1171
[device/event] event=decision req=1171
[device/event] event=decision req=1171
[device/event] event=decision req=1171
[device/event] event=decision req=1171
[device/event] event=decision req=1171
[device/event] event=decision req=1171
[device/event] event=decision req=1171
[device/event] event=decision req=1171
[device/event] event=decision req=1171
[device/event] event=decision req=1171
[device/event] event=decision req=1171
[device/event] event=decision req=1171
[device/event] event=decision req=1171
[device/event] event=decision req=1171
[device/event] event=decision req=1171
[device/event] event=decision req=1171
[device/event] event=decision req=1171
[device/event] event=decision req=1171
[device/event] event=decision req=1171
[device/event] event=decision req=1171
[device/event] event=decision req=1171
[device/event] event=decision req=1171
[device/event] event=decision req=1171
[device/event] event=decision req=1171
[device/event] event=decision req=1171
[device/event] event=decision req=1171
[device/event] event=decision req=1171
[device/event] event=decision req=1171
[device/event] event=decision req=1171
[device/event] event=decision req=1171
[device/event] event=decision req=1171
[device/event] event=decision req=1171
[device/event] event=decision req=1171
[device/event] event=decision req=1171
[device/event] event=decision req=1171
[device/event] event=decision req=1171
[device/event] event=decision req=1171
[device/event] event=decision req=1171
[device/event] event=decision req=1171
[device/event] event=decision req=1171
[device/event] event=decision req=1171
[device/event] event=decision req=1171
[device/event] event=decision req=1171
[device/event] event=decision req=1171
[device/event] event=decision req=1171
[device/event] event=decision req=1171
[device/event] event=decision req=1171
[device/event] event=decision req=1171
[device/event] event=decision req=1171
[device/event] event=decision req=1171
[device/event] event=decision req=1171
[device/event] event=decision req=1171
[device/event] event=decision req=1171
[device/event] event=decision req=1171
[device/event] event=decision req=1171
[device/event] event=decision req=1171
[device/event] event=decision req=1171
[device/event] event=run_complete req=1171
[device/event] event=reset req=1172
[device/event] event=status req=1173
[device/event] event=decision req=1174
[device/event] event=status req=1175
[device/event] event=reset req=1176
[device/event] event=clocks req=1177
[device/event] event=decision req=1178
[device/event] event=decision req=1178
[device/event] event=decision req=1178
[device/event] event=decision req=1178
[device/event] event=decision req=1178
[device/event] event=decision req=1178
[device/event] event=decision req=1178
[device/event] event=decision req=1178
[device/event] event=decision req=1178
[device/event] event=decision req=1178
[device/event] event=decision req=1178
[device/event] event=decision req=1178
[device/event] event=decision req=1178
[device/event] event=decision req=1178
[device/event] event=decision req=1178
[device/event] event=decision req=1178
[device/event] event=decision req=1178
[device/event] event=decision req=1178
[device/event] event=decision req=1178
[device/event] event=decision req=1178
[device/event] event=decision req=1178
[device/event] event=decision req=1178
[device/event] event=decision req=1178
[device/event] event=decision req=1178
[device/event] event=decision req=1178
[device/event] event=decision req=1178
[device/event] event=decision req=1178
[device/event] event=decision req=1178
[device/event] event=decision req=1178
[device/event] event=decision req=1178
[device/event] event=decision req=1178
[device/event] event=decision req=1178
[device/event] event=decision req=1178
[device/event] event=decision req=1178
[device/event] event=decision req=1178
[device/event] event=decision req=1178
[device/event] event=decision req=1178
[device/event] event=decision req=1178
[device/event] event=decision req=1178
[device/event] event=decision req=1178
[device/event] event=decision req=1178
[device/event] event=decision req=1178
[device/event] event=decision req=1178
[device/event] event=decision req=1178
[device/event] event=decision req=1178
[device/event] event=decision req=1178
[device/event] event=decision req=1178
[device/event] event=decision req=1178
[device/event] event=decision req=1178
[device/event] event=decision req=1178
[device/event] event=decision req=1178
[device/event] event=decision req=1178
[device/event] event=decision req=1178
[device/event] event=decision req=1178
[device/event] event=decision req=1178
[device/event] event=decision req=1178
[device/event] event=decision req=1178
[device/event] event=decision req=1178
[device/event] event=decision req=1178
[device/event] event=decision req=1178
[device/event] event=decision req=1178
[device/event] event=decision req=1178
[device/event] event=decision req=1178
[device/event] event=decision req=1178
[device/event] event=decision req=1178
[device/event] event=decision req=1178
[device/event] event=decision req=1178
[device/event] event=decision req=1178
[device/event] event=decision req=1178
[device/event] event=decision req=1178
[device/event] event=decision req=1178
[device/event] event=decision req=1178
[device/event] event=decision req=1178
[device/event] event=decision req=1178
[device/event] event=decision req=1178
[device/event] event=decision req=1178
[device/event] event=decision req=1178
[device/event] event=decision req=1178
[device/event] event=decision req=1178
[device/event] event=decision req=1178
[device/event] event=decision req=1178
[device/event] event=decision req=1178
[device/event] event=decision req=1178
[device/event] event=decision req=1178
[device/event] event=decision req=1178
[device/event] event=decision req=1178
[device/event] event=decision req=1178
[device/event] event=decision req=1178
[device/event] event=decision req=1178
[device/event] event=decision req=1178
[device/event] event=decision req=1178
[device/event] event=decision req=1178
[device/event] event=decision req=1178
[device/event] event=decision req=1178
[device/event] event=decision req=1178
[device/event] event=decision req=1178
[device/event] event=run_complete req=1178
[device/event] event=freeze req=1179
[device/event] event=freeze req=1180
[device/event] event=reset req=1181
[device/event] event=clocks req=1182
[device/event] event=decision req=1183
[device/event] event=decision req=1183
[device/event] event=decision req=1183
[device/event] event=decision req=1183
[device/event] event=decision req=1183
[device/event] event=decision req=1183
[device/event] event=decision req=1183
[device/event] event=decision req=1183
[device/event] event=decision req=1183
[device/event] event=decision req=1183
[device/event] event=decision req=1183
[device/event] event=decision req=1183
[device/event] event=decision req=1183
[device/event] event=decision req=1183
[device/event] event=decision req=1183
[device/event] event=decision req=1183
[device/event] event=decision req=1183
[device/event] event=decision req=1183
[device/event] event=decision req=1183
[device/event] event=decision req=1183
[device/event] event=decision req=1183
[device/event] event=decision req=1183
[device/event] event=decision req=1183
[device/event] event=decision req=1183
[device/event] event=decision req=1183
[device/event] event=decision req=1183
[device/event] event=decision req=1183
[device/event] event=decision req=1183
[device/event] event=decision req=1183
[device/event] event=decision req=1183
[device/event] event=decision req=1183
[device/event] event=decision req=1183
[device/event] event=decision req=1183
[device/event] event=decision req=1183
[device/event] event=decision req=1183
[device/event] event=decision req=1183
[device/event] event=decision req=1183
[device/event] event=decision req=1183
[device/event] event=decision req=1183
[device/event] event=decision req=1183
[device/event] event=decision req=1183
[device/event] event=decision req=1183
[device/event] event=decision req=1183
[device/event] event=decision req=1183
[device/event] event=decision req=1183
[device/event] event=decision req=1183
[device/event] event=decision req=1183
[device/event] event=decision req=1183
[device/event] event=decision req=1183
[device/event] event=decision req=1183
[device/event] event=decision req=1183
[device/event] event=decision req=1183
[device/event] event=decision req=1183
[device/event] event=decision req=1183
[device/event] event=decision req=1183
[device/event] event=decision req=1183
[device/event] event=decision req=1183
[device/event] event=decision req=1183
[device/event] event=decision req=1183
[device/event] event=decision req=1183
[device/event] event=decision req=1183
[device/event] event=decision req=1183
[device/event] event=decision req=1183
[device/event] event=decision req=1183
[device/event] event=decision req=1183
[device/event] event=decision req=1183
[device/event] event=decision req=1183
[device/event] event=decision req=1183
[device/event] event=decision req=1183
[device/event] event=decision req=1183
[device/event] event=decision req=1183
[device/event] event=decision req=1183
[device/event] event=decision req=1183
[device/event] event=decision req=1183
[device/event] event=decision req=1183
[device/event] event=decision req=1183
[device/event] event=run_complete req=1183
[device/event] event=reset req=1184
[device/event] event=status req=1185
[device/event] event=decision req=1186
[device/event] event=status req=1187
[device/event] event=reset req=1188
[device/event] event=clocks req=1189
[device/event] event=decision req=1190
[device/event] event=decision req=1190
[device/event] event=decision req=1190
[device/event] event=decision req=1190
[device/event] event=decision req=1190
[device/event] event=decision req=1190
[device/event] event=decision req=1190
[device/event] event=decision req=1190
[device/event] event=decision req=1190
[device/event] event=decision req=1190
[device/event] event=decision req=1190
[device/event] event=decision req=1190
[device/event] event=decision req=1190
[device/event] event=decision req=1190
[device/event] event=decision req=1190
[device/event] event=decision req=1190
[device/event] event=decision req=1190
[device/event] event=decision req=1190
[device/event] event=decision req=1190
[device/event] event=decision req=1190
[device/event] event=decision req=1190
[device/event] event=decision req=1190
[device/event] event=decision req=1190
[device/event] event=decision req=1190
[device/event] event=decision req=1190
[device/event] event=decision req=1190
[device/event] event=decision req=1190
[device/event] event=decision req=1190
[device/event] event=decision req=1190
[device/event] event=decision req=1190
[device/event] event=decision req=1190
[device/event] event=decision req=1190
[device/event] event=decision req=1190
[device/event] event=decision req=1190
[device/event] event=decision req=1190
[device/event] event=decision req=1190
[device/event] event=decision req=1190
[device/event] event=decision req=1190
[device/event] event=decision req=1190
[device/event] event=decision req=1190
[device/event] event=decision req=1190
[device/event] event=decision req=1190
[device/event] event=decision req=1190
[device/event] event=decision req=1190
[device/event] event=decision req=1190
[device/event] event=decision req=1190
[device/event] event=decision req=1190
[device/event] event=decision req=1190
[device/event] event=decision req=1190
[device/event] event=decision req=1190
[device/event] event=decision req=1190
[device/event] event=decision req=1190
[device/event] event=decision req=1190
[device/event] event=decision req=1190
[device/event] event=decision req=1190
[device/event] event=decision req=1190
[device/event] event=decision req=1190
[device/event] event=decision req=1190
[device/event] event=decision req=1190
[device/event] event=decision req=1190
[device/event] event=decision req=1190
[device/event] event=decision req=1190
[device/event] event=decision req=1190
[device/event] event=decision req=1190
[device/event] event=decision req=1190
[device/event] event=decision req=1190
[device/event] event=decision req=1190
[device/event] event=decision req=1190
[device/event] event=decision req=1190
[device/event] event=decision req=1190
[device/event] event=decision req=1190
[device/event] event=decision req=1190
[device/event] event=decision req=1190
[device/event] event=decision req=1190
[device/event] event=decision req=1190
[device/event] event=decision req=1190
[device/event] event=run_complete req=1190
[device/event] event=freeze req=1191
[device/event] event=freeze req=1192
[device/event] event=reset req=1193
[device/event] event=clocks req=1194
[device/event] event=decision req=1195
[device/event] event=decision req=1195
[device/event] event=decision req=1195
[device/event] event=decision req=1195
[device/event] event=decision req=1195
[device/event] event=decision req=1195
[device/event] event=decision req=1195
[device/event] event=decision req=1195
[device/event] event=decision req=1195
[device/event] event=decision req=1195
[device/event] event=decision req=1195
[device/event] event=decision req=1195
[device/event] event=decision req=1195
[device/event] event=decision req=1195
[device/event] event=decision req=1195
[device/event] event=decision req=1195
[device/event] event=decision req=1195
[device/event] event=decision req=1195
[device/event] event=decision req=1195
[device/event] event=decision req=1195
[device/event] event=decision req=1195
[device/event] event=decision req=1195
[device/event] event=decision req=1195
[device/event] event=decision req=1195
[device/event] event=decision req=1195
[device/event] event=decision req=1195
[device/event] event=decision req=1195
[device/event] event=decision req=1195
[device/event] event=decision req=1195
[device/event] event=decision req=1195
[device/event] event=decision req=1195
[device/event] event=decision req=1195
[device/event] event=decision req=1195
[device/event] event=decision req=1195
[device/event] event=decision req=1195
[device/event] event=decision req=1195
[device/event] event=decision req=1195
[device/event] event=decision req=1195
[device/event] event=decision req=1195
[device/event] event=decision req=1195
[device/event] event=decision req=1195
[device/event] event=decision req=1195
[device/event] event=decision req=1195
[device/event] event=decision req=1195
[device/event] event=decision req=1195
[device/event] event=decision req=1195
[device/event] event=decision req=1195
[device/event] event=decision req=1195
[device/event] event=decision req=1195
[device/event] event=decision req=1195
[device/event] event=decision req=1195
[device/event] event=decision req=1195
[device/event] event=decision req=1195
[device/event] event=decision req=1195
[device/event] event=decision req=1195
[device/event] event=decision req=1195
[device/event] event=decision req=1195
[device/event] event=decision req=1195
[device/event] event=decision req=1195
[device/event] event=decision req=1195
[device/event] event=decision req=1195
[device/event] event=decision req=1195
[device/event] event=decision req=1195
[device/event] event=decision req=1195
[device/event] event=decision req=1195
[device/event] event=decision req=1195
[device/event] event=decision req=1195
[device/event] event=decision req=1195
[device/event] event=decision req=1195
[device/event] event=decision req=1195
[device/event] event=decision req=1195
[device/event] event=decision req=1195
[device/event] event=decision req=1195
[device/event] event=decision req=1195
[device/event] event=decision req=1195
[device/event] event=decision req=1195
[device/event] event=decision req=1195
[device/event] event=decision req=1195
[device/event] event=decision req=1195
[device/event] event=decision req=1195
[device/event] event=decision req=1195
[device/event] event=decision req=1195
[device/event] event=decision req=1195
[device/event] event=decision req=1195
[device/event] event=decision req=1195
[device/event] event=decision req=1195
[device/event] event=decision req=1195
[device/event] event=decision req=1195
[device/event] event=decision req=1195
[device/event] event=decision req=1195
[device/event] event=decision req=1195
[device/event] event=decision req=1195
[device/event] event=decision req=1195
[device/event] event=decision req=1195
[device/event] event=decision req=1195
[device/event] event=decision req=1195
[device/event] event=run_complete req=1195
[device/event] event=reset req=1196
[device/event] event=status req=1197
[device/event] event=decision req=1198
[device/event] event=status req=1199
[device/event] event=reset req=1200
[device/event] event=clocks req=1201
[device/event] event=decision req=1202
[device/event] event=decision req=1202
[device/event] event=decision req=1202
[device/event] event=decision req=1202
[device/event] event=decision req=1202
[device/event] event=decision req=1202
[device/event] event=decision req=1202
[device/event] event=decision req=1202
[device/event] event=decision req=1202
[device/event] event=decision req=1202
[device/event] event=decision req=1202
[device/event] event=decision req=1202
[device/event] event=decision req=1202
[device/event] event=decision req=1202
[device/event] event=decision req=1202
[device/event] event=decision req=1202
[device/event] event=decision req=1202
[device/event] event=decision req=1202
[device/event] event=decision req=1202
[device/event] event=decision req=1202
[device/event] event=decision req=1202
[device/event] event=decision req=1202
[device/event] event=decision req=1202
[device/event] event=decision req=1202
[device/event] event=decision req=1202
[device/event] event=decision req=1202
[device/event] event=decision req=1202
[device/event] event=decision req=1202
[device/event] event=decision req=1202
[device/event] event=decision req=1202
[device/event] event=decision req=1202
[device/event] event=decision req=1202
[device/event] event=decision req=1202
[device/event] event=decision req=1202
[device/event] event=decision req=1202
[device/event] event=decision req=1202
[device/event] event=decision req=1202
[device/event] event=decision req=1202
[device/event] event=decision req=1202
[device/event] event=decision req=1202
[device/event] event=decision req=1202
[device/event] event=decision req=1202
[device/event] event=decision req=1202
[device/event] event=decision req=1202
[device/event] event=decision req=1202
[device/event] event=decision req=1202
[device/event] event=decision req=1202
[device/event] event=decision req=1202
[device/event] event=decision req=1202
[device/event] event=decision req=1202
[device/event] event=decision req=1202
[device/event] event=decision req=1202
[device/event] event=decision req=1202
[device/event] event=decision req=1202
[device/event] event=decision req=1202
[device/event] event=decision req=1202
[device/event] event=decision req=1202
[device/event] event=decision req=1202
[device/event] event=decision req=1202
[device/event] event=decision req=1202
[device/event] event=decision req=1202
[device/event] event=decision req=1202
[device/event] event=decision req=1202
[device/event] event=decision req=1202
[device/event] event=decision req=1202
[device/event] event=decision req=1202
[device/event] event=decision req=1202
[device/event] event=decision req=1202
[device/event] event=decision req=1202
[device/event] event=decision req=1202
[device/event] event=decision req=1202
[device/event] event=decision req=1202
[device/event] event=decision req=1202
[device/event] event=decision req=1202
[device/event] event=decision req=1202
[device/event] event=decision req=1202
[device/event] event=decision req=1202
[device/event] event=decision req=1202
[device/event] event=decision req=1202
[device/event] event=decision req=1202
[device/event] event=decision req=1202
[device/event] event=decision req=1202
[device/event] event=decision req=1202
[device/event] event=decision req=1202
[device/event] event=decision req=1202
[device/event] event=decision req=1202
[device/event] event=decision req=1202
[device/event] event=decision req=1202
[device/event] event=decision req=1202
[device/event] event=decision req=1202
[device/event] event=decision req=1202
[device/event] event=decision req=1202
[device/event] event=decision req=1202
[device/event] event=decision req=1202
[device/event] event=decision req=1202
[device/event] event=decision req=1202
[device/event] event=run_complete req=1202
[device/event] event=freeze req=1203
[device/event] event=freeze req=1204
[device/event] event=reset req=1205
[device/event] event=clocks req=1206
[device/event] event=decision req=1207
[device/event] event=decision req=1207
[device/event] event=decision req=1207
[device/event] event=decision req=1207
[device/event] event=decision req=1207
[device/event] event=decision req=1207
[device/event] event=decision req=1207
[device/event] event=decision req=1207
[device/event] event=decision req=1207
[device/event] event=decision req=1207
[device/event] event=decision req=1207
[device/event] event=decision req=1207
[device/event] event=decision req=1207
[device/event] event=decision req=1207
[device/event] event=decision req=1207
[device/event] event=decision req=1207
[device/event] event=decision req=1207
[device/event] event=decision req=1207
[device/event] event=decision req=1207
[device/event] event=decision req=1207
[device/event] event=decision req=1207
[device/event] event=decision req=1207
[device/event] event=decision req=1207
[device/event] event=decision req=1207
[device/event] event=decision req=1207
[device/event] event=decision req=1207
[device/event] event=decision req=1207
[device/event] event=decision req=1207
[device/event] event=decision req=1207
[device/event] event=decision req=1207
[device/event] event=decision req=1207
[device/event] event=decision req=1207
[device/event] event=decision req=1207
[device/event] event=decision req=1207
[device/event] event=decision req=1207
[device/event] event=decision req=1207
[device/event] event=decision req=1207
[device/event] event=decision req=1207
[device/event] event=decision req=1207
[device/event] event=decision req=1207
[device/event] event=decision req=1207
[device/event] event=decision req=1207
[device/event] event=decision req=1207
[device/event] event=decision req=1207
[device/event] event=decision req=1207
[device/event] event=decision req=1207
[device/event] event=decision req=1207
[device/event] event=decision req=1207
[device/event] event=decision req=1207
[device/event] event=decision req=1207
[device/event] event=decision req=1207
[device/event] event=decision req=1207
[device/event] event=decision req=1207
[device/event] event=decision req=1207
[device/event] event=decision req=1207
[device/event] event=decision req=1207
[device/event] event=decision req=1207
[device/event] event=decision req=1207
[device/event] event=decision req=1207
[device/event] event=decision req=1207
[device/event] event=decision req=1207
[device/event] event=decision req=1207
[device/event] event=decision req=1207
[device/event] event=decision req=1207
[device/event] event=decision req=1207
[device/event] event=decision req=1207
[device/event] event=decision req=1207
[device/event] event=decision req=1207
[device/event] event=decision req=1207
[device/event] event=decision req=1207
[device/event] event=decision req=1207
[device/event] event=decision req=1207
[device/event] event=decision req=1207
[device/event] event=decision req=1207
[device/event] event=decision req=1207
[device/event] event=decision req=1207
[device/event] event=decision req=1207
[device/event] event=decision req=1207
[device/event] event=decision req=1207
[device/event] event=decision req=1207
[device/event] event=decision req=1207
[device/event] event=decision req=1207
[device/event] event=decision req=1207
[device/event] event=decision req=1207
[device/event] event=decision req=1207
[device/event] event=decision req=1207
[device/event] event=decision req=1207
[device/event] event=decision req=1207
[device/event] event=decision req=1207
[device/event] event=decision req=1207
[device/event] event=decision req=1207
[device/event] event=decision req=1207
[device/event] event=decision req=1207
[device/event] event=decision req=1207
[device/event] event=decision req=1207
[device/event] event=decision req=1207
[device/event] event=decision req=1207
[device/event] event=decision req=1207
[device/event] event=decision req=1207
[device/event] event=decision req=1207
[device/event] event=decision req=1207
[device/event] event=decision req=1207
[device/event] event=decision req=1207
[device/event] event=decision req=1207
[device/event] event=decision req=1207
[device/event] event=decision req=1207
[device/event] event=decision req=1207
[device/event] event=decision req=1207
[device/event] event=decision req=1207
[device/event] event=decision req=1207
[device/event] event=decision req=1207
[device/event] event=decision req=1207
[device/event] event=decision req=1207
[device/event] event=decision req=1207
[device/event] event=decision req=1207
[device/event] event=decision req=1207
[device/event] event=decision req=1207
[device/event] event=decision req=1207
[device/event] event=decision req=1207
[device/event] event=decision req=1207
[device/event] event=decision req=1207
[device/event] event=decision req=1207
[device/event] event=decision req=1207
[device/event] event=decision req=1207
[device/event] event=decision req=1207
[device/event] event=decision req=1207
[device/event] event=decision req=1207
[device/event] event=decision req=1207
[device/event] event=decision req=1207
[device/event] event=decision req=1207
[device/event] event=run_complete req=1207
[device/event] event=reset req=1208
[device/event] event=status req=1209
[device/event] event=decision req=1210
[device/event] event=status req=1211
[device/event] event=reset req=1212
[device/event] event=clocks req=1213
[device/event] event=decision req=1214
[device/event] event=decision req=1214
[device/event] event=decision req=1214
[device/event] event=decision req=1214
[device/event] event=decision req=1214
[device/event] event=decision req=1214
[device/event] event=decision req=1214
[device/event] event=decision req=1214
[device/event] event=decision req=1214
[device/event] event=decision req=1214
[device/event] event=decision req=1214
[device/event] event=decision req=1214
[device/event] event=decision req=1214
[device/event] event=decision req=1214
[device/event] event=decision req=1214
[device/event] event=decision req=1214
[device/event] event=decision req=1214
[device/event] event=decision req=1214
[device/event] event=decision req=1214
[device/event] event=decision req=1214
[device/event] event=decision req=1214
[device/event] event=decision req=1214
[device/event] event=decision req=1214
[device/event] event=decision req=1214
[device/event] event=decision req=1214
[device/event] event=decision req=1214
[device/event] event=decision req=1214
[device/event] event=decision req=1214
[device/event] event=decision req=1214
[device/event] event=decision req=1214
[device/event] event=decision req=1214
[device/event] event=decision req=1214
[device/event] event=decision req=1214
[device/event] event=decision req=1214
[device/event] event=decision req=1214
[device/event] event=decision req=1214
[device/event] event=decision req=1214
[device/event] event=decision req=1214
[device/event] event=decision req=1214
[device/event] event=decision req=1214
[device/event] event=decision req=1214
[device/event] event=decision req=1214
[device/event] event=decision req=1214
[device/event] event=decision req=1214
[device/event] event=decision req=1214
[device/event] event=decision req=1214
[device/event] event=decision req=1214
[device/event] event=decision req=1214
[device/event] event=decision req=1214
[device/event] event=decision req=1214
[device/event] event=decision req=1214
[device/event] event=decision req=1214
[device/event] event=decision req=1214
[device/event] event=decision req=1214
[device/event] event=decision req=1214
[device/event] event=decision req=1214
[device/event] event=decision req=1214
[device/event] event=decision req=1214
[device/event] event=decision req=1214
[device/event] event=decision req=1214
[device/event] event=decision req=1214
[device/event] event=decision req=1214
[device/event] event=decision req=1214
[device/event] event=decision req=1214
[device/event] event=decision req=1214
[device/event] event=decision req=1214
[device/event] event=decision req=1214
[device/event] event=decision req=1214
[device/event] event=decision req=1214
[device/event] event=decision req=1214
[device/event] event=decision req=1214
[device/event] event=decision req=1214
[device/event] event=decision req=1214
[device/event] event=decision req=1214
[device/event] event=decision req=1214
[device/event] event=decision req=1214
[device/event] event=decision req=1214
[device/event] event=decision req=1214
[device/event] event=decision req=1214
[device/event] event=decision req=1214
[device/event] event=decision req=1214
[device/event] event=decision req=1214
[device/event] event=decision req=1214
[device/event] event=decision req=1214
[device/event] event=decision req=1214
[device/event] event=decision req=1214
[device/event] event=decision req=1214
[device/event] event=decision req=1214
[device/event] event=decision req=1214
[device/event] event=decision req=1214
[device/event] event=decision req=1214
[device/event] event=decision req=1214
[device/event] event=decision req=1214
[device/event] event=decision req=1214
[device/event] event=decision req=1214
[device/event] event=decision req=1214
[device/event] event=decision req=1214
[device/event] event=decision req=1214
[device/event] event=decision req=1214
[device/event] event=decision req=1214
[device/event] event=decision req=1214
[device/event] event=decision req=1214
[device/event] event=decision req=1214
[device/event] event=decision req=1214
[device/event] event=decision req=1214
[device/event] event=decision req=1214
[device/event] event=decision req=1214
[device/event] event=decision req=1214
[device/event] event=decision req=1214
[device/event] event=decision req=1214
[device/event] event=decision req=1214
[device/event] event=decision req=1214
[device/event] event=decision req=1214
[device/event] event=decision req=1214
[device/event] event=decision req=1214
[device/event] event=decision req=1214
[device/event] event=decision req=1214
[device/event] event=decision req=1214
[device/event] event=decision req=1214
[device/event] event=decision req=1214
[device/event] event=decision req=1214
[device/event] event=decision req=1214
[device/event] event=decision req=1214
[device/event] event=decision req=1214
[device/event] event=decision req=1214
[device/event] event=decision req=1214
[device/event] event=decision req=1214
[device/event] event=decision req=1214
[device/event] event=decision req=1214
[device/event] event=decision req=1214
[device/event] event=run_complete req=1214
[device/event] event=freeze req=1215
[device/event] event=freeze req=1216
[device/event] event=reset req=1217
[device/event] event=clocks req=1218
[device/event] event=decision req=1219
[device/event] event=decision req=1219
[device/event] event=decision req=1219
[device/event] event=decision req=1219
[device/event] event=decision req=1219
[device/event] event=decision req=1219
[device/event] event=decision req=1219
[device/event] event=decision req=1219
[device/event] event=decision req=1219
[device/event] event=decision req=1219
[device/event] event=decision req=1219
[device/event] event=decision req=1219
[device/event] event=decision req=1219
[device/event] event=decision req=1219
[device/event] event=decision req=1219
[device/event] event=decision req=1219
[device/event] event=decision req=1219
[device/event] event=decision req=1219
[device/event] event=decision req=1219
[device/event] event=decision req=1219
[device/event] event=decision req=1219
[device/event] event=decision req=1219
[device/event] event=decision req=1219
[device/event] event=decision req=1219
[device/event] event=decision req=1219
[device/event] event=decision req=1219
[device/event] event=decision req=1219
[device/event] event=decision req=1219
[device/event] event=decision req=1219
[device/event] event=decision req=1219
[device/event] event=decision req=1219
[device/event] event=decision req=1219
[device/event] event=decision req=1219
[device/event] event=decision req=1219
[device/event] event=decision req=1219
[device/event] event=decision req=1219
[device/event] event=decision req=1219
[device/event] event=decision req=1219
[device/event] event=decision req=1219
[device/event] event=decision req=1219
[device/event] event=decision req=1219
[device/event] event=decision req=1219
[device/event] event=decision req=1219
[device/event] event=decision req=1219
[device/event] event=decision req=1219
[device/event] event=decision req=1219
[device/event] event=decision req=1219
[device/event] event=decision req=1219
[device/event] event=decision req=1219
[device/event] event=decision req=1219
[device/event] event=decision req=1219
[device/event] event=decision req=1219
[device/event] event=decision req=1219
[device/event] event=decision req=1219
[device/event] event=decision req=1219
[device/event] event=decision req=1219
[device/event] event=decision req=1219
[device/event] event=decision req=1219
[device/event] event=decision req=1219
[device/event] event=decision req=1219
[device/event] event=decision req=1219
[device/event] event=decision req=1219
[device/event] event=decision req=1219
[device/event] event=decision req=1219
[device/event] event=decision req=1219
[device/event] event=decision req=1219
[device/event] event=decision req=1219
[device/event] event=decision req=1219
[device/event] event=decision req=1219
[device/event] event=decision req=1219
[device/event] event=decision req=1219
[device/event] event=decision req=1219
[device/event] event=decision req=1219
[device/event] event=decision req=1219
[device/event] event=decision req=1219
[device/event] event=decision req=1219
[device/event] event=decision req=1219
[device/event] event=decision req=1219
[device/event] event=decision req=1219
[device/event] event=decision req=1219
[device/event] event=decision req=1219
[device/event] event=decision req=1219
[device/event] event=decision req=1219
[device/event] event=decision req=1219
[device/event] event=decision req=1219
[device/event] event=decision req=1219
[device/event] event=decision req=1219
[device/event] event=decision req=1219
[device/event] event=decision req=1219
[device/event] event=decision req=1219
[device/event] event=decision req=1219
[device/event] event=decision req=1219
[device/event] event=decision req=1219
[device/event] event=decision req=1219
[device/event] event=decision req=1219
[device/event] event=decision req=1219
[device/event] event=decision req=1219
[device/event] event=decision req=1219
[device/event] event=run_complete req=1219
[device/event] event=reset req=1220
[device/event] event=status req=1221
[device/event] event=decision req=1222
[device/event] event=status req=1223
[device/event] event=reset req=1224
[device/event] event=clocks req=1225
[device/event] event=decision req=1226
[device/event] event=decision req=1226
[device/event] event=decision req=1226
[device/event] event=decision req=1226
[device/event] event=decision req=1226
[device/event] event=decision req=1226
[device/event] event=decision req=1226
[device/event] event=decision req=1226
[device/event] event=decision req=1226
[device/event] event=decision req=1226
[device/event] event=decision req=1226
[device/event] event=decision req=1226
[device/event] event=decision req=1226
[device/event] event=decision req=1226
[device/event] event=decision req=1226
[device/event] event=decision req=1226
[device/event] event=decision req=1226
[device/event] event=decision req=1226
[device/event] event=decision req=1226
[device/event] event=decision req=1226
[device/event] event=decision req=1226
[device/event] event=decision req=1226
[device/event] event=decision req=1226
[device/event] event=decision req=1226
[device/event] event=decision req=1226
[device/event] event=decision req=1226
[device/event] event=decision req=1226
[device/event] event=decision req=1226
[device/event] event=decision req=1226
[device/event] event=decision req=1226
[device/event] event=decision req=1226
[device/event] event=decision req=1226
[device/event] event=decision req=1226
[device/event] event=decision req=1226
[device/event] event=decision req=1226
[device/event] event=decision req=1226
[device/event] event=decision req=1226
[device/event] event=decision req=1226
[device/event] event=decision req=1226
[device/event] event=decision req=1226
[device/event] event=decision req=1226
[device/event] event=decision req=1226
[device/event] event=decision req=1226
[device/event] event=decision req=1226
[device/event] event=decision req=1226
[device/event] event=decision req=1226
[device/event] event=decision req=1226
[device/event] event=decision req=1226
[device/event] event=decision req=1226
[device/event] event=decision req=1226
[device/event] event=decision req=1226
[device/event] event=decision req=1226
[device/event] event=decision req=1226
[device/event] event=decision req=1226
[device/event] event=decision req=1226
[device/event] event=decision req=1226
[device/event] event=decision req=1226
[device/event] event=decision req=1226
[device/event] event=decision req=1226
[device/event] event=decision req=1226
[device/event] event=decision req=1226
[device/event] event=decision req=1226
[device/event] event=decision req=1226
[device/event] event=decision req=1226
[device/event] event=decision req=1226
[device/event] event=decision req=1226
[device/event] event=decision req=1226
[device/event] event=decision req=1226
[device/event] event=decision req=1226
[device/event] event=decision req=1226
[device/event] event=decision req=1226
[device/event] event=decision req=1226
[device/event] event=decision req=1226
[device/event] event=decision req=1226
[device/event] event=decision req=1226
[device/event] event=decision req=1226
[device/event] event=decision req=1226
[device/event] event=decision req=1226
[device/event] event=decision req=1226
[device/event] event=decision req=1226
[device/event] event=decision req=1226
[device/event] event=decision req=1226
[device/event] event=decision req=1226
[device/event] event=decision req=1226
[device/event] event=decision req=1226
[device/event] event=decision req=1226
[device/event] event=decision req=1226
[device/event] event=decision req=1226
[device/event] event=decision req=1226
[device/event] event=decision req=1226
[device/event] event=decision req=1226
[device/event] event=decision req=1226
[device/event] event=decision req=1226
[device/event] event=decision req=1226
[device/event] event=decision req=1226
[device/event] event=decision req=1226
[device/event] event=decision req=1226
[device/event] event=decision req=1226
[device/event] event=run_complete req=1226
[device/event] event=freeze req=1227
[device/event] event=freeze req=1228
[device/event] event=reset req=1229
[device/event] event=clocks req=1230
[device/event] event=decision req=1231
[device/event] event=decision req=1231
[device/event] event=decision req=1231
[device/event] event=decision req=1231
[device/event] event=decision req=1231
[device/event] event=decision req=1231
[device/event] event=decision req=1231
[device/event] event=decision req=1231
[device/event] event=decision req=1231
[device/event] event=decision req=1231
[device/event] event=decision req=1231
[device/event] event=decision req=1231
[device/event] event=decision req=1231
[device/event] event=decision req=1231
[device/event] event=decision req=1231
[device/event] event=decision req=1231
[device/event] event=decision req=1231
[device/event] event=decision req=1231
[device/event] event=decision req=1231
[device/event] event=decision req=1231
[device/event] event=decision req=1231
[device/event] event=decision req=1231
[device/event] event=decision req=1231
[device/event] event=decision req=1231
[device/event] event=decision req=1231
[device/event] event=decision req=1231
[device/event] event=decision req=1231
[device/event] event=decision req=1231
[device/event] event=decision req=1231
[device/event] event=decision req=1231
[device/event] event=decision req=1231
[device/event] event=decision req=1231
[device/event] event=decision req=1231
[device/event] event=decision req=1231
[device/event] event=decision req=1231
[device/event] event=decision req=1231
[device/event] event=decision req=1231
[device/event] event=decision req=1231
[device/event] event=decision req=1231
[device/event] event=decision req=1231
[device/event] event=decision req=1231
[device/event] event=decision req=1231
[device/event] event=decision req=1231
[device/event] event=decision req=1231
[device/event] event=decision req=1231
[device/event] event=decision req=1231
[device/event] event=decision req=1231
[device/event] event=decision req=1231
[device/event] event=decision req=1231
[device/event] event=decision req=1231
[device/event] event=decision req=1231
[device/event] event=decision req=1231
[device/event] event=decision req=1231
[device/event] event=decision req=1231
[device/event] event=decision req=1231
[device/event] event=decision req=1231
[device/event] event=decision req=1231
[device/event] event=decision req=1231
[device/event] event=decision req=1231
[device/event] event=decision req=1231
[device/event] event=decision req=1231
[device/event] event=decision req=1231
[device/event] event=decision req=1231
[device/event] event=decision req=1231
[device/event] event=decision req=1231
[device/event] event=decision req=1231
[device/event] event=decision req=1231
[device/event] event=decision req=1231
[device/event] event=decision req=1231
[device/event] event=decision req=1231
[device/event] event=decision req=1231
[device/event] event=decision req=1231
[device/event] event=decision req=1231
[device/event] event=decision req=1231
[device/event] event=decision req=1231
[device/event] event=decision req=1231
[device/event] event=decision req=1231
[device/event] event=decision req=1231
[device/event] event=decision req=1231
[device/event] event=decision req=1231
[device/event] event=decision req=1231
[device/event] event=decision req=1231
[device/event] event=decision req=1231
[device/event] event=decision req=1231
[device/event] event=run_complete req=1231
[device/event] event=reset req=1232
[device/event] event=status req=1233
[device/event] event=decision req=1234
[device/event] event=status req=1235
[device/event] event=reset req=1236
[device/event] event=clocks req=1237
[device/event] event=decision req=1238
[device/event] event=decision req=1238
[device/event] event=decision req=1238
[device/event] event=decision req=1238
[device/event] event=decision req=1238
[device/event] event=decision req=1238
[device/event] event=decision req=1238
[device/event] event=decision req=1238
[device/event] event=decision req=1238
[device/event] event=decision req=1238
[device/event] event=decision req=1238
[device/event] event=decision req=1238
[device/event] event=decision req=1238
[device/event] event=decision req=1238
[device/event] event=decision req=1238
[device/event] event=decision req=1238
[device/event] event=decision req=1238
[device/event] event=decision req=1238
[device/event] event=decision req=1238
[device/event] event=decision req=1238
[device/event] event=decision req=1238
[device/event] event=decision req=1238
[device/event] event=decision req=1238
[device/event] event=decision req=1238
[device/event] event=decision req=1238
[device/event] event=decision req=1238
[device/event] event=decision req=1238
[device/event] event=decision req=1238
[device/event] event=decision req=1238
[device/event] event=decision req=1238
[device/event] event=decision req=1238
[device/event] event=decision req=1238
[device/event] event=decision req=1238
[device/event] event=decision req=1238
[device/event] event=decision req=1238
[device/event] event=decision req=1238
[device/event] event=decision req=1238
[device/event] event=decision req=1238
[device/event] event=decision req=1238
[device/event] event=decision req=1238
[device/event] event=decision req=1238
[device/event] event=decision req=1238
[device/event] event=decision req=1238
[device/event] event=decision req=1238
[device/event] event=decision req=1238
[device/event] event=decision req=1238
[device/event] event=decision req=1238
[device/event] event=decision req=1238
[device/event] event=decision req=1238
[device/event] event=decision req=1238
[device/event] event=decision req=1238
[device/event] event=decision req=1238
[device/event] event=decision req=1238
[device/event] event=decision req=1238
[device/event] event=decision req=1238
[device/event] event=decision req=1238
[device/event] event=decision req=1238
[device/event] event=decision req=1238
[device/event] event=decision req=1238
[device/event] event=decision req=1238
[device/event] event=decision req=1238
[device/event] event=decision req=1238
[device/event] event=decision req=1238
[device/event] event=decision req=1238
[device/event] event=decision req=1238
[device/event] event=decision req=1238
[device/event] event=decision req=1238
[device/event] event=decision req=1238
[device/event] event=decision req=1238
[device/event] event=decision req=1238
[device/event] event=decision req=1238
[device/event] event=decision req=1238
[device/event] event=decision req=1238
[device/event] event=decision req=1238
[device/event] event=decision req=1238
[device/event] event=decision req=1238
[device/event] event=decision req=1238
[device/event] event=decision req=1238
[device/event] event=decision req=1238
[device/event] event=decision req=1238
[device/event] event=decision req=1238
[device/event] event=decision req=1238
[device/event] event=decision req=1238
[device/event] event=decision req=1238
[device/event] event=run_complete req=1238
[device/event] event=freeze req=1239
[device/event] event=freeze req=1240
[device/event] event=reset req=1241
[device/event] event=clocks req=1242
[device/event] event=decision req=1243
[device/event] event=decision req=1243
[device/event] event=decision req=1243
[device/event] event=decision req=1243
[device/event] event=decision req=1243
[device/event] event=decision req=1243
[device/event] event=decision req=1243
[device/event] event=decision req=1243
[device/event] event=decision req=1243
[device/event] event=decision req=1243
[device/event] event=decision req=1243
[device/event] event=decision req=1243
[device/event] event=decision req=1243
[device/event] event=decision req=1243
[device/event] event=decision req=1243
[device/event] event=decision req=1243
[device/event] event=decision req=1243
[device/event] event=decision req=1243
[device/event] event=decision req=1243
[device/event] event=decision req=1243
[device/event] event=decision req=1243
[device/event] event=decision req=1243
[device/event] event=decision req=1243
[device/event] event=decision req=1243
[device/event] event=decision req=1243
[device/event] event=decision req=1243
[device/event] event=decision req=1243
[device/event] event=decision req=1243
[device/event] event=decision req=1243
[device/event] event=decision req=1243
[device/event] event=decision req=1243
[device/event] event=decision req=1243
[device/event] event=decision req=1243
[device/event] event=decision req=1243
[device/event] event=decision req=1243
[device/event] event=decision req=1243
[device/event] event=decision req=1243
[device/event] event=decision req=1243
[device/event] event=decision req=1243
[device/event] event=decision req=1243
[device/event] event=decision req=1243
[device/event] event=decision req=1243
[device/event] event=decision req=1243
[device/event] event=decision req=1243
[device/event] event=decision req=1243
[device/event] event=decision req=1243
[device/event] event=decision req=1243
[device/event] event=decision req=1243
[device/event] event=decision req=1243
[device/event] event=decision req=1243
[device/event] event=decision req=1243
[device/event] event=decision req=1243
[device/event] event=decision req=1243
[device/event] event=decision req=1243
[device/event] event=decision req=1243
[device/event] event=decision req=1243
[device/event] event=decision req=1243
[device/event] event=decision req=1243
[device/event] event=decision req=1243
[device/event] event=decision req=1243
[device/event] event=decision req=1243
[device/event] event=decision req=1243
[device/event] event=decision req=1243
[device/event] event=decision req=1243
[device/event] event=decision req=1243
[device/event] event=decision req=1243
[device/event] event=decision req=1243
[device/event] event=decision req=1243
[device/event] event=decision req=1243
[device/event] event=decision req=1243
[device/event] event=decision req=1243
[device/event] event=decision req=1243
[device/event] event=decision req=1243
[device/event] event=decision req=1243
[device/event] event=decision req=1243
[device/event] event=decision req=1243
[device/event] event=decision req=1243
[device/event] event=decision req=1243
[device/event] event=decision req=1243
[device/event] event=decision req=1243
[device/event] event=decision req=1243
[device/event] event=decision req=1243
[device/event] event=decision req=1243
[device/event] event=decision req=1243
[device/event] event=decision req=1243
[device/event] event=decision req=1243
[device/event] event=decision req=1243
[device/event] event=decision req=1243
[device/event] event=decision req=1243
[device/event] event=decision req=1243
[device/event] event=decision req=1243
[device/event] event=decision req=1243
[device/event] event=decision req=1243
[device/event] event=decision req=1243
[device/event] event=decision req=1243
[device/event] event=decision req=1243
[device/event] event=decision req=1243
[device/event] event=decision req=1243
[device/event] event=decision req=1243
[device/event] event=decision req=1243
[device/event] event=decision req=1243
[device/event] event=decision req=1243
[device/event] event=decision req=1243
[device/event] event=decision req=1243
[device/event] event=decision req=1243
[device/event] event=decision req=1243
[device/event] event=decision req=1243
[device/event] event=decision req=1243
[device/event] event=run_complete req=1243
[device/event] event=reset req=1244
[device/event] event=status req=1245
[device/event] event=decision req=1246
[device/event] event=status req=1247
[device/event] event=reset req=1248
[device/event] event=clocks req=1249
[device/event] event=decision req=1250
[device/event] event=decision req=1250
[device/event] event=decision req=1250
[device/event] event=decision req=1250
[device/event] event=decision req=1250
[device/event] event=decision req=1250
[device/event] event=decision req=1250
[device/event] event=decision req=1250
[device/event] event=decision req=1250
[device/event] event=decision req=1250
[device/event] event=decision req=1250
[device/event] event=decision req=1250
[device/event] event=decision req=1250
[device/event] event=decision req=1250
[device/event] event=decision req=1250
[device/event] event=decision req=1250
[device/event] event=decision req=1250
[device/event] event=decision req=1250
[device/event] event=decision req=1250
[device/event] event=decision req=1250
[device/event] event=decision req=1250
[device/event] event=decision req=1250
[device/event] event=decision req=1250
[device/event] event=decision req=1250
[device/event] event=decision req=1250
[device/event] event=decision req=1250
[device/event] event=decision req=1250
[device/event] event=decision req=1250
[device/event] event=decision req=1250
[device/event] event=decision req=1250
[device/event] event=decision req=1250
[device/event] event=decision req=1250
[device/event] event=decision req=1250
[device/event] event=decision req=1250
[device/event] event=decision req=1250
[device/event] event=decision req=1250
[device/event] event=decision req=1250
[device/event] event=decision req=1250
[device/event] event=decision req=1250
[device/event] event=decision req=1250
[device/event] event=decision req=1250
[device/event] event=decision req=1250
[device/event] event=decision req=1250
[device/event] event=decision req=1250
[device/event] event=decision req=1250
[device/event] event=decision req=1250
[device/event] event=decision req=1250
[device/event] event=decision req=1250
[device/event] event=decision req=1250
[device/event] event=decision req=1250
[device/event] event=decision req=1250
[device/event] event=decision req=1250
[device/event] event=decision req=1250
[device/event] event=decision req=1250
[device/event] event=decision req=1250
[device/event] event=decision req=1250
[device/event] event=decision req=1250
[device/event] event=decision req=1250
[device/event] event=decision req=1250
[device/event] event=decision req=1250
[device/event] event=decision req=1250
[device/event] event=decision req=1250
[device/event] event=decision req=1250
[device/event] event=decision req=1250
[device/event] event=decision req=1250
[device/event] event=decision req=1250
[device/event] event=decision req=1250
[device/event] event=decision req=1250
[device/event] event=decision req=1250
[device/event] event=decision req=1250
[device/event] event=decision req=1250
[device/event] event=decision req=1250
[device/event] event=decision req=1250
[device/event] event=decision req=1250
[device/event] event=decision req=1250
[device/event] event=decision req=1250
[device/event] event=decision req=1250
[device/event] event=decision req=1250
[device/event] event=decision req=1250
[device/event] event=decision req=1250
[device/event] event=decision req=1250
[device/event] event=decision req=1250
[device/event] event=decision req=1250
[device/event] event=decision req=1250
[device/event] event=decision req=1250
[device/event] event=decision req=1250
[device/event] event=decision req=1250
[device/event] event=decision req=1250
[device/event] event=decision req=1250
[device/event] event=decision req=1250
[device/event] event=decision req=1250
[device/event] event=decision req=1250
[device/event] event=decision req=1250
[device/event] event=decision req=1250
[device/event] event=decision req=1250
[device/event] event=decision req=1250
[device/event] event=decision req=1250
[device/event] event=decision req=1250
[device/event] event=decision req=1250
[device/event] event=decision req=1250
[device/event] event=decision req=1250
[device/event] event=decision req=1250
[device/event] event=decision req=1250
[device/event] event=decision req=1250
[device/event] event=decision req=1250
[device/event] event=decision req=1250
[device/event] event=decision req=1250
[device/event] event=decision req=1250
[device/event] event=run_complete req=1250
[device/event] event=freeze req=1251
[device/event] event=freeze req=1252
[device/event] event=reset req=1253
[device/event] event=clocks req=1254
[device/event] event=decision req=1255
[device/event] event=decision req=1255
[device/event] event=decision req=1255
[device/event] event=decision req=1255
[device/event] event=decision req=1255
[device/event] event=decision req=1255
[device/event] event=decision req=1255
[device/event] event=decision req=1255
[device/event] event=decision req=1255
[device/event] event=decision req=1255
[device/event] event=decision req=1255
[device/event] event=decision req=1255
[device/event] event=decision req=1255
[device/event] event=decision req=1255
[device/event] event=decision req=1255
[device/event] event=decision req=1255
[device/event] event=decision req=1255
[device/event] event=decision req=1255
[device/event] event=decision req=1255
[device/event] event=decision req=1255
[device/event] event=decision req=1255
[device/event] event=decision req=1255
[device/event] event=decision req=1255
[device/event] event=decision req=1255
[device/event] event=decision req=1255
[device/event] event=decision req=1255
[device/event] event=decision req=1255
[device/event] event=decision req=1255
[device/event] event=decision req=1255
[device/event] event=decision req=1255
[device/event] event=decision req=1255
[device/event] event=decision req=1255
[device/event] event=decision req=1255
[device/event] event=decision req=1255
[device/event] event=decision req=1255
[device/event] event=decision req=1255
[device/event] event=decision req=1255
[device/event] event=decision req=1255
[device/event] event=decision req=1255
[device/event] event=decision req=1255
[device/event] event=decision req=1255
[device/event] event=decision req=1255
[device/event] event=decision req=1255
[device/event] event=decision req=1255
[device/event] event=decision req=1255
[device/event] event=decision req=1255
[device/event] event=decision req=1255
[device/event] event=decision req=1255
[device/event] event=decision req=1255
[device/event] event=decision req=1255
[device/event] event=decision req=1255
[device/event] event=decision req=1255
[device/event] event=decision req=1255
[device/event] event=decision req=1255
[device/event] event=decision req=1255
[device/event] event=decision req=1255
[device/event] event=decision req=1255
[device/event] event=decision req=1255
[device/event] event=decision req=1255
[device/event] event=decision req=1255
[device/event] event=decision req=1255
[device/event] event=decision req=1255
[device/event] event=decision req=1255
[device/event] event=decision req=1255
[device/event] event=decision req=1255
[device/event] event=decision req=1255
[device/event] event=decision req=1255
[device/event] event=decision req=1255
[device/event] event=decision req=1255
[device/event] event=decision req=1255
[device/event] event=decision req=1255
[device/event] event=decision req=1255
[device/event] event=decision req=1255
[device/event] event=decision req=1255
[device/event] event=decision req=1255
[device/event] event=decision req=1255
[device/event] event=run_complete req=1255
[device/event] event=reset req=1256
[device/event] event=status req=1257
[device/event] event=decision req=1258
[device/event] event=status req=1259
[device/event] event=reset req=1260
[device/event] event=clocks req=1261
[device/event] event=decision req=1262
[device/event] event=decision req=1262
[device/event] event=decision req=1262
[device/event] event=decision req=1262
[device/event] event=decision req=1262
[device/event] event=decision req=1262
[device/event] event=decision req=1262
[device/event] event=decision req=1262
[device/event] event=decision req=1262
[device/event] event=decision req=1262
[device/event] event=decision req=1262
[device/event] event=decision req=1262
[device/event] event=decision req=1262
[device/event] event=decision req=1262
[device/event] event=decision req=1262
[device/event] event=decision req=1262
[device/event] event=decision req=1262
[device/event] event=decision req=1262
[device/event] event=decision req=1262
[device/event] event=decision req=1262
[device/event] event=decision req=1262
[device/event] event=decision req=1262
[device/event] event=decision req=1262
[device/event] event=decision req=1262
[device/event] event=decision req=1262
[device/event] event=decision req=1262
[device/event] event=decision req=1262
[device/event] event=decision req=1262
[device/event] event=decision req=1262
[device/event] event=decision req=1262
[device/event] event=decision req=1262
[device/event] event=decision req=1262
[device/event] event=decision req=1262
[device/event] event=decision req=1262
[device/event] event=decision req=1262
[device/event] event=decision req=1262
[device/event] event=decision req=1262
[device/event] event=decision req=1262
[device/event] event=decision req=1262
[device/event] event=decision req=1262
[device/event] event=decision req=1262
[device/event] event=decision req=1262
[device/event] event=decision req=1262
[device/event] event=decision req=1262
[device/event] event=decision req=1262
[device/event] event=decision req=1262
[device/event] event=decision req=1262
[device/event] event=decision req=1262
[device/event] event=decision req=1262
[device/event] event=decision req=1262
[device/event] event=decision req=1262
[device/event] event=decision req=1262
[device/event] event=decision req=1262
[device/event] event=decision req=1262
[device/event] event=decision req=1262
[device/event] event=decision req=1262
[device/event] event=decision req=1262
[device/event] event=decision req=1262
[device/event] event=decision req=1262
[device/event] event=decision req=1262
[device/event] event=decision req=1262
[device/event] event=decision req=1262
[device/event] event=decision req=1262
[device/event] event=decision req=1262
[device/event] event=decision req=1262
[device/event] event=decision req=1262
[device/event] event=decision req=1262
[device/event] event=decision req=1262
[device/event] event=decision req=1262
[device/event] event=decision req=1262
[device/event] event=decision req=1262
[device/event] event=decision req=1262
[device/event] event=decision req=1262
[device/event] event=decision req=1262
[device/event] event=decision req=1262
[device/event] event=decision req=1262
[device/event] event=run_complete req=1262
[device/event] event=persist req=1263
[device/event] event=stall req=1264
[device/event] event=timeout req=1265
[device/event] event=reset req=1266
[device/event] event=clocks req=1267
[device/event] event=decision req=1268
[device/event] event=decision req=1268
[device/event] event=decision req=1268
[device/event] event=decision req=1268
[device/event] event=decision req=1268
[device/event] event=decision req=1268
[device/event] event=decision req=1268
[device/event] event=decision req=1268
[device/event] event=decision req=1268
[device/event] event=decision req=1268
[device/event] event=decision req=1268
[device/event] event=decision req=1268
[device/event] event=decision req=1268
[device/event] event=decision req=1268
[device/event] event=decision req=1268
[device/event] event=decision req=1268
[device/event] event=decision req=1268
[device/event] event=decision req=1268
[device/event] event=decision req=1268
[device/event] event=decision req=1268
[device/event] event=decision req=1268
[device/event] event=decision req=1268
[device/event] event=decision req=1268
[device/event] event=decision req=1268
[device/event] event=decision req=1268
[device/event] event=decision req=1268
[device/event] event=decision req=1268
[device/event] event=decision req=1268
[device/event] event=decision req=1268
[device/event] event=decision req=1268
[device/event] event=decision req=1268
[device/event] event=decision req=1268
[device/event] event=decision req=1268
[device/event] event=decision req=1268
[device/event] event=decision req=1268
[device/event] event=decision req=1268
[device/event] event=decision req=1268
[device/event] event=decision req=1268
[device/event] event=decision req=1268
[device/event] event=decision req=1268
[device/event] event=decision req=1268
[device/event] event=decision req=1268
[device/event] event=decision req=1268
[device/event] event=decision req=1268
[device/event] event=decision req=1268
[device/event] event=decision req=1268
[device/event] event=decision req=1268
[device/event] event=decision req=1268
[device/event] event=decision req=1268
[device/event] event=decision req=1268
[device/event] event=decision req=1268
[device/event] event=decision req=1268
[device/event] event=decision req=1268
[device/event] event=decision req=1268
[device/event] event=decision req=1268
[device/event] event=decision req=1268
[device/event] event=decision req=1268
[device/event] event=decision req=1268
[device/event] event=decision req=1268
[device/event] event=decision req=1268
[device/event] event=decision req=1268
[device/event] event=decision req=1268
[device/event] event=decision req=1268
[device/event] event=decision req=1268
[device/event] event=decision req=1268
[device/event] event=decision req=1268
[device/event] event=decision req=1268
[device/event] event=decision req=1268
[device/event] event=decision req=1268
[device/event] event=decision req=1268
[device/event] event=decision req=1268
[device/event] event=decision req=1268
[device/event] event=decision req=1268
[device/event] event=decision req=1268
[device/event] event=decision req=1268
[device/event] event=decision req=1268
[device/event] event=decision req=1268
[device/event] event=decision req=1268
[device/event] event=decision req=1268
[device/event] event=decision req=1268
[device/event] event=decision req=1268
[device/event] event=decision req=1268
[device/event] event=decision req=1268
[device/event] event=decision req=1268
[device/event] event=decision req=1268
[device/event] event=decision req=1268
[device/event] event=decision req=1268
[device/event] event=decision req=1268
[device/event] event=decision req=1268
[device/event] event=decision req=1268
[device/event] event=decision req=1268
[device/event] event=decision req=1268
[device/event] event=decision req=1268
[device/event] event=decision req=1268
[device/event] event=decision req=1268
[device/event] event=decision req=1268
[device/event] event=decision req=1268
[device/event] event=decision req=1268
[device/event] event=decision req=1268
[device/event] event=decision req=1268
[device/event] event=decision req=1268
[device/event] event=decision req=1268
[device/event] event=run_complete req=1268
[device/event] event=reset req=1269
[device/event] event=stall req=1270
[device/event] event=status req=1272
[device/event] event=reset req=1273
[device/event] event=stall req=1274
[device/event] event=timeout req=1275
[device/event] event=decision req=1276
[device/event] event=reset req=1277
[device/event] event=status req=1278
[device/event] event=stall req=1279
[device/event] event=timeout req=1280
[device/event] event=error req=1281
[device/event] event=status req=1282
[device/event] event=stall req=1283
[device/event] event=timeout req=1284
[device/event] event=discarded_proposal req=1285
[device/event] event=decision req=1285
[device/event] event=reset req=1286
[device/event] event=stall req=1287
[device/event] event=timeout req=1288
[device/event] event=decision req=1289
[device/event] event=decision req=1289
[device/event] event=decision req=1289
[device/event] event=decision req=1289
[device/event] event=decision req=1289
[device/event] event=burst_complete req=1289
[device/event] event=persist req=1290
[device/event] event=reset req=1291
[device/event] event=clocks req=1292
[device/event] event=reboot_after req=1293
[device/event] event=decision req=1294
[device/event] event=decision req=1294
[device/event] event=decision req=1294
[device/event] event=decision req=1294
[device/event] event=decision req=1294
[device/event] event=decision req=1294
[device/event] event=decision req=1294
[device/event] event=decision req=1294
[device/event] event=decision req=1294
[device/event] event=decision req=1294
[device/event] event=decision req=1294
[device/event] event=decision req=1294
[device/event] event=decision req=1294
[device/event] event=decision req=1294
[device/event] event=decision req=1294
[device/event] event=decision req=1294
[device/event] event=decision req=1294
[device/event] event=decision req=1294
[device/event] event=decision req=1294
[device/event] event=decision req=1294
[device/event] event=decision req=1294
[device/event] event=decision req=1294
[device/event] event=decision req=1294
[device/event] event=decision req=1294
[device/event] event=decision req=1294
[device/event] event=rebooting req=1294
[device/event] event=status req=2
[device/event] event=decision req=3
[device/event] event=decision req=3
[device/event] event=decision req=3
[device/event] event=decision req=3
[device/event] event=decision req=3
[device/event] event=decision req=3
[device/event] event=decision req=3
[device/event] event=decision req=3
[device/event] event=decision req=3
[device/event] event=decision req=3
[device/event] event=decision req=3
[device/event] event=decision req=3
[device/event] event=decision req=3
[device/event] event=decision req=3
[device/event] event=decision req=3
[device/event] event=decision req=3
[device/event] event=decision req=3
[device/event] event=decision req=3
[device/event] event=decision req=3
[device/event] event=decision req=3
[device/event] event=decision req=3
[device/event] event=decision req=3
[device/event] event=decision req=3
[device/event] event=decision req=3
[device/event] event=decision req=3
[device/event] event=decision req=3
[device/event] event=decision req=3
[device/event] event=decision req=3
[device/event] event=decision req=3
[device/event] event=decision req=3
[device/event] event=decision req=3
[device/event] event=decision req=3
[device/event] event=decision req=3
[device/event] event=decision req=3
[device/event] event=decision req=3
[device/event] event=decision req=3
[device/event] event=decision req=3
[device/event] event=decision req=3
[device/event] event=decision req=3
[device/event] event=decision req=3
[device/event] event=decision req=3
[device/event] event=decision req=3
[device/event] event=decision req=3
[device/event] event=decision req=3
[device/event] event=decision req=3
[device/event] event=decision req=3
[device/event] event=decision req=3
[device/event] event=decision req=3
[device/event] event=decision req=3
[device/event] event=decision req=3
[device/event] event=decision req=3
[device/event] event=decision req=3
[device/event] event=decision req=3
[device/event] event=decision req=3
[device/event] event=decision req=3
[device/event] event=decision req=3
[device/event] event=decision req=3
[device/event] event=decision req=3
[device/event] event=decision req=3
[device/event] event=decision req=3
[device/event] event=decision req=3
[device/event] event=decision req=3
[device/event] event=decision req=3
[device/event] event=decision req=3
[device/event] event=decision req=3
[device/event] event=decision req=3
[device/event] event=decision req=3
[device/event] event=decision req=3
[device/event] event=decision req=3
[device/event] event=decision req=3
[device/event] event=decision req=3
[device/event] event=decision req=3
[device/event] event=decision req=3
[device/event] event=decision req=3
[device/event] event=decision req=3
[device/event] event=decision req=3
[device/event] event=decision req=3
[device/event] event=run_complete req=3
[device/event] event=persist req=4
[device/event] event=stall req=5
[device/event] event=timeout req=6
{
  "campaign_passed": true,
  "checks": {
    "campaign": true,
    "fault_matrix": true,
    "resilience": true,
    "stress": true,
    "transcript_integrity": true
  },
  "evidence_level": "physical",
  "fault_matrix_passed": true,
  "passed": true,
  "qualified": true,
  "resilience_passed": true,
  "schema_version": "uow-esp32-full-qualification-v0.4",
  "stress_passed": true,
  "transcript_audit_passed": true,
  "transcript_root": "875324e424d8cd5fca61eb0c565e60d294c08b7c1625ee325527f5b493165493"
}
